Class,Mean_Confidence,Median_Confidence,Confidence_SD
All,0.8670304416351263,0.9172271127885195,0.12718551789435106
Presence,0.8670304416351263,0.9172271127885195,0.12718551789435106
