"relevance","doc_type_ai","doc_type_pages","page_count","doi","plant_host","fungal_taxon","tissue","presence_absence","primary_guild","interaction_notes","biome","country","data_source","source_file","doc_type_ai_clean"
"Relevant","abstract","abstract","0","10.5943/mycosphere/5/2/10","nepenthes ampullaria","meyerozyma guilliermondii",NA,"present","endophytic","isolated from nepenthes spp.","tropical",NA,"abstract-csv","doi_10.5943_mycosphere_5_2_10","Abstract"
"Relevant","abstract","abstract","0","10.1016/j.pmpp.2025.102856","perennial ryegrass (lolium perenne)","arbuscular mycorrhizal fungi (claroideoglomus etunicatum)","leaf","present","symbiotic","co-colonization of amf and epichloe<spacing diaeresis> endophyte alleviates leaf spots caused by bipolaris sorokiniana",NA,NA,"abstract-csv","doi_10.1016_j.pmpp.2025.102856","Abstract"
"Relevant","abstract","abstract","0","10.2307/3807845","festucoid grasses","epichloe typhina",NA,"present","endophytic","stromata formation suppressed by grass individuals","possibly due to production of alkaloids",NA,NA,"abstract-csv; doi_10.2307_3807845","Abstract"
"Relevant","abstract","abstract","0","10.1016/j.funbio.2015.11.006","erica (familyericaceae)","taxonleohumicola sp.","roots","present","mycorrhizal (ericoid mycorrhizal)","isolated from erica roots","fynbos ecosystem",NA,"abstract-csv","doi_10.1016_j.funbio.2015.11.006","Abstract"
"Relevant","abstract","abstract","0","10.1111/efp.12487","pinus sylvestris","neocatenulostroma germanicum","needle","present",NA,"cenangium ferruginosum","coniothyriumcomplex","desmazierella acicola","neocatenulostroma germanicum",NA,"Abstract"
"Relevant","abstract","abstract","0","10.1016/j.scitotenv.2024.172590","phragmites australis","rhizophagus",NA,"present","endophytic","arbuscular mycorrhizal","found in juncus effusus and phragmites australis plants. positive correlations with cyanotoxin removal.","constructed wetlands",NA,"abstract-csv; doi_10.1016_j.scitotenv.2024.172590","Abstract"
"Relevant","abstract","abstract","0",NA,"enhalus acoroides","penicillium sp.",NA,"present","endophytic","isolated from seagrass","enhalus acoroides","collected from trang province","thailand.","marine; thailand; abstract-csv; doi_nan","Abstract"
"Relevant","abstract","abstract","0","10.1016/j.jtusci.2013.09.002","cowpea (vigna unguiculata l.)","penicillium chrysogenum","seeds","present",NA,"isolated from legume seeds collected in almadinah almunawwarah","saudi arabia","urban","saudi arabia","abstract-csv; doi_10.1016_j.jtusci.2013.09.002","Abstract"
"Relevant","abstract","abstract","0","10.15376/biores.20.1.1251-1272","liquidambar orientalis mill.","pseudopithomyces rosae","leaves and petioles","present","endophytic","pathogenic (for some species)","isolated from leaves and petioles of the plant",NA,"türkiye","abstract-csv; doi_10.15376_biores.20.1.1251-1272","Abstract"
"Relevant","abstract","abstract","0","10.1603/ec12355","festuca arundinacea schreber (tall fescue)","intercellular fungal endophyte","aboveground","belowground","present","endophytic",NA,"(not provided in text)","(not provided in text)","abstract-csv; doi_10.1603_ec12355","Abstract"
"Relevant","abstract","abstract","0","10.2217/nnm.09.77","azadirachta indica a. juss.","aspergillus clavatus","stem","present","endophytic","isolated from sterilized stem tissues",NA,NA,"abstract-csv","doi_10.2217_nnm.09.77","Abstract"
"Relevant","abstract","abstract","0","10.1016/j.funeco.2021.101137","pinus uncinata","fusarium circinatum",NA,"present","pathogenic","inoculated into the trees prior to the experiment",NA,NA,"abstract-csv","doi_10.1016_j.funeco.2021.101137","Abstract"
"Relevant","abstract","abstract","0","10.3389/fmicb.2021.771000","ligusticum chuanxiong hort","penicillium oxalicum",NA,"present","endophytic","isolated from ligusticum chuanxiong hort",NA,NA,"abstract-csv","doi_10.3389_fmicb.2021.771000","Abstract"
"Relevant","abstract","abstract","0","10.1094/pbiomes-04-19-0022-r","camassia (camas)","penicillium","root","present","endophytic","isolated from root tissue","wetland habitats of the pacific northwest","oregon","idaho","washington; abstract-csv; doi_10.1094_pbiomes-04-19-0022-r","Abstract"
"Relevant","abstract","abstract","0","10.1007/bf00222883","festuca arizonica","acremonium spp.","seed (symbiotic unit)","present","mutualistic","endophytes are mutualistic fungal symbionts of c3 grasses","anamorphs of epichloe typhina","and have become strictly seedborne","heritable components of symbiotic units.",NA,"Abstract"
"Relevant","abstract","abstract","0","10.4489/kjm.520408","calanthe discolor","phylumascomycota","root","present","mycorrhizal","isolated from roots of calanthe discolor and cephalanthera longibracteata","inoculated onto c. discolor seedlings","(not provided in text)","(not provided in text)","abstract-csv; doi_10.4489_kjm.520408","Abstract"
"Relevant","abstract","abstract","0","10.1007/s10529-013-1347-7","arachis hypogaea (peanut)","phomopsis liquidambari","soil","present","endophytic","with potential for growth promotion","isolated from soil and applied to promote peanut growth","agricultural soil","(not provided in text)","abstract-csv; doi_10.1007_s10529-013-1347-7","Abstract"
"Relevant","abstract","abstract","0","10.1111/gfs.12404","phleum pratense l.","alternaria alternata",NA,"present","endophytic","isolated from timothy grass",NA,NA,"abstract-csv","doi_10.1111_gfs.12404","Abstract"
"Relevant","abstract","abstract","0","10.4268/cjcmm20110906","rehmannia glutinosa","ceratobasidium sp.","swollen roots","present","endophytic","isolated from swollen roots","thought to be a major promoter for root growth",NA,NA,"abstract-csv; doi_10.4268_cjcmm20110906","Abstract"
"Relevant","abstract","abstract","0","10.3390/plants12030683","ferns (unspecified species)","diaporthe spp.","leaf","present","pathogenic","isolated from diseased and dead plants of ten fern or fern-like species from chiang rai in northern thailand.","tropical forest","northern thailand","thailand","abstract-csv; doi_10.3390_plants12030683","Abstract"
"Relevant","abstract","abstract","0","10.11646/phytotaxa.415.1.3","various riparian plants","tricladium angulatum","submerged leaf litter and live roots","present","endophytic","isolated from submerged leaf litter and live roots","aquatic","riparian","india (kumaun himalaya)","abstract-csv; doi_10.11646_phytotaxa.415.1.3","Abstract"
"Relevant","abstract","abstract","0","10.13343/j.cnki.wsxb.20200799","camellia sinensis (tea plant)","pseudopestalotiopsis","leaves","present","endophytic","isolated from tea leaves","diseased and healthy groups. dominate in diseased group samples.",NA,NA,"abstract-csv; doi_10.13343_j.cnki.wsxb.20200799","Abstract"
"Relevant","abstract","abstract","0",NA,"oryza sativa (rice)","fusarium verticillioides","seed","present","pathogenic","the compounds were tested against these fungal pathogens.",NA,NA,"abstract-csv","doi_nan","Abstract"
"Relevant","abstract","abstract","0","10.1094/phyto-80-1133","brachyelytrum erectum","acremonium",NA,"present","endophytic","isolated from various host grass species",NA,NA,"abstract-csv","doi_10.1094_phyto-80-1133","Abstract"
"Relevant","abstract","abstract","0","10.3923/jm.2008.520.534","chickpea","alternaria alternata","seeds","present",NA,"isolated from fabaceae seeds collected from libya using seed-plate method and dilution-plate method","agricultural","libya","abstract-csv","doi_10.3923_jm.2008.520.534","Abstract"
"Relevant","abstract","abstract","0","10.1016/j.heliyon.2021.e06399","phragmites australis","saccharomycetales",NA,"present","endophytic and rhizospheric","isolated from rhizosphere and root endosphere of p. australis growing in an amd-polluted environment.","acid mine drainage environment",NA,"abstract-csv","doi_10.1016_j.heliyon.2021.e06399","Abstract"
"Relevant","full-text","full-text","12","10.3389/fmicb.2022.843389","nicotiana tabacum l.","phoma","leaf","present","pathogenic","isolated from symptomatic leaves",NA,"china","full-text","doi_10.3389_fmicb.2022.843389","Full-Text"
"Relevant","abstract","abstract","0","10.1007/s13225-012-0167-8","populus euphratica","unspecified from the text","leaf","present","endophytic","isolated from dried leaves of populus euphratica in a continental desert area in central china","desert","china","abstract-csv","doi_10.1007_s13225-012-0167-8","Abstract"
"Relevant","abstract","abstract","0","10.1111/jam.14508","arachis hypogaea (peanut)","sclerotium rolfsii","seed","present","biocontrol agent","isolated from peanut seeds","exhibits antagonistic activity against s. rolfsii",NA,NA,"abstract-csv; doi_10.1111_jam.14508","Abstract"
"Relevant","abstract","abstract","0",NA,"dermatocarpon miniatum","scopulariopsis sp.","thallus","present","endophytic","isolated from lichen thalli","mountain","china","abstract-csv","doi_nan","Abstract"
"Relevant","abstract","abstract","0",NA,"vigna radiata (mungbean)","23 total isolated from the rhizosphere","rhizosphere","present","saprotrophic","isolated from the rhizosphere of mungbean.","sandy loam soil",NA,NA,"abstract-csv; doi_nan","Abstract"
"Relevant","full-text","full-text","13","10.1186/s12866-019-1440-8","saccharum officinarum (sugarcane)","fusarium","leaf","present","endophytic or pathogenic (not explicitly stated)","isolated from diseased leaves of sugarcane","agricultural field in golaghat district","assam","india","full-text; doi_10.1186_s12866-019-1440-8","Full-Text"
"Relevant","abstract","abstract","0","10.21475/poj.10.05.17.pne853","elaeis guineensis jacq.","dothidiomycetes sp. mtd 29","root","present","endophytic","pathogenic","inoculated in axenic condition to oil palm plantlets. chitinase activity observed in root of oil palm plantlets.",NA,NA,"abstract-csv; doi_10.21475_poj.10.05.17.pne853","Abstract"
"Relevant","full-text","full-text","14","10.3389/fpls.2016.01395","lolium perenne","epichloë fungi","root","present","endophytic","protection from herbivory via the production of alkaloids.","pasture","new zealand","full-text","doi_10.3389_fpls.2016.01395","Full-Text"
"Relevant","abstract","abstract","0","10.1071/cp21343","hordeum brevisubulatum (trin.) link","epichloe bromicola","seedlings","present","endophytic","infecting grasses with epichloe endophyte contributes to host plant salt tolerance. infection is required for peramine production in the host grass.",NA,NA,"abstract-csv","doi_10.1071_cp21343","Abstract"
"Relevant","abstract","abstract","0","10.1007/s00572-001-0146-5","gaultheria poeppiggi dc","ericoid mycorrhizas","roots","present",NA,NA,"endophytic","presence of three types of fungal symbiontsericoid mycorrhizas","dark septate fungal endophytes","and arbuscular mycorrhizas in roots.; (not provided in text); central argentina; abstract-csv; doi_10.1007_s00572-001-0146-5","Abstract"
"Relevant","abstract","abstract","0","10.1128/aem.01175-14","morelets tree frog (agalychnis moreletii)","opportunistic fungi (unspecified)","skin","present","pathogenic","proliferation of fungi after pit tagging and handling","captive environment","not-provided","abstract-csv","doi_10.1128_aem.01175-14","Abstract"
"Relevant","abstract","abstract","0","10.1177/1934578x1501000427","ceramium sp.","phaeosphaeria spartinae","marine alga","present","endophytic","isolated from marine alga","marine","(not provided in text)","abstract-csv","doi_10.1177_1934578x1501000427","Abstract"
"Relevant","full-text","full-text","10","10.26554/sti.2022.7.3.303-312","syzygium zeylanicum","phialemonium sp.","stem bark","present","endophytic","isolated from surface-sterilized stem bark",NA,"indonesia","full-text","doi_10.26554_sti.2022.7.3.303-312","Full-Text"
"Relevant","abstract","abstract","0","10.1111/j.1751-7915.2011.00253.x","heracleum sosnowskyi manden (giant hogweed)","bacillus subtilis hc8","root","present","endophytic","isolated from giant hogweed","promoted radish root growth and protected tomato plants against tomato foot and root rot.","(not provided in text)","russia","abstract-csv; doi_10.1111_j.1751-7915.2011.00253.x","Abstract"
"Relevant","abstract","abstract","0","10.13341/j.jfr.2022.1524","tamarix ramosissima","alternaria alternata","branches","leaves","present","endophytic","isolated from different organs of t. ramosissima plant",NA,NA,"abstract-csv; doi_10.13341_j.jfr.2022.1524","Abstract"
"Relevant","full-text","full-text","11","10.3389/fmicb.2024.1415329","imperata cylindrica","massilia sp.","seed","rhizosphere soil","present","endophytic","mycorrhizal","saprotrophic","isolated from surface-sterilized roots",NA,"Full-Text"
"Relevant","abstract","abstract","0","10.1002/jsfa.9385","arachis hypogaea (peanut)","phomopsis liquidambari","rhizosphere","present","endophytic","improved rhizosphere soil microenvironment","enhanced nutrient uptake and suppressed peanut disease incidence.",NA,NA,"abstract-csv; doi_10.1002_jsfa.9385","Abstract"
"Relevant","abstract","abstract","0","10.1111/j.1744-7348.1995.tb07603.x","pisum sativum (pea)","phoma medicaginis var. pinodella","seeds","present","pathogenic","detected in infected pea seeds using elisa method.","(not provided in text)","(not provided in text)","abstract-csv","doi_10.1111_j.1744-7348.1995.tb07603.x","Abstract"
"Relevant","abstract","abstract","0","10.1007/bf02182047","trifolium pratense l.","g. fasciculatum","root","present","mycorrhizal","inoculated in acid soils","root colonization studied over 4 months","relative infection by glomus tenue compared to coarse vam fungi.",NA,NA,"Abstract"
"Relevant","abstract","abstract","0","10.1016/j.phytol.2015.03.017","polysiphonia scopulorum var. villum","aspergillus nidulans en-330","culture of fungus","present","endophytic","isolated from marine red alga","marine",NA,"abstract-csv","doi_10.1016_j.phytol.2015.03.017","Abstract"
"Relevant","abstract","abstract","0","10.1016/j.funeco.2022.101181","elderberry","endophytic fungal community",NA,"present","endophytic","amplicon sequencing of endophytic fungi; pna clamping used to reduce host-plant co-amplification",NA,NA,"abstract-csv","doi_10.1016_j.funeco.2022.101181","Abstract"
"Relevant","full-text","abstract","0","10.13346/j.mycosystema.200296","cremastra appendiculata (orchidaceae)","alternaria alternata","root","present",NA,"isolated from roots","taibaishan nature reserve","central china","china","abstract-csv; doi_10.13346_j.mycosystema.200296","Full-Text"
"Relevant","abstract","abstract","0","10.1128/mra.01199-23","neolitsea pulchella","annulohypoxylon sp. fpyf3050",NA,"present","endophytic","isolated from the host plant",NA,NA,"abstract-csv","doi_10.1128_mra.01199-23","Abstract"
"Relevant","full-text","full-text","17","10.2306/scienceasia1513-1874.2025.027","rhodomyrtus tomentosa (aiton) hassk.","colletotrichum","leaf","present","endophytic","isolated from surface-sterilized leaves across southern region of thailand.","tropical coastal forests and river plains","thailand","full-text","doi_10.2306_scienceasia1513-1874.2025.027","Full-Text"
"Relevant","abstract","abstract","0","10.1007/s00572-020-00975-7","stipa krylovii","funneliformis mosseae","root","present","mycorrhizal",NA,"(not provided in text)","(not provided in text)","abstract-csv","doi_10.1007_s00572-020-00975-7","Abstract"
"Relevant","abstract","abstract","0","10.1007/s41348-019-00236-6","malus domestica (m26 rootstock)","zalerion","root","present","pathogenic or endophytic","isolated from replant-diseased root tissue","tested in vitro and greenhouse conditions",NA,NA,"abstract-csv; doi_10.1007_s41348-019-00236-6","Abstract"
"Relevant","full-text","full-text","7","10.3324/haematol.2009.020073","human (hematologic malignancies)","aspergillus sp.",NA,"present","pathogenic","documented previous invasive fungal infections may be a major obstacle to the success of hsct and may affect patients’ survival.",NA,NA,"belgium",NA,"Full-Text"
"Relevant","abstract","abstract","0",NA,"hordeum vulgare (cv. tapir)","chaetomium funicola","root","leaf","present","endophytic","isolated from roots and later from leaves without causing any symptoms.",NA,NA,"abstract-csv; doi_nan","Abstract"
"Relevant","abstract","abstract","0","10.4014/jmb.1402.02035","gossypium hirsutum","alternaria sp.","leaf","present","endophytic","isolated from leaf tissues of resistant cotton varieties",NA,NA,"abstract-csv","doi_10.4014_jmb.1402.02035","Abstract"
"Relevant","abstract","abstract","0","10.1016/j.ympev.2018.02.013","micrairoideae","claviceps","ovarial grass","present","pathogenic","specialised parasites with a close relationship with their host plants","evolution influenced by interactions with the new hosts and spread to different continents or host plant radiation.","grasses and sedges","origin in south america","abstract-csv; doi_10.1016_j.ympev.2018.02.013","Abstract"
"Relevant","abstract","abstract","0","10.1094/phyto-70-1175","rhododendron sp.","phytophthora sp. (p. root-rot)","root","present","pathogenic","causing high levels of mortality on container-grown plants",NA,NA,"abstract-csv","doi_10.1094_phyto-70-1175","Abstract"
"Relevant","abstract","abstract","0","10.3389/fpls.2022.933738","astragalus adsurgens","endophytic","root","present","endophytic",NA,"but presumed to be root as its an endophyte.","extremely arid habitat","(not provided in text)","abstract-csv; doi_10.3389_fpls.2022.933738","Abstract"
"Relevant","full-text","full-text","9","10.1590/s1516-8913201402043","winter wheat","neotyphodium","internal tissues","leaf","root","glumes","present","endophytic","isolated from internal tissues of plants",NA,"Full-Text"
"Relevant","abstract","abstract","0","10.1016/j.pmpp.2018.09.006","panax ginseng","eleven strains","root","present","pathogenic","endophytic","isolated from infected korean ginseng root rot",NA,"korea","abstract-csv; doi_10.1016_j.pmpp.2018.09.006","Abstract"
"Relevant","abstract","abstract","0","10.5530/pj.2014.4.2","mikania laevigata (asteraceae)","xylaria luteostromata","leaves","present","endophytic","isolated from leaves of m. laevigata cultivated in a floral garden located in the south region of bahia state","brazil.","floral garden","brazil","abstract-csv; doi_10.5530_pj.2014.4.2","Abstract"
"Relevant","abstract","abstract","0","10.1016/s0378-1097(03)00426-9","grevillea pteridifolia","streptomyces sp nrrl 30566","fern-leaved grevillea tree (implied leaf tissue)","present","endophytic","isolated from fern-leaved grevillea tree","northern territory of australia","australia","abstract-csv","doi_10.1016_s0378-1097(03)00426-9","Abstract"
"Relevant","abstract","abstract","0","10.1093/jxb/25.2.390","hordeum vulgare (barley)","beauveria sp. (systemic fungicide - ethirimol)","root","present","biocontrol agent","isolated as a systemic fungicide","not an endophyte or symbiont in this context.",NA,NA,"abstract-csv; doi_10.1093_jxb_25.2.390","Abstract"
"Relevant","abstract","abstract","0","10.3767/003158512x639791","eucalyptus","pseudohawaiiensis","leaves","twigs","present","endophytic and saprotrophic","commonly associated with leaf spots","also occur as saprobes and endophytes",NA,"australia; south africa; italy; abstract-csv; doi_10.3767_003158512x639791","Abstract"
"Relevant","abstract","abstract","0","10.3390/metabo14010048","angelica sinensis (oliv.) diels","sodiomyces alcalophilus","root","present","endophytic","isolated from angelica sinensis (oliv.) diels roots","(not provided in text)","(not provided in text)","abstract-csv","doi_10.3390_metabo14010048","Abstract"
"Relevant","abstract","abstract","0","10.1007/s11274-020-02954-8","fabaceae","ascochyta rabiei",NA,"present","pathogenic","causes major losses in chickpea crop",NA,NA,"abstract-csv","doi_10.1007_s11274-020-02954-8","Abstract"
"Relevant","abstract","abstract","0","10.1007/s11557-024-02009-4","anadenanthera colubrina","aureobasidium caatingaense sp. nov.",NA,NA,"present","endophytic","isolated from anadenanthera colubrina trees in a tropical dry forest (caatinga) in brazil","tropical dry forest (caatinga)","brazil","abstract-csv; doi_10.1007_s11557-024-02009-4","Abstract"
"Relevant","abstract","abstract","0","10.1111/pce.14403","terrestrial plants (general)","anaerobic microbes","rhizosphere and roots","present","pathogenic or soil denitrification (if anaerobic microbes are pathogenic)","presence favored by hypoxic conditions during flooding","terrestrial","(not provided in text)","abstract-csv","doi_10.1111_pce.14403","Abstract"
"Relevant","abstract","abstract","0","10.5943/sif/6/1/35","citrofortunella microcarpa (bunge) wijnands","nigrospora rubi","stem","leaves","present","endophytic","isolated from stem and leaves",NA,"philippines","abstract-csv; doi_10.5943_sif_6_1_35","Abstract"
"Relevant","full-text","full-text","13","10.1186/s40793-022-00423-3","multiple tree species with varying phylogenetic identities","not explicitly mentioned","leaves","present","mutualistic (contribute to host plant performance and fitness)","phyllosphere microbes","isolated from the leaf surface of various tree species","subtropical forest","china","full-text; doi_10.1186_s40793-022-00423-3","Full-Text"
"Relevant","abstract","abstract","0","10.1094/pdis-01-12-0075-re","dactylis glomerata (orchardgrass)","epichloe typhina","leaf","present","endophytic","infection is presumed to occur through leaves or stems. germination and growth of e. typhina was greatest at 25 degrees c",NA,"agricultural field",NA,"abstract-csv; doi_10.1094_pdis-01-12-0075-re","Abstract"
"Relevant","abstract","abstract","0","10.1007/s11274-024-03986-0","simmondsia chinensis (jojoba)","aphelidiomycota","soil","root","branch","fruit","present","endophytic (based on culture-independent analysis)",NA,NA,"Abstract"
"Relevant","abstract","abstract","0","10.5897/ajmr11.1596","podophyllum hexandrum","fusarium solani","root","present","endophytic","isolated from roots",NA,NA,"abstract-csv","doi_10.5897_ajmr11.1596","Abstract"
"Relevant","abstract","abstract","0",NA,"ipomoea pes-caprae","chaetomium globosum","root","present","endophytic","isolated from roots using plating on malt extract agar and damp incubation techniques.","coastal sand dunes","india","abstract-csv","doi_nan","Abstract"
"Relevant","abstract","abstract","0","10.1016/j.envexpbot.2006.10.001","lolium perenne","neotyphodium lolii","leaf","root","present","endophytic","isolated from accessions from italy","turkey","morocco and tunisia. endophyte exterminated from half of the ramets (-e).",NA,"Abstract"
"Relevant","abstract","abstract","0","10.1002/jsfa.9865","arachis hypogaea (peanut)","phomopsis liquidambari","soil residue","present","endophytic","isolated from soil containing peanut residues","exhibits biodegradation of resveratrol","agricultural field",NA,"abstract-csv; doi_10.1002_jsfa.9865","Abstract"
"Relevant","abstract","abstract","0","10.3897/mycokeys.62.47854","betulaceae","c. coryli",NA,"present","pathogenic and endophytic","isolated from tree hosts in mount dongling","china. associated with canker disease.","mountain","china","abstract-csv; doi_10.3897_mycokeys.62.47854","Abstract"
"Relevant","abstract","abstract","0","10.1094/pdis-04-23-0759-re","prunus dulcis","diaporthe neotheicola","wood","present","pathogenic","isolated from wood samples showing gum and internal discoloration in almond trees suffering from almond decline syndrome.","intensive almond plantations","andalusia region (southern spain)","spain","abstract-csv; doi_10.1094_pdis-04-23-0759-re","Abstract"
"Relevant","abstract","abstract","0","10.1071/cp23149","lolium perenne","pectinolytic fungi","soil","present","endophytic (for epichloe)","pathogenic (for certain fungal phytopathogens)","mycorrhizal",NA,"increasing mycorrhizal fungi and reducing n-fixing bacteria.","grassland; (not provided in text); abstract-csv; doi_10.1071_cp23149","Abstract"
"Relevant","abstract","abstract","0","10.1111/pce.14912","lolium spp. (ryegrass)","epichloë spp.","phyllosphere","present","endophytic","alkaloid-producing","fungus induces plant growth and produces antiherbivore alkaloids",NA,NA,"abstract-csv; doi_10.1111_pce.14912","Abstract"
"Relevant","abstract","abstract","0","10.1016/j.funbio.2012.12.005","cephalotaxus harringtonia","blast groups","foliar and stem","present","endophytic","saprotrophic","isolated from foliar and stem of c. harringtonia within its natural range in japan and outside its natural range in france.",NA,"japan","france; abstract-csv; doi_10.1016_j.funbio.2012.12.005","Abstract"
"Relevant","abstract","abstract","0","10.1139/b96-131","picea glauca","phialocephala fortinii","root","present",NA,"amensal","parasitic",NA,"formation of hartig net and a thin",NA,"Abstract"
"Relevant","abstract","abstract","0","10.1016/j.jare.2014.07.005","murraya koenigii","phoma",NA,"present","endophytic","isolated from four plants with anticancer properties. l-asparaginase production was detected by the formation of pink zones on agar.",NA,NA,"abstract-csv","doi_10.1016_j.jare.2014.07.005","Abstract"
"Relevant","full-text","abstract","0","10.7606/j.issn.1000-7601.2023.02.23","malus domestica (apple)","cladosporium","leaf","present","pathogenic","isolated from leaves of different apple varieties in an arid area. upgma analysis showed differences related to apple varieties.","arid","xinjiang","china","abstract-csv; doi_10.7606_j.issn.1000-7601.2023.02.23","Full-Text"
"Relevant","abstract","abstract","0","10.3390/jof9040421","peumus boldus","mycorrhizal fungi (unspecified)","plants as a whole","present","mycorrhizal","inoculated for restoration after fire event","chilean matorral (mediterranean-type ecosystem)","chile","abstract-csv","doi_10.3390_jof9040421","Abstract"
"Relevant","abstract","abstract","0",NA,"oak","ascomycota (38 species in 27 genera)",NA,"present",NA,"but specific fungi not identified as endophytes","pathogens",NA,"microfungi identified through microscopic examination of trees in uludag forests between 2002 and 2008.","forest; turkey; abstract-csv; doi_nan","Abstract"
"Relevant","abstract","abstract","0","10.1007/s11557-020-01636-x","triticum boeoticum","allocanariomyces tritici","seed","present","endophytic","isolated from seed of triticum boeoticum",NA,"iran","abstract-csv","doi_10.1007_s11557-020-01636-x","Abstract"
"Relevant","abstract","abstract","0","10.1080/10286020.2012.733701","aconitum transsectum","alternaria solani","root","present","endophytic","isolated from root",NA,NA,"abstract-csv","doi_10.1080_10286020.2012.733701","Abstract"
"Relevant","abstract","abstract","0","10.1016/j.pmpp.2020.101525","oryza sativa (rice)","trichoderma longibrachiatum ef5","leaf","present","antagonistic endophytic","isolated from rice leaves","agricultural field",NA,"abstract-csv","doi_10.1016_j.pmpp.2020.101525","Abstract"
"Relevant","abstract","abstract","0","10.1111/j.1469-8137.1994.tb04264.x","subterranean clover (trifolium subterraneum l.)","acaulospora spp.","root","present","mycorrhizal","natural habitatannual clover-based pastures in western australia. experiment involved false breaks during summer","followed by a growing season.","pastureland in mediterranean climate","australia","abstract-csv; doi_10.1111_j.1469-8137.1994.tb04264.x","Abstract"
"Relevant","abstract","abstract","0","10.3390/agriculture12111930","fagus sylvatica (european chestnut)","ciboria batschiana","fruit","present","pathogenic",NA,"black","gray",NA,NA,"Abstract"
"Relevant","full-text","full-text","4","10.1590/s0100-54052010000100016","pinus taeda l.","papulaspora","needles","present","endophytic","isolated from surface-sterilized needles","located at colombo","pr","brazil. altitude 920m.","temperate always humid; brazil; full-text; doi_10.1590_s0100-54052010000100016","Full-Text"
"Relevant","abstract","abstract","0","10.3390/plants11030255","triticum aestivum (wheat)","botryosphaeria sp.",NA,"present","biocontrol agent","screened and identified as antagonistic strains against fusarium pseudograminearum causing crown rot of wheat",NA,"china","abstract-csv","doi_10.3390_plants11030255","Abstract"
"Relevant","abstract","abstract","0","10.12403/j.1001-1498.20220239","eucommia ulmoides","debaryomyces","seeds","present","endophytic","promoting the growth of host plants and absorption of soil nutrients by host","degrading organic matter","isolated from eucommia ulmoides seeds",NA,NA,"Abstract"
"Relevant","full-text","full-text","12","10.3389/fmicb.2025.1554706","panax ginseng","ilyonectria","root","present","pathogenic","fusarium solani causes root rot in panax ginseng","while gibberella","nectria","ilyonectria",NA,"Full-Text"
"Relevant","abstract","abstract","0","10.1016/j.plaphy.2024.108454","glycine max (soybean)","macrophomina phaseolina","root","present","pathogenic","causing root rot disease",NA,NA,"abstract-csv","doi_10.1016_j.plaphy.2024.108454","Abstract"
"Relevant","abstract","abstract","0",NA,"t. chebula","pestalotiopsis (multiple species)","root","bark","twigs","present","endophytic","isolated from medicinally important plants","(not provided in text)","(not provided in text); abstract-csv; doi_nan","Abstract"
"Relevant","abstract","abstract","0","10.1046/j.1469-8137.1998.00256.x","woollsia pungens (cav.) f. muell.","ericoid mycorrhizal endophytes","root","present","endophytic","isolated from surface-sterilized roots","formed typical ericoid mycorrhizal structures on vaccinium macrocarpon ait.","field site in new south wales","australia","australia; abstract-csv; doi_10.1046_j.1469-8137.1998.00256.x","Abstract"
"Relevant","abstract","abstract","0","10.5846/stxb201212061754","artemisia argyi","paenibacillus polymyxa","roots","stems","leaves","present","antagonistic endophytic","isolated from various plant tissues and shown antagonistic effect against fusarium oxysporum","magnaporthe grisea","and alternaria alternate; (not provided in text); (not provided in text); abstract-csv; doi_10.5846_stxb201212061754","Abstract"
"Relevant","abstract","abstract","0","10.3390/f12121624","betula aetnensis raf.","tylospora","root","present","endophytic",NA,NA,NA,"pezizales",NA,"Abstract"
"Relevant","full-text","full-text","50","10.1007/s00253-021-11554-x","not specified","endophytic fungi","not specified","present",NA,"saprotrophic","mycorrhizal","long-term co-evolution","biotransformation abilities","not specified; not specified; full-text; doi_10.1007_s00253-021-11554-x","Full-Text"
"Relevant","abstract","abstract","0","10.1177/1934578x1000500718","ceramium sp.","phaeosphaeria spartinae","not specified","present",NA,"isolated from the marine alga ceramium sp.","marine","","abstract-csv","doi_10.1177_1934578x1000500718","Abstract"
"Relevant","abstract","abstract","0","10.1016/j.revpalbo.2011.11.009","equisetales","cashhickia acuminata nov. gen. et sp.","root","present",NA,"intracellular hyphae in the outer cortex; host responses in the form of callosities indicate the roots were alive at the time of infection.",NA,"upper pennsylvanian grand-croix cherts of france","france","abstract-csv; doi_10.1016_j.revpalbo.2011.11.009","Abstract"
"Relevant","abstract","abstract","0","10.1016/s1875-5364(12)60017-x","avicenna officialis","hypocrea lixii vb1","leaves","present",NA,"isolated from mangrove leaves","mangrove","not specified","abstract-csv","doi_10.1016_s1875-5364(12)60017-x","Abstract"
"Relevant","abstract","abstract","0","10.1007/s11557-021-01740-6","dry deciduous (dd)","nodulisporium","leaf","present",NA,"isolated from mature leaves of twenty-five woody tree species with a colonization frequency of < 5%","tropical dry thorn","dry deciduous","and montane evergreen forests","india; abstract-csv; doi_10.1007_s11557-021-01740-6","Abstract"
"Relevant","full-text","full-text","14","10.3389/fmicb.2017.01251","smilax china l.","mycosphaerella nawae zjlq129","leaves","present",NA,"isolated from healthy leaves of the medicinal plant.","zhejiang province","china","china","full-text; doi_10.3389_fmicb.2017.01251","Full-Text"
"Relevant","full-text","full-text","7","10.1371/journal.pone.0170755","citrus (phyllosticta citricarpa host)","phyllosticta citricarpa (mcalp.)","leaf","growth on solid media","present","pathogenic; isolated from citrus black spot lesions on fruits",NA,NA,"united states of america","full-text; doi_10.1371_journal.pone.0170755","Full-Text"
"Relevant","full-text","full-text","6","10.22438/jeb/38/1/ms-217","saccharum spp. hybrid (sugarcane)","cf 09","leaf and stem","present",NA,"isolated from leaf and stem on potato dextrose agar medium.","","india","full-text","doi_10.22438_jeb_38_1_ms-217","Full-Text"
"Relevant","abstract","abstract","0","10.1094/pdis-11-13-1120-pdn","malus domestica gala","botrytis cinerea pers.fr.","apple fruit","present","pathogenic","isolated from decayed apple fruit treated with penbotec in a commercial packinghouse in pennsylvania","orchard","pennsylvania","usa","abstract-csv; doi_10.1094_pdis-11-13-1120-pdn","Abstract"
"Relevant","abstract","abstract","0","","gastrochilus calceolaris (j. e. sm.) d. don","ceratobasidium sp.","root","present","mycorrhizal","isolated from roots; morphological and molecular analysis confirmed identification with rhizoctonia-like fungi.",NA,"","bangladesh","abstract-csv; doi_nan","Abstract"
"Relevant","abstract","abstract","0","10.1016/j.micron.2006.02.003","phoenix dactylifera l.","lecanicillium dimorphum","petioles","leaf tissues","present","entomopathogenic; isolated from date palm petioles and survived inside leaf tissues for at least 30 days after inoculation.",NA,"","","abstract-csv; doi_10.1016_j.micron.2006.02.003","Abstract"
"Relevant","abstract","abstract","0","10.1016/j.ecoenv.2018.06.042","triticum aestivum (winter wheat)","candida albicans","kernel","present",NA,"isolated from winter wheat kernels","","","abstract-csv","doi_10.1016_j.ecoenv.2018.06.042","Abstract"
"Relevant","abstract","abstract","0","10.1016/j.pedobi.2015.09.001","cinnamomum camphora","endophyte (species not specified","leaves","present",NA,"isolated from senesced plant material and inoculated onto leaf litter","affecting decomposition rate","fungal community","and microbial activities under field conditions.","; ; abstract-csv; doi_10.1016_j.pedobi.2015.09.001","Abstract"
"Relevant","abstract","abstract","0","10.1007/s11274-009-9981-x","elymus mollis","gliomastix murorum","roots","present",NA,"isolated from roots of elymus mollis; growth-promoting ability studied on waito-c rice and atriplex gemelinii",NA,"","","abstract-csv; doi_10.1007_s11274-009-9981-x","Abstract"
"Relevant","abstract","abstract","0","10.1016/j.simyco.2018.11.001","wide range of host plants (not specified individually)","sporocadaceae","not specified","present","unknown (due to not being specified individually)","species are associated with a wide range of host plants","not specified","not specified","abstract-csv","doi_10.1016_j.simyco.2018.11.001","Abstract"
"Relevant","abstract","abstract","0","10.1111/j.1439-0329.2010.00683.x","sonneratia hainanensis","phomopsis","roots","stems","leaves","present",NA,"isolated from various tissues of the mangrove species","mangrove forests","china (south coast); abstract-csv; doi_10.1111_j.1439-0329.2010.00683.x","Abstract"
"Relevant","abstract","abstract","0","10.1094/phyto-78-418","festuca arundinacea schreber","acremonium coenophialum","plants","present",NA,"causes physiological disorder of cattle known as fescue toxicosis","","","abstract-csv","doi_10.1094_phyto-78-418","Abstract"
"Relevant","full-text","full-text","10","10.11598/btb.2021.28.3.1339","tamarindus indica l.","aspergillus carbonarizls","leaves","fruits","present","NA; isolated from surface-sterilized roots",NA,"terrestrial plant communities","malaysia","full-text; doi_10.11598_btb.2021.28.3.1339","Full-Text"
"Relevant","abstract","abstract","0","10.1007/s00572-003-0228-7","woollsia pungens","anamorphic ericoid mycorrhizal fungal endophyte","(not specified in text)","present",NA,"isolated from two australian ericaceae hosts","(not specified in text)","australia","abstract-csv","doi_10.1007_s00572-003-0228-7","Abstract"
"Relevant","abstract","abstract","0","10.5530/pj.2011.25.15","loranthus sp.","alternaria alternata","not specified","present",NA,"isolated from different parts of loranthus sp.","not specified","not specified","abstract-csv","doi_10.5530_pj.2011.25.15","Abstract"
"Relevant","full-text","full-text","7","10.1186/s41938-021-00410-9","swertia chirata","rhodococcus","shoots","roots","present","NA; isolated from surface-sterilized shoots and roots",NA,"agricultural field","india (gossaigaon","kokrajhar and bijoynagar; jorhat); full-text; doi_10.1186_s41938-021-00410-9","Full-Text"
"Relevant","abstract","abstract","0","10.3390/ph17121678","dizygostemon riparius","aspergillus sp.","not specified","present",NA,"isolated from plant host","not specified","not specified","abstract-csv","doi_10.3390_ph17121678","Abstract"
"Relevant","abstract","abstract","0","10.1016/j.foreco.2020.118350","quercus spp.","unspecified in the abstract","stem wood","present","saprotrophic","endophytic (mycoparasiticclonostachys); isolated from stem wood of intact and snapped trees after hurricane maria in a puerto rican tropical dry forest",NA,"tropical dry forest","puerto rico","abstract-csv; doi_10.1016_j.foreco.2020.118350","Abstract"
"Relevant","abstract","abstract","0","10.5943/sif/5/1/14","xylocarpus spp.","trichoderma spp.","leaf","present",NA,"unknown (as the text does not specify their roles as symbionts or pathogens); isolated from mangrove leaf endophytes in luzon island",NA,"philippines","mangrove forest","philippines; abstract-csv; doi_10.5943_sif_5_1_14","Abstract"
"Relevant","abstract","abstract","0","10.3390/su11010198","not specified (soil-grown crop not named)","cercophora","soil","present","pathogenic","plant-beneficial; amendments led to variations in abundance for specific fungal species within the soil.",NA,"agricultural field","not specified (no location provided)","abstract-csv; doi_10.3390_su11010198","Abstract"
"Relevant","abstract","abstract","0","10.1002/ecy.2855","aristida oligantha (willd.) nees","glomus intraradices","root","present","mycorrhizal","isolated from various am fungal species in greenhouse studies. differences in plant sensitivity to different am fungal species and mycorrhizal responsiveness across 17 grassland plant species were analyzed.","grassland","north america","abstract-csv","doi_10.1002_ecy.2855","Abstract"
"Relevant","abstract","abstract","0","10.1080/03601234.2020.1721981","senna occidentalis","trichoderma spirale","not specified (likely germination assay for shoot length)","present","phytotoxic","unknown mode of interaction; evaluated as photosynthesis and plant growth inhibitors",NA,"(not provided)","(not provided)","abstract-csv; doi_10.1080_03601234.2020.1721981","Abstract"
"Relevant","abstract","abstract","0","","not specified","e33","not specified","present","unknown (endophytic or marine-derived biocontrol agents)","isolated from mixed fermentation; inhibitory activities to several plant pathogens.",NA,"mangrove","south china sea coast","not specified; abstract-csv; doi_nan","Abstract"
"Relevant","abstract","abstract","0","10.1016/j.sciaf.2025.e02550","alstonia boonei de wild","fusarium spp (14 molecular variants)","leaves","stem bark and root bark","present",NA,"isolated from leaves","stem bark and root bark using potato dextrose agar (pda)","sabouraud dextrose agar (sda) and czapek dox agar (cza)","sub-saharan africa; not specified; abstract-csv; doi_10.1016_j.sciaf.2025.e02550","Abstract"
"Relevant","abstract","abstract","0","10.4014/jmb.2106.06007","phragmites australis","gibberella intermedia","root","present",NA,"potentially plant growth-promoting; isolated from root samples. fungus lt-1-3-3 showed significant increase in plant growth and high gibberellins production.",NA,"salt marsh","korean peninsula (west coast","seocheon); abstract-csv; doi_10.4014_jmb.2106.06007","Abstract"
"Relevant","abstract","abstract","0","10.1111/ppa.12483","mulika","piriformospora indica","root","present",NA,"with potential for biocontrol agent; colonizes the roots of host plants",NA,"reduces fusarium head blight disease severity and mycotoxin don contamination","agricultural","uk; abstract-csv; doi_10.1111_ppa.12483","Abstract"
"Relevant","abstract","abstract","0","10.1007/s10658-016-0910-1","eucalyptus globulus","neofusicoccum australe","(not specified in text)","present","pathogenic","identified on diseased and healthy e. globulus trees; artificial inoculation trials showed pathogenicity.",NA,"(not specified in text)","portugal","abstract-csv; doi_10.1007_s10658-016-0910-1","Abstract"
"Relevant","abstract","abstract","0","10.1007/s11557-014-1019-6","ficus sp.","cryptococcus spp. (filobasidiales)","leaf","present",NA,"isolated from living leaves in greenhouses.","greenhouse","germany","abstract-csv","doi_10.1007_s11557-014-1019-6","Abstract"
"Relevant","abstract","abstract","0","","juniperus procera","peyronellaea eucalyptica","twigs","present",NA,"isolated from twigs of juniperus procera collected from taif region","saudi arabia.","high-altitude","saudi arabia","abstract-csv; doi_nan","Abstract"
"Relevant","abstract","abstract","0","10.1007/s11356-023-25488-6","sugar beet (beta vulgaris l.)","piriformospora indica","not specified","present",NA,"isolated and studied for exo-polygalacturonase production","not specified","not specified","abstract-csv","doi_10.1007_s11356-023-25488-6","Abstract"
"Relevant","abstract","abstract","0","10.1007/s11104-016-3147-z","gossypium hirsutum (cotton)","phialemonium inflatum","seed","present","biocontrol agent","isolated from the seed and found to have a biocontrol effect against root-knot nematodes.","not specified","not specified","abstract-csv","doi_10.1007_s11104-016-3147-z","Abstract"
"Relevant","abstract","abstract","0","10.1080/14786410902809260","gladiolus grandiflorus l.","fusarium oxysporum f.sp. gladioli (massey) snyd. hans","corm","present","pathogenic","causing corm-rot disease","(not provided in text)","(not provided in text)","abstract-csv","doi_10.1080_14786410902809260","Abstract"
"Relevant","abstract","abstract","0","10.1016/j.ijbiomac.2024.132110","cyclocarya paliurus","penicillium citrinum","","present",NA,"isolated from cyclocarya paliurus","","","abstract-csv","doi_10.1016_j.ijbiomac.2024.132110","Abstract"
"Relevant","abstract","abstract","0","10.1016/j.mycres.2008.10.005","castanea sativa","c. (phialophora) botulispora","root","needle","present","NA; isolated from roots and needles. sporulated after incubation for more than one year at 4 degrees c.",NA,"permafrost site in the jura mountains","switzerland","switzerland; abstract-csv; doi_10.1016_j.mycres.2008.10.005","Abstract"
"Relevant","abstract","abstract","0","10.19540/j.cnki.cjcmm.20190301.012","dysosma versipellis","zasmidium syzygii","in vitro roots","present",NA,"isolated as an endophytic fungal elicitor","","","abstract-csv","doi_10.19540_j.cnki.cjcmm.20190301.012","Abstract"
"Relevant","abstract","abstract","0","10.1016/j.biocontrol.2015.09.002","triticum aestivum (wheat)","penicillium sp.","not specified","present","biocontrol agents","isolated from wheat cultivars; assessed for biocontrol against pyrenophora tritici-repentis",NA,"agricultural field","argentina","abstract-csv; doi_10.1016_j.biocontrol.2015.09.002","Abstract"
"Relevant","full-text","full-text","20","10.3389/fbioe.2020.00467","cotton","not specified in the text","leaf","stem","root","present",NA,"isolated from internal tissues of plants after surface sterilization","not specified in the text","not specified in the text; full-text; doi_10.3389_fbioe.2020.00467","Full-Text"
"Relevant","full-text","full-text","10","10.3389/fbioe.2021.664705","not specified in text","endophytic fungi (species not specified)","not specified in text","present","biocatalyst","co-evolved with plants","inhabit various plant organs","not specified in text","india","full-text; doi_10.3389_fbioe.2021.664705","Full-Text"
"Relevant","abstract","abstract","0","10.1016/j.biocontrol.2022.104844","brassica napus","metarhizium anisopliae","not specified","present","entomopathogenic","investigated as biological control agents against the cabbage stem flea beetle","agricultural fields","europe","abstract-csv","doi_10.1016_j.biocontrol.2022.104844","Abstract"
"Relevant","full-text","full-text","21","10.1007/s00227-022-04166-0","posidonia oceanica (l.) delile","dark septate endophyte (dse) in the aigialaceae (pleosporales)","leaf sheaths","rhizomes","present","NA; isolated from surface-sterilized roots",NA,"marine","mediterranean","full-text; doi_10.1007_s00227-022-04166-0","Full-Text"
"Relevant","full-text","abstract","0","10.3864/j.issn.0578-1752.2021.17.016","myrica rubra (bayberry)","firmicutes","bulk soil","root surface soil","roots","twigs","leaves","present","endophytic (bacteria and fungi)","biocontrol agent (bacilli); overuse of paclobutrazol caused significant changes in bacterial and fungal communities in the bulk and root surface soil; roots; branches; and leaves.; acid red soil; not specified; abstract-csv; doi_10.3864_j.issn.0578-1752.2021.17.016","Full-Text"
"Relevant","abstract","abstract","0","10.1007/s13225-012-0153-1","4. rhododendron webbianum","34 poria cocos","stems and leaf segments","present",NA,"isolated from stems and leaf segments of five dominant plant species collected from baima snow mountain (altitude 4","000-4","300 m)","southwest china","mountainous; china; abstract-csv; doi_10.1007_s13225-012-0153-1","Abstract"
"Relevant","full-text","full-text","19","10.1371/journal.pone.0158207","boswellia sacra","penicillum citri-num","leaf","stem","present","NA; produces extracellular enzymes and auxins (indole acetic acid)",NA,"isolated from phylloplane (leaf) and caulosphere (stem) of the tree","desert woodlands of oman","oman; republic of korea; full-text; doi_10.1371_journal.pone.0158207","Full-Text"
"Relevant","abstract","abstract","0","10.1007/s13225-012-0153-1","2. picea crassifolia","32 lenzites betulina","stems and leaf segments","present",NA,"isolated from stems and leaf segments of five dominant plant species collected from baima snow mountain (altitude 4","000-4","300 m)","southwest china","mountainous; china; abstract-csv; doi_10.1007_s13225-012-0153-1","Abstract"
"Relevant","abstract","abstract","0","","hordeum vulgare (barley)","alternaria alternate","grains","present","pathogenic","isolated from cereal grains collected from markets in riyadh","saudi arabia","urban","saudi arabia","abstract-csv; doi_nan","Abstract"
"Relevant","abstract","abstract","0","","stipa sp.","rhizopus","root","present",NA,"isolated from root tissues of different types of steppes in northern china","steppes","xinjiang","gansu","inner mongolia; abstract-csv; doi_nan","Abstract"
"Relevant","abstract","abstract","0","10.3390/jof8020185","ageratina adenophora","c. analogum","leaf","present",NA,"isolated from healthy and diseased leaves of the invasive plant a. adenophora and surrounding crops in yunnan","guangxi","and guizhou provinces in china.","not specified","china; abstract-csv; doi_10.3390_jof8020185","Abstract"
"Relevant","full-text","full-text","11","10.1371/journal.pone.0047968","astragalus adsurgens pall.","namephialophora mustea","root","present",NA,"isolated from roots of astragalus adsurgens pall. seedlings growing on lead-zinc mine tailings.","mine tailing","china","full-text","doi_10.1371_journal.pone.0047968","Full-Text"
"Relevant","abstract","abstract","0","","not mentioned specifically","aspergillus flavus","not specified","present","antifungal","not specified as endophytic","pathogenic","mutualistic","saprotrophic","mycorrhizal; or unknown; plants were examined against fungi for antifungal activity using the agar disc diffusion method; not specified; india; abstract-csv; doi_nan","Abstract"
"Relevant","full-text","full-text","20","10.1371/journal.pone.0125550","dipterocarpaceae (various species)","ascomycota","root","present","root-associated","ectomycorrhizal; colonization of plant roots without causing negative effects.",NA,"dipterocarp rainforest (southeast asia)","unspecified in text","full-text; doi_10.1371_journal.pone.0125550","Full-Text"
"Relevant","abstract","abstract","0","10.3389/fpls.2019.00903","hedysarum scoparium","leptosphaeria sp.","root","present",NA,"mutualistic; isolated from other desert plants. established a positive symbiosis with the host plants under water deficit conditions.",NA,"arid desert","northwest china","abstract-csv; doi_10.3389_fpls.2019.00903","Abstract"
"Relevant","abstract","abstract","0","","cicer arietinum","glomus mosseae","root","present","mycorrhizal","inoculated simultaneously; prior inoculation with mycorrhizal fungus was most effective.","","","abstract-csv","doi_nan","Abstract"
"Relevant","full-text","full-text","32","10.1007/978-1-0716-2871-3_7","styrax camporum","candidatus burkholderia spp.","leaf","present",NA,"obligate endophytes; cannot be grown in the laboratory",NA,"not specified","not specified","full-text; doi_10.1007_978-1-0716-2871-3_7","Full-Text"
"Relevant","abstract","abstract","0","10.5943/mycosphere/4/3/16","phyllostachys sp. (bamboo)","plectosphaerella cucumerina","stem","present","unknown","isolated from apparently healthy bamboo stems in assalouyeh (bushehr province)","not specified","iran","abstract-csv","doi_10.5943_mycosphere_4_3_16","Abstract"
"Relevant","abstract","abstract","0","10.1016/j.smallrumres.2021.106463","tall fescue (lolium arundinaceum (schreb.) darbysh)","endophyte protektm","pasture","present",NA,"infection increases pasture productivity; but wild endophyte in kentucky-31 produces ergot alkaloids that can cause fescue toxicoses. endophyte protektm does not produce ergot alkaloids in sufficient quantities to limit lamb growth or suppress plasma prolactin levels. series 9 endophyte may present a risk for fescue toxicoses.",NA,"pasture","not provided","abstract-csv; doi_10.1016_j.smallrumres.2021.106463","Abstract"
"Relevant","abstract","abstract","0","","zea mays (maize)","penicillium spp.","","present","pathogenic","isolated from maize seeds","","","abstract-csv","doi_nan","Abstract"
"Relevant","abstract","abstract","0","10.3389/fmicb.2022.974526","styrax benzoin","trichoderma sp. 6407","leaves","bark","stems","present",NA,"isolated from s. sumatrana and s. benzoin trees","not specified","indonesia; abstract-csv; doi_10.3389_fmicb.2022.974526","Abstract"
"Relevant","abstract","abstract","0","10.1016/j.sajb.2025.01.006","catharanthus roseus (l.) g. don.","acrocalymma vagum","leaves","roots","stems","petals","callus","present",NA,"isolated from various organs of the periwinkle plant; (not specified in the text); (not specified in the text); abstract-csv; doi_10.1016_j.sajb.2025.01.006","Abstract"
"Relevant","full-text","full-text","12","10.15376/biores.19.2.2724-2735","pinus brutia","aureobasidium","shoot","present","endophytic or unknown","isolated from surface-sterilized shoots; organized industrial zone (oiz) and forested area (adalar)",NA,"türkiye","full-text","doi_10.15376_biores.19.2.2724-2735","Full-Text"
"Relevant","abstract","abstract","0","10.1007/s10600-022-03690-1","rhizophora spp. (mangroves)","phoma herbarum l28",NA,"present",NA,"isolated from the mangrove endophytic fungus phoma herbarum l28","mangrove","(not provided in text)","abstract-csv","doi_10.1007_s10600-022-03690-1","Abstract"
"Relevant","abstract","abstract","0","10.1007/s11557-021-01740-6","various woody tree species from tropical dry thorn (dt)","nigrospora","leaf","present",NA,"isolated from mature leaves of twenty-five woody tree species with a colonization frequency of < 5%","tropical dry thorn","dry deciduous","and montane evergreen forests","india; abstract-csv; doi_10.1007_s11557-021-01740-6","Abstract"
"Relevant","abstract","abstract","0","10.1007/bf03356555","solanum lycopersicum (tomato)","fusarium oxysporum f. sp. radicis-lycopersici","root","present","pathogenic","causing root rot","algerian sahara","algeria","abstract-csv","doi_10.1007_bf03356555","Abstract"
"Relevant","abstract","abstract","0","10.3114/sim.53.1.191","tuber (species not specified)","cylindrocarpon destructans","root","present",NA,"saprotrophic; pathogenic (potential for some taxa)",NA,"unknown (for interactions involving trichoderma)","various interpretations as potential symbionts or weak pathogens; involved in nutrient and growth factor exchanges; aid in root disease control by stimulating roots to produce defensive tannic materials","forest ecosystem; not specified; abstract-csv; doi_10.3114_sim.53.1.191","Abstract"
"Relevant","abstract","abstract","0","10.21475/poj.10.05.17.pne853","elaeis guineensis jacq.","lasiodiplodia venezuelensis mjp 28","root","present",NA,"pathogenic; inoculated in axenic condition to oil palm plantlets. chitinase activity observed in root of oil palm plantlets.",NA,"not specified","not specified","abstract-csv; doi_10.21475_poj.10.05.17.pne853","Abstract"
"Relevant","abstract","abstract","0","","tree shrew","unspecified fungus from genus 6","hair","present","endophytic or unknown","living on the surfaces of plant tissues; presumably in a mutualistic association.",NA,"not provided","not provided","abstract-csv; doi_nan","Abstract"
"Relevant","abstract","abstract","0","10.1016/j.apsoil.2015.12.007","triticum turgidum l. subsp. durum (desf.) husn.","endophytic fungal antagonists","root","present",NA,"less abundant after chickpea and after fungicide-treated chickpea than after pea or untreated chickpea.","great plains of america",NA,"abstract-csv","doi_10.1016_j.apsoil.2015.12.007","Abstract"
"Relevant","abstract","abstract","0","10.1080/00275514.2018.1492846","not specified individually)","arbuscular mycorrhizal fungi (amf)","root","present",NA,"co-colonization of amf and dark septate endophytes (dse). colonization by amf not extensive.","andean puna (arid","high-elevation plateau)","argentina","abstract-csv; doi_10.1080_00275514.2018.1492846","Abstract"
"Relevant","abstract","abstract","0","10.3390/jof7030202","theobroma cacao (cocoa)","60 genera of fungi mentioned in the text","not specified in the abstract","present",NA,"pathogenic","unknown","involved in various stages of cocoa production chain","including cultivation","harvest; fermentation; drying; and storage. some fungi help control diseases caused by pathogens but increased rain and temperatures due to climate change may favor their infections.; not specified in the abstract; not specified in the abstract; abstract-csv; doi_10.3390_jof7030202","Abstract"
"Relevant","abstract","abstract","0","10.1007/s00128-018-2496-0","glycine max (soybean)","alternaria oxytropis","seedling","present",NA,"isolated from agar media; potential limitation of toxin production in soil culture",NA,"(not provided in text)","(not provided in text)","abstract-csv; doi_10.1007_s00128-018-2496-0","Abstract"
"Relevant","full-text","full-text","32","10.3389/fcimb.2024.1475114","salvinia minima","phyllosticta capitalensis","not specified","present",NA,"isolated from selected aquatic plants","freshwater ecosystem","sri lanka","full-text","doi_10.3389_fcimb.2024.1475114","Full-Text"
"Relevant","abstract","abstract","0","10.1016/j.plaphy.2012.07.018","triticum aestivum (wheat)","glomus mosseae","root","shoot","present","NA; isolated from wheat plants under cadmium toxicity conditions",NA,"not specified","not specified","abstract-csv; doi_10.1016_j.plaphy.2012.07.018","Abstract"
"Relevant","abstract","abstract","0","10.1007/s10600-019-02762-z","unknown","phomopsis sp.","not specified","present",NA,"isolated from the fermentation products of an endophytic fungus","","","abstract-csv","doi_10.1007_s10600-019-02762-z","Abstract"
"Relevant","abstract","abstract","0","10.1080/1040841x.2016.1270895","not_specified_in_text","actinobacteria","inner tissues of host plants","present",NA,"reside in the inner tissues of host plants; capacity to produce secondary metabolites",NA,"not_specified_in_text","not_specified_in_text","abstract-csv; doi_10.1080_1040841x.2016.1270895","Abstract"
"Relevant","abstract","abstract","0","10.1007/s11104-017-3219-8","arachis hypogaea (peanut)","phomopsis liquidambari b3","root","nodule","shoot","leaf","present",NA,"isolated from peanut in a monocropping system","(not provided in text); (not provided in text); abstract-csv; doi_10.1007_s11104-017-3219-8","Abstract"
"Relevant","abstract","abstract","0","10.1080/15226514.2016.1225280","brassica napus","sphingomonas (samr12)","root","present",NA,"isolated from roots of the cadmium/zinc hyperaccumulator sedum alfredii hance and able to colonize successfully in the b. napus roots.","(not provided in text)","(not provided in text)","abstract-csv","doi_10.1080_15226514.2016.1225280","Abstract"
"Relevant","abstract","abstract","0","10.19540/j.cnki.cjcmm.20190527.101","huperzia serrata","colletotrichum (species not specified)","stem","leaf","root","present",NA,"isolated from stems and leaves; one strain belongs to basidiomycota","(not specified in text)","(not specified in text); abstract-csv; doi_10.19540_j.cnki.cjcmm.20190527.101","Abstract"
"Relevant","abstract","abstract","0","10.1016/j.ympev.2005.01.008","ten native grass species (not specified in full)","neotyphodium spp.","systemic","present","mutualistic (symbiotic endophyte)","isolated from native grass species in argentina","grasslands of argentina","argentina","abstract-csv","doi_10.1016_j.ympev.2005.01.008","Abstract"
"Relevant","abstract","abstract","0","","populus spp.","penicillium sp.","leaves(bud)","teguments","branches","present; biocontrol agent (against cytospora sp.)",NA,"isolated from populus spp.","demonstrated antifungal efficacy against cytospora sp. through mycelial growth inhibition","spore germination inhibition; and biological control potential.; (not provided in text); huhhot; inner mengolia (china); abstract-csv; doi_nan","Abstract"
"Relevant","abstract","abstract","0","","crescentia cujete l.","not specified (isolated endophytic fungi)","not specified","present",NA,"isolated from the plant","not specified","not specified","abstract-csv","doi_nan","Abstract"
"Relevant","abstract","abstract","0","10.1016/j.foreco.2020.118817","pinus massoniana",NA,"roots","present","mycorrhizal (ericoid","ectomycorrhizal)",NA,"harbored diverse root-associated fungal communities that varied with forest development","pinus massoniana forest ecosystem","subtropical china; abstract-csv; doi_10.1016_j.foreco.2020.118817","Abstract"
"Relevant","abstract","abstract","0","10.1007/s10658-013-0217-4","camellia sinensis (tea plants)","trichoderma atroviride","root","present","biocontrol agent","isolated as biocontrol agents for red root rot disease of tea plants","tropical/subtropical forest","not specified in text","abstract-csv","doi_10.1007_s10658-013-0217-4","Abstract"
"Relevant","abstract","abstract","0","10.3390/jmse9040430","suaeda japonica","cladosporium","not specified","present",NA,"unknown; isolated from emersed halophytes in river deltas and tidal flats of korean ramsar wetlands",NA,"river deltas","tidal flats","korea; abstract-csv; doi_10.3390_jmse9040430","Abstract"
"Relevant","abstract","abstract","0","10.5852/cr-palevol2025v24a6","sapotaceae jussieu","dark septate endophytes","roots","present",NA,"inhabiting roots","marine near-shore","mixed mesophytic forests","wetland (swamp or riparian) forests","shrub bogs; freshwater/marsh vegetation; poland; abstract-csv; doi_10.5852_cr-palevol2025v24a6","Abstract"
"Relevant","abstract","abstract","0","10.1007/s13225-010-0039-z","aquilaria malaccensis","lasiodiplodia (species not specified)","wounded stem","present","unknown","isolated from agarwood in damaged trees; culture morphology and microscopic characteristics plus pcr amplification of the internal transcribed spacer (its) region were used for identification.",NA,"tropical forest","west malaysia","abstract-csv; doi_10.1007_s13225-010-0039-z","Abstract"
"Relevant","abstract","abstract","0","10.1080/14786419.2023.2236279","ligularia fischeri","diaporthe biguttusis t-24","not specified","present",NA,"isolated from ligularia fischeri","","","abstract-csv","doi_10.1080_14786419.2023.2236279","Abstract"
"Relevant","abstract","abstract","0","10.13343/j.cnki.wsxb.20210656","oryza sativa (rice) ningjing 61","mortierellomycota","roots","present",NA,"isolated from rice roots under salt stress after seeds were soaked with pseudomonas alcaliphila ej2.","not specified in text","not specified in text","abstract-csv","doi_10.13343_j.cnki.wsxb.20210656","Abstract"
"Relevant","full-text","full-text","7","10.1186/s40793-015-0004-2","sugarcane (saccharum spp.)","klebsiella variicola strain dx120e","roots","present",NA,"nitrogen-fixing; isolated from roots of sugarcane grown in guangxi",NA,"china","tropical agriculture","china; full-text; doi_10.1186_s40793-015-0004-2","Full-Text"
"Relevant","abstract","abstract","0","10.1016/j.bcab.2024.103307","not specified in text","endophytic fungi (generic level)","not specified in text","present",NA,"symbiotic relationship; potential for green synthesis of metallic nanoparticles",NA,"not specified in text","not specified in text","abstract-csv; doi_10.1016_j.bcab.2024.103307","Abstract"
"Relevant","abstract","abstract","0","","overwintered leaves of trees and shrubs (not specific)","gnomonia gnomon","leaf","present","pathogenic","occurs mostly on overwintered leaves","type species of gnomonia","temperate zone of the northern hemisphere","","abstract-csv; doi_nan","Abstract"
"Relevant","abstract","abstract","0","10.1111/wre.12575","impatiens glandulifera","rolebiological control agent","root","present","mutualistic","biological control agent",NA,"am fungi and rust affect plant growth. am fungi increase infection frequency of c. acutatum. rust inoculation has no detrimental effects on mycorrhizal colonisation or c. acutatum infection","but the latter two reduce rust sporulation. all three fungal types together reduce plant size.","not specified; europe; abstract-csv; doi_10.1111_wre.12575","Abstract"
"Relevant","abstract","abstract","0","10.3390/f14050943","populus fremontii s. watson","fungal endophytes","not specified","present",NA,"dependent community of the foundation tree species","southwestern north america","north america","abstract-csv","doi_10.3390_f14050943","Abstract"
"Relevant","abstract","abstract","0","10.1016/j.ympev.2018.02.013","arundinoideae","claviceps","ovarial grass","present","pathogenic","specialised parasites with a close relationship with their host plants; evolution influenced by interactions with the new hosts and spread to different continents or host plant radiation.",NA,"grasses and sedges","origin in south america","abstract-csv; doi_10.1016_j.ympev.2018.02.013","Abstract"
"Relevant","abstract","abstract","0","10.1080/10889868.2023.2279194","jatropha curcas","cladosporium sp.","root","present","symbiotic","inoculation improved pb phytoremediation; colonization observed under gold mine tailing treatment.","mine tailings","not specified","abstract-csv","doi_10.1080_10889868.2023.2279194","Abstract"
"Relevant","abstract","abstract","0","10.1007/s12010-022-03988-4","dodonaea viscosa","aspergillus niger e12","leaf","present",NA,"isolated from leaf samples; exhibited potent antibacterial activity",NA,"forest (gudiyam)","india","abstract-csv; doi_10.1007_s12010-022-03988-4","Abstract"
"Relevant","abstract","abstract","0","","prunus avium bing","agrobacterium tumefaciens","aerial crown","present","pathogenic","artificially infected trees for study of control measures","not specified in text","not specified in text","abstract-csv","doi_nan","Abstract"
"Relevant","full-text","abstract","0","10.1007/s00203-024-03958-w","cucumis sativus l.","aspergillus elegans","root","present",NA,"pgpf; isolated from surface-sterilized roots; demonstrated root colonization by fungal endophytes",NA,NA,"growth promotion of cucumber plants","not provided in text","Full-Text"
"Relevant","abstract","abstract","0","10.1016/j.jspr.2021.101857","paddy or rice","unspecified seed borne fungal pathogen","seed","present","pathogenic","isolated from diseased media conditions","","not specified","abstract-csv","doi_10.1016_j.jspr.2021.101857","Abstract"
"Relevant","abstract","abstract","0","10.15258/sst.2007.35.1.06","festuca arundinacea l.","neotyphodium coenophialum","seeds","present",NA,"grows symbiotically in the intercellular spaces between seed or plant cells","not provided in text","not provided in text","abstract-csv","doi_10.15258_sst.2007.35.1.06","Abstract"
"Relevant","abstract","abstract","0","10.15446/abc.v19n2.39154","bean",NA,"leaf","pod","present","mixed (endophytic","ascomycete","and mitospore)","isolated from bean tissues with anthracnose symptoms","agricultural fields in the province of antioquia; colombia; colombia; abstract-csv; doi_10.15446_abc.v19n2.39154","Abstract"
"Relevant","abstract","abstract","0","10.1021/np100730b","lycium intricatum","microdiplodia sp.","not specified in the text","present",NA,"isolated from shrub lycium intricatum; not specified in the text",NA,"not specified in the text","abstract-csv","doi_10.1021_np100730b","Abstract"
"Relevant","abstract","abstract","0","10.1016/j.mycres.2009.10.003","erythroxylum mannii","claviradulomyces dabeicola","bark","present",NA,"associated with bark abnormalities on branches and stems of living trees.; west african rainforest",NA,"cote divoire","ghana","abstract-csv; doi_10.1016_j.mycres.2009.10.003","Abstract"
"Relevant","abstract","abstract","0","10.3390/plants10040784","aeluropus littoralis","byssochlamys spectabilis","rhizosphere","present","pgp","isolated from the rhizosphere; hot and dry desert areas",NA,"not provided in text","abstract-csv","doi_10.3390_plants10040784","Abstract"
"Relevant","abstract","abstract","0","10.1007/s13225-011-0140-y","citrus limon","","","present","pathogenic","pathogenic","pathogenic",NA,"isolated from leaves and fruits of all four citrus species","associated with tan spot of pomeloes; isolated from lemons; mandarins and oranges; but never from pomeloes; isolated as an endophyte; causing false melanose; or together with p. citricarpa or p. citriasiana; citrus producing regions across china; china; abstract-csv; doi_10.1007_s13225-011-0140-y","Abstract"
"Relevant","full-text","full-text","8","10.1038/s43705-021-00004-4","fagus sylvatica l.","andr. gross & queloz","leaf","present","pathogenic","increased with feeding damage caused by orchestes fagi; not detected in hibernating beetles; indicating o. fagi does not serve as vector for p. liobae between growing seasons.",NA,"forest","central europe","full-text; doi_10.1038_s43705-021-00004-4","Full-Text"
"Relevant","full-text","full-text","10","10.1038/srep06261","not specified in the text","enterobacter","root","present",NA,"saprotrophic; some mentioned as pathogens","indirectly",NA,"colonizing root surface and/or tissues and displaying plant growth-promotion effects","soil; not specified; full-text; doi_10.1038_srep06261","Full-Text"
"Relevant","full-text","full-text","10","10.1371/journal.pone.0071805","catharanthus roseus","fusarium oxysporum","leaf","present",NA,"isolated from field-grown leaves",NA,"india","full-text","doi_10.1371_journal.pone.0071805","Full-Text"
"Relevant","abstract","abstract","0","10.1002/ecy.2855","h.b.k.","rhizophagus irregularis","root","present","mycorrhizal","isolated from various am fungal species in greenhouse studies. differences in plant sensitivity to different am fungal species and mycorrhizal responsiveness across 17 grassland plant species were analyzed.","grassland","north america","abstract-csv","doi_10.1002_ecy.2855","Abstract"
"Relevant","abstract","abstract","0","10.1016/j.pbi.2018.04.009","brassicaceae","diverse taxonomic groups of mutualistic root-endophytic fungi","root","present","mutualistic","association is mutualistic; fungi transfer phosphorus to the hosts and promote plant growth",NA,"not provided","not provided","abstract-csv; doi_10.1016_j.pbi.2018.04.009","Abstract"
"Relevant","abstract","abstract","0","10.1080/03235408.2021.1983362","banana","colletotrichum spp.","leaves","roots","rhizosphere","present; unknown (can be further investigated for endophytic",NA,"pathogenic","or biocontrol agent properties)","isolated from both healthy and wilt banana samples; not specified; not specified; abstract-csv; doi_10.1080_03235408.2021.1983362","Abstract"
"Relevant","abstract","abstract","0","10.5943/cream/10/1/6","prunus dulcis","aspergillus awamori","rhizosphere","seeds","present",NA,"rhizospheric","biocontrol agent","plant growth promoter","unknown; investigating several endophytic and rhizospheric fungi from almond trees with the aim of evaluating their plant growth promotion and biocontrol potential against v. dahliae and p. drechsleri.; not provided; iran; abstract-csv; doi_10.5943_cream_10_1_6","Abstract"
"Relevant","abstract","abstract","0","10.5586/aa/175998","hazelnut","arcopilus aureus","endophytic microbiome of hazelnut","present",NA,"isolated from the endophytic microbiome in poland and italy.; semi-extensive tree crops",NA,"poland","italy","abstract-csv; doi_10.5586_aa_175998","Abstract"
"Relevant","abstract","abstract","0","10.18517/ijaseit.9.4.8781","amomum centrocephalum a.d. poulsen","common_name","rhizome","present","antagonistic","isolated from healthy rhizomes; antagonistic properties evaluated against selected pathogenic bacteria and fungi; distinct inhibitory activities against bacterial pathogens",NA,NA,"known as prominent antagonists of phytopathogens","north sumatera","Abstract"
"Relevant","abstract","abstract","0","10.1007/s11274-023-03758-2","rubus idaeus","candida parapsilosis","internal tissues of fruits","present",NA,"isolated from internal tissues of various fruit species.","not specified","21 countries","abstract-csv","doi_10.1007_s11274-023-03758-2","Abstract"
"Relevant","abstract","abstract","0","10.1002/jobm.202300671","non-specific","not specified in the text)","not specified","present",NA,"isolated from mosses","antarctica","antarctica","abstract-csv","doi_10.1002_jobm.202300671","Abstract"
"Relevant","abstract","abstract","0","10.11646/phytotaxa.678.3.1","rhododendron decorum","phyllosticta cangshanensis","leaf","present",NA,"isolated from healthy leaves","not specified","china","abstract-csv","doi_10.11646_phytotaxa.678.3.1","Abstract"
"Relevant","abstract","abstract","0","10.3390/biology14070871","solani sp.","neocosmospora spp.","not specified","present",NA,"pathogenic; isolated from plant",NA,"fungal","and insect hosts","not specified; china; abstract-csv; doi_10.3390_biology14070871","Abstract"
"Relevant","abstract","abstract","0","10.1021/acs.jnatprod.6b00997","xanthium sibiricum","eupenicillium sp. lg41","not specified","present",NA,"isolated from the chinese medicinal plant xanthium sibiricum","","china","abstract-csv","doi_10.1021_acs.jnatprod.6b00997","Abstract"
"Relevant","full-text","abstract","0","10.13057/biodiv/d180413","solanum melongena l.","penicillium sp.",NA,"present","antagonistic agents","isolated from healthy eggplants; antagonistic towards fusarium oxysporum",NA,"agricultural","indonesia","abstract-csv; doi_10.13057_biodiv_d180413","Full-Text"
"Relevant","abstract","abstract","0","","a. lactiflora","colletotrichum sp.","not specified in text","present",NA,"isolated from artemisia species. some fungal endophytes exhibit host and tissue specificity.; not specified in text",NA,"not specified in text","abstract-csv","doi_nan","Abstract"
"Relevant","abstract","abstract","0","10.1016/j.funeco.2014.07.003","cymodoceaceae","aspergillus sp.","rhizome","present",NA,"isolated from rhizome tissue","marine","tamilnadu state","abstract-csv","doi_10.1016_j.funeco.2014.07.003","Abstract"
"Relevant","abstract","abstract","0","10.1007/s10482-014-0237-x","taraxacum mongolicum hand.-mazz.","micromonospora taraxaci","root","present",NA,"taraxacum mongolicum hand.-mazz.","","china","abstract-csv","doi_10.1007_s10482-014-0237-x","Abstract"
"Relevant","abstract","abstract","0","10.1016/j.jhazmat.2021.125595","lettuce","unknown (mentioned as endophytes","leaf","root","present","NA; isolated from leaf and root endophytes of the specified vegetables",NA,"not specified in the text","not specified in the text","abstract-csv; doi_10.1016_j.jhazmat.2021.125595","Abstract"
"Relevant","abstract","abstract","0","10.1007/s40003-012-0026-6","solanum khasianum","species not specified","rhizosphere soil","present","mycorrhizal","isolated from rhizosphere soils","not specified","not specified","abstract-csv","doi_10.1007_s40003-012-0026-6","Abstract"
"Relevant","abstract","abstract","0","10.1016/j.micres.2020.126693","olea europaea l.","multiple endophytes (species not specified","phyllosphere","present",NA,"isolated from olive tree phyllosphere using a metabarcoding strategy targeting its1 barcode.","not specified","not specified","abstract-csv","doi_10.1016_j.micres.2020.126693","Abstract"
"Relevant","abstract","abstract","0","10.1603/022.038.0215","fagalesfagaceae","unknown fungi causing exterior fungal lesions and present in feeding chamber","gall leaves","stem galls","present","potentially pathogenic or saprotrophic; involved in the formation of stem galls and associated with increased number of empty chambers",NA,"exterior fungal lesions","herbivory by curculio sayi","and parasitoids.; not specified; not specified; abstract-csv; doi_10.1603_022.038.0215","Abstract"
"Relevant","abstract","abstract","0","10.1016/j.biocontrol.2024.105580","rice","microbacterium testaceum","seeds and shoots","present","biocontrol","isolated from rice seeds and shoots; tested in vivo under controlled conditions for biocontrol efficacy against fusarium fujikuroi.",NA,"not-provided-in-text","not-provided-in-text","abstract-csv; doi_10.1016_j.biocontrol.2024.105580","Abstract"
"Relevant","abstract","abstract","0","10.1016/j.biocontrol.2024.105580","rice","epicoccum layuense","seeds and shoots","present","biocontrol","isolated from rice seeds and shoots; tested in vivo under controlled conditions for biocontrol efficacy against fusarium fujikuroi.",NA,"not-provided-in-text","not-provided-in-text","abstract-csv; doi_10.1016_j.biocontrol.2024.105580","Abstract"
"Relevant","abstract","abstract","0","10.1080/01811789.1991.10827071","unspecified host plants","terfezia mycorrhizae","root","present","mycorrhizal","formation of glycoproteic cement; apposition layer production by host cell as defense response to endophyte invasion.",NA,"not_provided","not_provided","abstract-csv; doi_10.1080_01811789.1991.10827071","Abstract"
"Relevant","abstract","abstract","0","","tomato","oidium neolycopersici","leaf","present","pathogenic","infected in various tomato varieties. potential for co-infection with sclerotinia sclerotiorum.","agricultural","not provided in text","abstract-csv","doi_nan","Abstract"
"Relevant","full-text","full-text","11","10.1371/journal.pone.0147425","bromus tectorum","sporormiella sp.","not specified","present",NA,"isolated from surface-sterilized plant tissues","not specified","united states of america","full-text","doi_10.1371_journal.pone.0147425","Full-Text"
"Relevant","abstract","abstract","0","10.1007/s00203-021-02325-3","gamble","unified","root","present",NA,"isolated from roots; unified at and genus levels",NA,"not provided","china","abstract-csv; doi_10.1007_s00203-021-02325-3","Abstract"
"Relevant","abstract","abstract","0","","broad bean","nigrospora sphaerica","not specified in text","present","pathogenic","isolated from seed samples collected from commercial markets in egypt.; agricultural field or storage",NA,"egypt","abstract-csv","doi_nan","Abstract"
"Relevant","abstract","abstract","0","10.3390/jof7010045","crocus sativus l.","microdominikia","soil","present","arbuscular mycorrhizal","associated with alpine field-grown saffron; inoculated with am fungi rhizophagus intraradices and funneliformis mosseae",NA,"alpine","aosta valley","abstract-csv; doi_10.3390_jof7010045","Abstract"
"Relevant","abstract","abstract","0","","rice","chaetomium","seed","present","pathogenic","seed-borne","agricultural","sri lanka","abstract-csv","doi_nan","Abstract"
"Relevant","abstract","abstract","0","","c kobomugi","fusarium oxysporum","roots","present","pathogenic","isolated from roots of coastal sand dune plants; tested for antagonism towards plant pathogenic fungi",NA,"coastal sand dunes","assumed to be related to the korean society for microbiology and biotechnology","abstract-csv; doi_nan","Abstract"
"Relevant","full-text","abstract","0","10.1094/pdis-05-10-0374","oryza sativa l.","pantoea agglomerans","leaf","present","pathogenic","isolated from blighted leaf samples; demonstrated strong pathogenicity to rice seedlings in pathogenicity tests.",NA,"paddy field","korea","abstract-csv; doi_10.1094_pdis-05-10-0374","Full-Text"
"Relevant","abstract","abstract","0","10.4489/kjm.20200041","south korea)","neofusicoccum mangiferae","leaves","present",NA,"isolated from leaves of woody plants inhabiting ulleungdo island and yeosu","south korea","not specified in text","south korea","abstract-csv; doi_10.4489_kjm.20200041","Abstract"
"Relevant","abstract","abstract","0","10.11669/cpj.2013.24.007","desmos chinensis","guignardia mangiferae","stems","leaves (parenchyma cells of the phloem in stems","parenchyma cells","palisade tissue or sponge tissue in leaves)","present",NA,"isolated from permanent paraffin-cut section and plate isolation method.","; ; abstract-csv; doi_10.11669_cpj.2013.24.007","Abstract"
"Relevant","abstract","abstract","0","10.11646/phytotaxa.641.4.2","dicranopteris dichotoma","biscogniauxia dicranopteridis","likely host tissue","present",NA,"isolated from host","not specified","china","abstract-csv","doi_10.11646_phytotaxa.641.4.2","Abstract"
"Relevant","abstract","abstract","0","10.36721/pjps.2022.35.4.reg.1143-1151.1","dendrobium huoshanense","aspergillus flavus","not specified in text","present",NA,"isolated from the plant; not specified in text",NA,"not specified in text","abstract-csv","doi_10.36721_pjps.2022.35.4.reg.1143-1151.1","Abstract"
"Relevant","abstract","abstract","0","10.3390/d13050197","doritis pulcherrima","thelephoraceae","roots","present","mycorrhizal","isolated through culture-independent method and in vitro culture.","epiphytic orchids","southern china","china","abstract-csv; doi_10.3390_d13050197","Abstract"
"Relevant","full-text","full-text","6","10.7324/jabb.2020.80602","phyllanthus emblica linn","coelomycetes","leaf","stem","bark","present; isolated from surface-sterilized roots",NA,NA,"tropical dry deciduous forest","india; full-text; doi_10.7324_jabb.2020.80602","Full-Text"
"Relevant","abstract","abstract","0","10.1007/s10482-020-01429-y","leguminous and non-leguminous plants","firmicutes","not specified","present",NA,"living asymptomatically inside host plants throughout different stages of life cycle; promoting growth and combating various stressful conditions.",NA,"not specified","not specified","abstract-csv; doi_10.1007_s10482-020-01429-y","Abstract"
"Relevant","abstract","abstract","0","10.1094/pdis-10-22-2312-re","american ginseng","fusarium spp.","seeds","present","pathogenic","isolated from seeds; critical role in production and long-distant dissemination.",NA,"not specified","china (main production areasliuba","fusong; rongcheng; wendeng); abstract-csv; doi_10.1094_pdis-10-22-2312-re","Abstract"
"Relevant","abstract","abstract","0","","maize","a. niger","not specified","present","pathogenic","isolated from maize seeds. reduced growth rate by using aqueous extracts of nigella seeds","pomegranate peels","eucalyptus leaves","euphorbia leaves","and ginger roots.; not specified; not specified; abstract-csv; doi_nan","Abstract"
"Relevant","abstract","abstract","0","10.1007/s13225-010-0025-5","pinus halepensis","aspergillus niger","needles and twigs","present","pathogenic","isolated from needles and twigs of pinus halepensis; not specified in text",NA,"spain","abstract-csv","doi_10.1007_s13225-010-0025-5","Abstract"
"Relevant","abstract","abstract","0","10.1094/phyto-68-1520","brassica napus midas rapeseed","aspergillus glaucus","implied to be from seeds","present","implied to be involved in seed deterioration","isolated from stored rapeseeds obtained from primary elevators across western canada","agricultural","canada","abstract-csv","doi_10.1094_phyto-68-1520","Abstract"
"Relevant","abstract","abstract","0","10.1007/s40011-013-0184-8","rauwolfia serpentina benth","aspergillus awamori","leaf","stem","present","NA; with some antimicrobial and antioxidant potential; isolated from r. serpentina benth for biological activity screening",NA,NA,"northeast india","india; abstract-csv; doi_10.1007_s40011-013-0184-8","Abstract"
"Relevant","full-text","full-text","12","10.3389/fmicb.2024.1442912","allium cepa l.","serendipita indica","root zone","present",NA,"applied along with mineral fertilizers to enhance nutrient use efficiency.","agricultural field","india","full-text","doi_10.3389_fmicb.2024.1442912","Full-Text"
"Relevant","abstract","abstract","0","10.3390/agriculture13030720","humulus lupulus l.","t. virens t312","not specified in text","present","fusarium spp.","endophytic (trichoderma hamatum","t. virens","t. gamsii)","trichoderma isolates shown to inhibit growth of fusarium spp.; trichoderma used as biocontrol agent and plant growth promoter","not specified in text","Abstract"
"Relevant","abstract","abstract","0","","zea mays l.","colletotrichum gloeosporioides","leaf","stem","root","present",NA,"isolated from leaf","stem and root fragments collected about thirty","sixty and ninety days after seeds sown.; not specified; india; abstract-csv; doi_nan","Abstract"
"Relevant","abstract","abstract","0","10.1007/s00284-022-03161-4","sunflower","notes","root","present",NA,"biocontrol agent; isolated from healthy plants. field application tested.",NA,"agriculture","not provided in text","abstract-csv; doi_10.1007_s00284-022-03161-4","Abstract"
"Relevant","abstract","abstract","0","10.1021/jf900164h","maize","fusarium verticillioides","","present","pathogenic","the text mentions that bacillus mojavensis is antagonistic to fusarium verticillioides; implying a host-pathogen interaction.",NA,"","","abstract-csv; doi_10.1021_jf900164h","Abstract"
"Relevant","abstract","abstract","0","10.1002/ecy.2855","liatris aspera michx.","glomus aggregatum","root","present","mycorrhizal","isolated from various am fungal species in greenhouse studies. differences in plant sensitivity to different am fungal species and mycorrhizal responsiveness across 17 grassland plant species were analyzed.","grassland","north america","abstract-csv","doi_10.1002_ecy.2855","Abstract"
"Relevant","abstract","abstract","0","10.1007/s11557-016-1254-0","tacinga inamoena","bezerromyces brasiliensis","not specified in text","present",NA,"caatinga","caatinga","brazil","abstract-csv","doi_10.1007_s11557-016-1254-0","Abstract"
"Relevant","abstract","abstract","0","10.14720/aas.2019.114.1.12","l.","basidiomycota - specific species not provided","roots","present",NA,"ectomycorrhiza","putative","its","arid and semi-arid regions of algeria","algeria; abstract-csv; doi_10.14720_aas.2019.114.1.12","Abstract"
"Relevant","abstract","abstract","0","10.1016/j.cropro.2009.03.017","oryza sativa","rhizoctonia solani","leaves","present","pathogenic","isolated from paddy field. in vitro inhibition of mycelial growth and in vivo protection against infection.","paddy field","not specified","abstract-csv","doi_10.1016_j.cropro.2009.03.017","Abstract"
"Relevant","abstract","abstract","0","10.4489/kjm.20180003","abies koreana","coleophoma parafusiformis","leaf","present",NA,"isolated from leaves of abies koreana growing in korea","","korea","abstract-csv","doi_10.4489_kjm.20180003","Abstract"
"Relevant","abstract","abstract","0","10.13057/biodiv/d200503","centella asiatica","earliella scabrosa","stolons","leaves","roots","petioles","present",NA,"isolated from stolons","indonesia","Abstract"
"Relevant","full-text","full-text","15","10.1038/s41598-025-98978-x","linnaeus","stemphylium gracilariae","seaweed","present",NA,"isolated from seaweed hosts","marine","portugal","full-text","doi_10.1038_s41598-025-98978-x","Full-Text"
"Relevant","abstract","abstract","0","10.1007/s40011-017-0924-2","chlorophytum borivilianum sant and fern.","fusarium solani","leaf","present",NA,"pathogenic (rhizoctonia bataticola; setosphaeria rostrata",NA,"bipolaris maydis","diaporthe phaseolorum","delhi and hyderabad","Abstract"
"Relevant","abstract","abstract","0","10.1007/s11274-014-1695-z","lichen","not applicable (lichen is a symbiotic organism consisting of fungi and photosynthetic partners","not specified","present","lichen symbiosis is a mutualistic relationship","isolates were obtained from lichens from different habitats of the arctic and antarctica","arctic","antarctica","not specified","abstract-csv; doi_10.1007_s11274-014-1695-z","Abstract"
"Relevant","abstract","abstract","0","10.1111/efp.12559","citrus sinensis","other fungal taxa","leaves","bark","xylem","present; isolated from healthy leaves",NA,NA,"bark and xylem of citrus sinensis in different seasons and age-es.","not provided; iran; abstract-csv; doi_10.1111_efp.12559","Abstract"
"Relevant","abstract","abstract","0","","lolium spp.","acremonium coenophialum","dorsal pedal vein","present",NA,"infected fescue grass","","","abstract-csv","doi_nan","Abstract"
"Relevant","abstract","abstract","0","10.26452/ijrps.v9i1.1200","carrot","aspergillus niger","not specified","present",NA,"isolated from endophytic fungi aspergillus niger","not specified","not specified","abstract-csv","doi_10.26452_ijrps.v9i1.1200","Abstract"
"Relevant","full-text","full-text","7","10.1515/znc-2009-11-1212","rubiaceae","penicillium sp.1","leaves","present",NA,"isolated from surface-sterilized leaves; estação ecológica experimental de mogi-guaçu",NA,"fazenda campinha","mogi-guaçu","são paulo; brazil; brazil; full-text; doi_10.1515_znc-2009-11-1212","Full-Text"
"Relevant","abstract","abstract","0","10.1071/ea9720185","banana","gloesporium musarum","cut surface","crown tissues in hands","present","pathogenic; causes crown rot disease",NA,"tropical","new south wales","australia; abstract-csv; doi_10.1071_ea9720185","Abstract"
"Relevant","abstract","abstract","0","10.1007/s00572-001-0146-5","gaultheria poeppiggi dc","dark septate fungal endophytes","roots","present","mutualistic (mycorrhizalericoid","arbuscular); presence of three types of fungal symbiontsericoid mycorrhizas",NA,NA,"dark septate fungal endophytes","not provided in text","Abstract"
"Relevant","abstract","abstract","0","10.22092/jmpb.2019.119381","kelussia odoratissima mozaff.","piriformospora indica","not specified","present",NA,"root-colonizing endophyte; promoting plant growth and resistance to stresses.",NA,"","iran","abstract-csv; doi_10.22092_jmpb.2019.119381","Abstract"
"Relevant","abstract","abstract","0","02","fraxinus excelsior","155 unspecified endophytic fungi","inside part of plants","present",NA,"isolated from various unspecified plant hosts; not specified in text",NA,"not specified in text","abstract-csv","02","Abstract"
"Uncertain","abstract","abstract","0","10.1016/j.cropro.2013.11.027","potato","phytophthora infestans","leaf discs","intact plants","present","NA; not a symbiotic or pathogenic interaction","fungitoxicity study",NA,"","; abstract-csv; doi_10.1016_j.cropro.2013.11.027","Abstract"
"Relevant","abstract","abstract","0","","pinus sylvestris l.","all identified fungal taxa in the study","outermost sapwood","present",NA,"isolated from woody microcores of declining and healthy scots pine trees","alps forest","western alps","europe","abstract-csv; doi_nan","Abstract"
"Relevant","abstract","abstract","0","10.1007/s00442-024-05650-8","spartina alterniflora","magnaporthales sp.","root","present",NA,"isolated from root of spartina alterniflora in a greenhouse experiment.","salt marsh","not provided in text","abstract-csv","doi_10.1007_s00442-024-05650-8","Abstract"
"Relevant","abstract","abstract","0","10.1021/acs.jnatprod.1c00813","areca catechu l","trichoderma asperellum g10","not specified","present",NA,"isolated from the medicinal plant areca catechu l","not specified","not specified","abstract-csv","doi_10.1021_acs.jnatprod.1c00813","Abstract"
"Relevant","abstract","abstract","0","10.1007/s41348-016-0066-4","groundnut","aspergillus flavus","root","present","pathogenic","causes pre-harvest infection during drought stress","releases aflatoxins","not provided in text","not provided in text","abstract-csv; doi_10.1007_s41348-016-0066-4","Abstract"
"Relevant","abstract","abstract","0","","asplenium nidus","class sphaeropsidales","leaf","midrib","root","present; isolated from various parts of epiphyte fern asplenium nidus",NA,NA,"","malaysia; abstract-csv; doi_nan","Abstract"
"Relevant","abstract","abstract","0","10.1007/s11557-021-01740-6","dd","drechslera","leaf","present",NA,"isolated from mature leaves of twenty-five woody tree species with a colonization frequency of < 5%","tropical dry thorn","dry deciduous","and montane evergreen forests","india; abstract-csv; doi_10.1007_s11557-021-01740-6","Abstract"
"Relevant","abstract","abstract","0","10.1016/j.cropro.2013.05.021","bryophytes","fusarium oxysporum","","present","pathogenic","isolated as plant pathogens","raised bog ecosystem","","abstract-csv","doi_10.1016_j.cropro.2013.05.021","Abstract"
"Relevant","abstract","abstract","0","10.1021/cg500699z","nerium oleander","fusarium equisiti","not specified (assumednot plant-specific","as it refers to soybean seed-borne fungi)","present","pathogenic; isolated from soybean seeds",NA,"not specified","not specified","abstract-csv; doi_10.1021_cg500699z","Abstract"
"Relevant","abstract","abstract","0","10.1086/323274","festuca arundinacea","not specified","not specified","present",NA,"isolated from a successional field dominated by festuca arundinacea","grassland","not specified","abstract-csv","doi_10.1086_323274","Abstract"
"Relevant","full-text","full-text","15","10.1007/s10658-019-01827-7","pyrus communis","alternaria spp.","flower bud","present","pathogenic","isolated from diseased flower buds; strong correlations between dead dormant flower buds and infection rates of flower buds with alternaria spp.",NA,NA,"netherlands","full-text; doi_10.1007_s10658-019-01827-7","Full-Text"
"Relevant","abstract","abstract","0","10.3390/plants13010022","phaseolus vulgaris l.","ascomycotahypocreales","bean plants","present",NA,"established as endophytes in bean plants under laboratory conditions after application","not provided in text","not provided in text","abstract-csv","doi_10.3390_plants13010022","Abstract"
"Relevant","abstract","abstract","0","10.1007/s11103-016-0449-8","brachypodium distachyon","herbaspirillum seropedicae","root","present",NA,"strong endophytic colonization of roots; as measured by drop plate counting and direct; microscopic examination of roots.",NA,NA,"","; abstract-csv; doi_10.1007_s11103-016-0449-8","Abstract"
"Relevant","abstract","abstract","0","10.3923/jm.2008.520.534","kidney bean","aspergillus niger","seeds","present","most likely includes pathogenic and saprotrophic species","isolated from fabaceae seeds collected from libya using seed-plate method and dilution-plate method","agricultural","libya","abstract-csv","doi_10.3923_jm.2008.520.534","Abstract"
"Relevant","full-text","full-text","10","10.3329/bjp.v13i3.36716","fimbristylis miliaceae","specific species not provided)","not specified","present",NA,"isolated from six sri lankan plants of the cyperaceae; suburban areas and paddy fields in colombo district; home gardens and paddy fields in badulla",NA,NA,"sri lanka","sri lanka; full-text; doi_10.3329_bjp.v13i3.36716","Full-Text"
"Relevant","full-text","full-text","13","10.1038/s41598-022-23582-2","colobanthus quitensis","vishniacozyma","leaf","present",NA,"otcs","antarctica","antarctica","full-text","doi_10.1038_s41598-022-23582-2","Full-Text"
"Relevant","full-text","full-text","12","10.1371/journal.pone.0257173","agrostis stolonifera l.","epichloe amarillans","young seedlings","present",NA,"glucanase-like gene was ubiquitously expressed; monooxygenase-like gene expression levels were lower than glucanase-like gene.",NA,"not specified","not specified","full-text; doi_10.1371_journal.pone.0257173","Full-Text"
"Relevant","abstract","abstract","0","","teijsm. and mann.","aspergillus fumigates","root","present","mycorrhizal","isolated from surface-sterilized roots; symbiotic germination test conducted on oat meal agar",NA,"","","abstract-csv; doi_nan","Abstract"
"Relevant","abstract","abstract","0","10.7501/j.issn.0253-2670.2023.13.002","drynaria","lecanicillium sp. gzwmjz-847","rhizoma","present",NA,"isolated from drynaria rhizoma","not specified","not specified","abstract-csv","doi_10.7501_j.issn.0253-2670.2023.13.002","Abstract"
"Relevant","abstract","abstract","0","","lentil","fusarium gra minearum","not specified in text","present","pathogenic","isolated from seed samples collected from commercial markets in egypt.; agricultural field or storage",NA,"egypt","abstract-csv","doi_nan","Abstract"
"Relevant","abstract","abstract","0","10.1007/s13225-011-0125-x","not specified","pestalotiopsis spp.","not specified","present",NA,"isolated as endophytes; but also identified as plant pathogens. the text suggests confusion in the taxonomy of pestalotiopsis.",NA,"not specified","not specified","abstract-csv; doi_10.1007_s13225-011-0125-x","Abstract"
"Relevant","abstract","abstract","0","10.1016/j.plaphy.2017.09.016","miscanthus x giganteus","rhizophagus intraradices","leaf","present",NA,"mycorrhizal; i.e. basidiomycetous endophytes",NA,"not provided","not provided","abstract-csv; doi_10.1016_j.plaphy.2017.09.016","Abstract"
"Relevant","abstract","abstract","0","10.1007/s11274-025-04284-z","rice","focus is on bacteria","root endosphere","present",NA,"dominant bacterium clostridium was consistently enriched in the endosphere of salt-tolerant rice throughout all growth stages.; coastal saline-alkali soils",NA,"not specified","abstract-csv","doi_10.1007_s11274-025-04284-z","Abstract"
"Relevant","abstract","abstract","0","10.1002/hlca.201500048","ilex formosana","hypoxylon sp. bcrc 12f0687","root","present",NA,"isolated from root","not specified","taiwan","abstract-csv","doi_10.1002_hlca.201500048","Abstract"
"Relevant","abstract","abstract","0","10.1093/jee/83.4.1640","perennial ryegrass","a. latch","leaf sheath","leaf blade","present","NA; infected plant exhibited high level of insect resistance to the hairy chinch bug. nymphs were able to detect the presence of the endophyte and avoided the infected plant.",NA,"not specified in text","not specified in text","abstract-csv; doi_10.1093_jee_83.4.1640","Abstract"
"Relevant","abstract","abstract","0","10.1016/j.funbio.2020.03.011","corn","metarhizium robertsii esalq2450","not specified in text","present","biocontrol agent","isolated from soil; used for seed coating",NA,"not specified in text","brazil","abstract-csv; doi_10.1016_j.funbio.2020.03.011","Abstract"
"Relevant","full-text","full-text","19","10.1371/journal.pone.0158207","boswellia sacra","strainbsl17","leaf","stem","present",NA,"indole acetic acid","stem","desert woodlands of oman","oman; republic of korea; full-text; doi_10.1371_journal.pone.0158207","Full-Text"
"Relevant","abstract","abstract","0","10.1016/j.soilbio.2020.107909","watermelon and cucumber","fusarium wilt-causing fungus","rhizosphere","present","pathogenic","plants were inoculated with the fusarium wilt-causing fungus; rice field or secondary forest",NA,"not provided in text","abstract-csv","doi_10.1016_j.soilbio.2020.107909","Abstract"
"Relevant","abstract","abstract","0","10.1080/03235400902753758","maize","aspergillus flavus","grain","present","pathogenic","seed-borne fungus","not provided in text","not provided in text","abstract-csv","doi_10.1080_03235400902753758","Abstract"
"Relevant","abstract","abstract","0","","mungbean","rhizopus nigricans","not specified in text","present","pathogenic","isolated from seed samples collected from commercial markets in egypt.; agricultural field or storage",NA,"egypt","abstract-csv","doi_nan","Abstract"
"Relevant","full-text","full-text","14","10.3389/fmicb.2023.1288066","and grasslands)","and species mentioned in the text","soil","present","saprotrophic","not specified if endophytes are free-living or plant associated","fungal parasitism","ectomycorrhizal","soil samples collected from rhizosphere soil of xinjiang and fujian provinces","xinjiang and fujian provinces","Full-Text"
"Relevant","abstract","abstract","0","10.2134/agronj1985.00021962007700050030x","tall fescue","acremonium coenophialum morgan-jones and gams","seed","vegetative tissue","present","NA; fungal endophyte present in tall fescue plants. endophyte levels in vegetative tissue and seed produced from old plants were low.",NA,"not provided in text","not provided in text","abstract-csv; doi_10.2134_agronj1985.00021962007700050030x","Abstract"
"Relevant","abstract","abstract","0","10.1007/s11557-020-01585-5","panicum maximum","sarocladium graminicola","not specified in text","present",NA,"isolated from various tropical forage grasses","tropics","brazil","abstract-csv","doi_10.1007_s11557-020-01585-5","Abstract"
"Relevant","abstract","abstract","0","10.1080/00275514.2019.1677448","genus","parasarocladium aestuarinum","not specified in text","present",NA,"portugal; estuarine environment",NA,"portugal","abstract-csv","doi_10.1080_00275514.2019.1677448","Abstract"
"Relevant","abstract","abstract","0","10.1007/s00284-014-0753-y","cupressus sempervirens","alternaria multiformis","","present",NA,"isolated from mediterranean cypress cupressus sempervirens","mediterranean","iran","abstract-csv","doi_10.1007_s00284-014-0753-y","Abstract"
"Relevant","abstract","abstract","0","","pavona lamarck","aspergillus spp.","","present",NA,"isolated from pavona lamarck using spread-plate method and two different media; identified through morphology",NA,"spores","its-rrna gene sequence.","presumably china","Abstract"
"Relevant","abstract","abstract","0","10.1016/j.funbio.2024.05.003","malus domestica (apple","neosetophoma sp.","shoot and leaf","present","pathogenic","isolated from apparently healthy apple shoot and leaf tissues. some isolates cause disease symptoms on both apple shoots and fruit; while others are pathogenic only on shoots or fruit.",NA,"not specified in text","not specified in text","abstract-csv; doi_10.1016_j.funbio.2024.05.003","Abstract"
"Relevant","abstract","abstract","0","10.1016/j.biocontrol.2018.08.007","sweet pepper","beauveria bassiana",NA,"present","biocontrol agent","endophytic establishment in pot-culture experiments; antagonistic activity against fusarium spp.",NA,"not provided in text","not provided in text","abstract-csv; doi_10.1016_j.biocontrol.2018.08.007","Abstract"
"Relevant","abstract","abstract","0","","soybean","aspergillus","","present","pathogenic","causes seed deterioration by altering protein and oil content; particularly in seeds rich in oil. correlated with extracellular production of lipolytic enzymes.",NA,"","","abstract-csv; doi_nan","Abstract"
"Relevant","abstract","abstract","0","10.1016/j.bmcl.2023.129186","rattus norvegicus","penicillium sp. ssp-1clg","not specified","present",NA,"isolated from the plant host","","not specified","abstract-csv","doi_10.1016_j.bmcl.2023.129186","Abstract"
"Relevant","abstract","abstract","0","10.1128/aem.68.10.4863-4870.2002","aphelandra tetragona","","","present",NA,"isolated from aphelandra tetragona","not specified","not specified","abstract-csv","doi_10.1128_aem.68.10.4863-4870.2002","Abstract"
"Relevant","abstract","abstract","0","10.1021/jo201755v","ilex canariensis","cytospora sp.","not specified","present",NA,"isolated from the host plant","not specified","not specified","abstract-csv","doi_10.1021_jo201755v","Abstract"
"Relevant","full-text","full-text","17","10.2306/scienceasia1513-1874.2024.027","gnetum gnemon linn.","daldinia","leaf","soil","present","NA; isolated from gnetum gnemon linn. grown in organic and conventional farming systems","saprotrophic",NA,"agricultural landscapes","thailand; full-text; doi_10.2306_scienceasia1513-1874.2024.027","Full-Text"
"Relevant","abstract","abstract","0","10.1007/s11676-012-0267-z","belonging to 28 genera in 19 families","dse","rhizosphere soil","present","mycorrhizal","40%","forest","india","aliyar","abstract-csv; doi_10.1007_s11676-012-0267-z","Abstract"
"Relevant","full-text","full-text","14","10.4308/hjb.31.3.443-456","blanco","aspergillus viridinutans","leaf","stem","root","present; isolated from surface-sterilized roots and above-ground parts.",NA,NA,"tropical rainforest","indonesia; full-text; doi_10.4308_hjb.31.3.443-456","Full-Text"
"Relevant","abstract","full-text","12","10.1186/1471-2164-13-625","wisteria","pantoea stewartii subsp. stewartii","not specified","present",NA,"pathogenic; isolated from various plant hosts as non-pathogenic endophytes or epiphytes","biocontrol agent",NA,"pathogens","biological control agents; or associated with insects; soil; water; dust; dairy products; meat; fish; insects; humans and animals; not specified; full-text; doi_10.1186_1471-2164-13-625","Abstract"
"Relevant","abstract","abstract","0","10.3390/plants13081149","pachira glabra","colletotrichum siamense","leaf","plant mixes","naturally infected leaves","present; isolated from symptomatic and asymptomatic parts of p. glabra in fields.","pathogenic",NA,"not specified","southern china; abstract-csv; doi_10.3390_plants13081149","Abstract"
"Relevant","abstract","abstract","0","10.4314/tjpr.v16i2.18","fagopyrum tataricum","pseudocercospora sp.","healthy tissues","present",NA,"isolated from healthy tissues of f. tataricum","not provided in text","not provided in text","abstract-csv","doi_10.4314_tjpr.v16i2.18","Abstract"
"Relevant","abstract","abstract","0","10.2307/3760535","castanea sativa","cryphonectria parasitica","phellem","lenticels","bark tissues between phellogen and cambium","not colonized","present",NA,"isolated from surface-sterilized shoots under two different drying regimes. cryphonectria parasitica","two sites; one south and one north of the alps","Abstract"
"Relevant","abstract","abstract","0","10.17521/cjpe.2018.0001","achnatherum inebrians","epichlo? gansuensis","not specified in text","present",NA,"isolated from achnatherum inebrians. research focuses on distribution","detection methods","infection rate","fungal diversity","stress tolerances; secondary metabolite of alkaloids; feeding experiments and ecological functions.; not specified in text; china; abstract-csv; doi_10.17521_cjpe.2018.0001","Abstract"
"Relevant","abstract","abstract","0","10.1016/j.mycres.2006.11.004","gossypium sturtianum","dichomera","stems","present",NA,"isolated from surface-sterilized roots; inland areas in queensland",NA,"the northern territory","and south australia","australia; abstract-csv; doi_10.1016_j.mycres.2006.11.004","Abstract"
"Relevant","abstract","abstract","0","10.1111/gfs.12049","festuca rubra","epichloe festucae","not specified","present",NA,"colonize the intercellular space of aerial organs without causing symptoms. affects performance of some f. rubra genotypes when arsenic is present in the soil.","not specified","not specified","abstract-csv","doi_10.1111_gfs.12049","Abstract"
"Relevant","abstract","abstract","0","10.1111/j.1469-8137.2007.02178.x","cephaloziella varians","rhizoscyphus ericae","rhizoids","present","mycorrhizal","isolated from antarctic liverwort samples; forms hyphal coils in aseptically-grown c. varians.; sub- and maritime antarctica",NA,NA,"antarctica","abstract-csv; doi_10.1111_j.1469-8137.2007.02178.x","Abstract"
"Relevant","full-text","full-text","19","10.1038/s41598-023-47099-4","apiaceae (parsley","not specified","seeds","present",NA,"study focused on endophytic bacterial communities in ungerminated and germinated seeds of commercial vegetables","not specified","chile","full-text","doi_10.1038_s41598-023-47099-4","Full-Text"
"Relevant","full-text","full-text","9","10.22207/jpam.13.4.17","erchharnia crassipes","aspergillus terreus","not specified","present",NA,"isolated from surface-sterilized roots of various plant species","sharkia province","egypt","egypt","full-text; doi_10.22207_jpam.13.4.17","Full-Text"
"Relevant","full-text","full-text","8","10.1590/s1516-89132013000600009","zea mays l.","pythium aphanidermatum","not specified","present","biocontrol agent","isolated from maize plants and shown to reduce damping-off incidence in cucumber under greenhouse conditions.","not specified","brazil","full-text","doi_10.1590_s1516-89132013000600009","Full-Text"
"Relevant","abstract","abstract","0","10.5943/sif/5/1/14","kandelia candel","fusarium spp.","leaf","present",NA,"as the text does not specify their roles as symbionts or pathogens; isolated from mangrove leaf endophytes in luzon island",NA,"philippines","mangrove forest","philippines; abstract-csv; doi_10.5943_sif_5_1_14","Abstract"
"Relevant","abstract","abstract","0","10.1016/j.fgb.2003.08.004","not mentioned","epichloe festucae","not mentioned","present","mutualistic","fungus is a mutualistic endophyte of grasses","not mentioned","not mentioned","abstract-csv","doi_10.1016_j.fgb.2003.08.004","Abstract"
"Relevant","abstract","abstract","0","10.3390/antibiotics11111533","and cladosporium cladosporioides host species unspecified","graminicolous helminthosporium","not specified","present",NA,"isolated from different medicinal plants","not specified","not specified","abstract-csv","doi_10.3390_antibiotics11111533","Abstract"
"Relevant","full-text","full-text","10","10.3389/fmicb.2023.1188986","areca catechu l.","wallemia","surface","present",NA,"investigated using high-throughput sequencing and internal transcribed spacer 2.; tropical and subtropical provinces in southern china",NA,"south asia","and southeast asia","not specified","Full-Text"
"Relevant","abstract","abstract","0","10.1007/s11274-015-1998-8","zingiber zerumbet smith","fusarium solani","rhizomes","present","biocontrol agent","isolated from rhizomes; shown antagonistic activity against pythium myriotylum",NA,"not specified in the text","not specified in the text","abstract-csv; doi_10.1007_s11274-015-1998-8","Abstract"
"Relevant","abstract","abstract","0","10.1021/acs.jafc.9b00467","cynomorium songaricum rupr.","operational taxonomic units","not specified in text","present",NA,"isolated from cynomorium songaricum from different desert locations in china. specific strains not identified.","desert","china","abstract-csv","doi_10.1021_acs.jafc.9b00467","Abstract"
"Relevant","abstract","abstract","0","10.1139/cjm-2022-0074","alnus sp.","stenotrophomonas","nodules","present",NA,"pathogenic; in vitro interactions; some nfne showed inhibitory effects on frankia growth while others stimulated it or displayed cooperation under nitrogen-limited conditions; compromised frankia membrane integrity and differentiation into stress resistance-associated morphotypes observed in cocultures with some nfne; higher concentrations of indole-3-acetic acid and related indolic compounds in the culture supernatant when frankia was cocultured with serratia sp.",NA,NA,"alder ecosystem","; abstract-csv; doi_10.1139_cjm-2022-0074","Abstract"
"Relevant","abstract","abstract","0","10.1021/acs.jafc.4c06809","eleusine indica","aspergillus aculeatus te-65l","seeds","present",NA,"isolated from the endophytic fungus aspergillus aculeatus te-65l. caused lignin accumulation in the plant host.","","","abstract-csv","doi_10.1021_acs.jafc.4c06809","Abstract"
"Relevant","abstract","abstract","0","10.1046/j.0028-646x.2001.00225.x","leek","glomus coronatum","arbuscular trunk hyphae","arbuscules","present","mycorrhizal; cross walls observed in trunk hyphae of many inactive arbuscules. appeared after loss of metabolic activity in arbuscule branches.",NA,"not provided in text","not provided in text","abstract-csv; doi_10.1046_j.0028-646x.2001.00225.x","Abstract"
"Relevant","abstract","abstract","0","10.1093/jxb/erv154","barley","oculimacula yallundae","leaf","present","pathogenic","nec","","","abstract-csv","doi_10.1093_jxb_erv154","Abstract"
"Relevant","abstract","abstract","0","10.12403/j.1001-1498.20220099","fagaceae)","glomus","root","present","mycorrhizal","isolated from roots of evergreen broadleaved forest","mountain forest","china","abstract-csv","doi_10.12403_j.1001-1498.20220099","Abstract"
"Relevant","abstract","abstract","0","10.5114/bta.2020.100421","triticum aestivum l.","fusarium subglutinans","root","present",NA,"biocontrol agent; isolated from healthy triticum aestivum l. and exhibits antagonistic activity against fusarium semitectum and alternaria petrakii.",NA,"not provided in the text","not provided in the text","abstract-csv; doi_10.5114_bta.2020.100421","Abstract"
"Relevant","abstract","abstract","0","10.1111/mmi.12385","lolium perenne","epichloe festucae","leaf","present","mutualistic","proa is a key regulator of in planta specific growth of e.festucae; crucial for maintaining a mutualistic symbiotic interaction.",NA,"not provided in text","not provided in text","abstract-csv; doi_10.1111_mmi.12385","Abstract"
"Relevant","full-text","full-text","13","10.1038/s41598-023-36795-w","155 unspecified tree species","multiple fungi collected from tree twigs","dormant twigs","present","unknown (includes pathogenic","mutualistic; collected from 51 botanical gardens or arboreta in 32 countries","saprotrophic)",NA,"multiple","multiple; full-text; doi_10.1038_s41598-023-36795-w","Full-Text"
"Relevant","abstract","abstract","0","10.1007/s00248-008-9364-0","mountain pine beetle host tree","","","present","symbiotic (mutualistic or commensal for o. montium","antagonistic for g. clavigera); in vitro interactions tested; associated with mountain pine beetle larval galleries",NA,"coniferous forest","not provided in text","abstract-csv; doi_10.1007_s00248-008-9364-0","Abstract"
"Relevant","abstract","abstract","0","10.1111/j.1365-294x.2009.04192.x","arctic and boreal plant communities","lactarius pers.","soil and sporocarp","present","ectomycorrhizal","isolated from soil and sporocarp samples","arctic tundra","boreal forests","alaska","abstract-csv; doi_10.1111_j.1365-294x.2009.04192.x","Abstract"
"Relevant","abstract","abstract","0","10.1007/s40995-018-0640-7","tomato","schizophyllum sp. dl12","leaf","present",NA,"fermentation broth was sprayed on seedlings under calcium nitrate stress.","","","abstract-csv","doi_10.1007_s40995-018-0640-7","Abstract"
"Relevant","abstract","abstract","0","10.1017/s0889189300002253","sclerotinia species","sporidesmium sclerotivorum","soil","present","biocontrol agent","isolated for biological control of sclerotinia diseases.","agricultural field","not_provided","abstract-csv","doi_10.1017_s0889189300002253","Abstract"
"Relevant","abstract","abstract","0","10.1007/s00442-002-1016-3","cirsium arvense","puccinia punctiformis","not specified in text","present","pathogenic (for cassida rubiginosa","for uroleucon cirsii; insect species increase rates of p. punctiformis infection in healthy thistles. antagonistic interaction between c. rubiginosa and the fungus as biomass of adults is significantly reduced; development prolonged and mortality increased when feeding on plants infected with p. punctiformis. mutualistic relationship between u. cirsii and p. punctiformis as aphids form larger colonies on fungus-infected plants.",NA,NA,"not specified in text","not specified in text; abstract-csv; doi_10.1007_s00442-002-1016-3","Abstract"
"Relevant","abstract","abstract","0","","eucalyptus globulus ssp. maidenii","sterile mycelia","bark","sapwood","heartwood","present",NA,"isolated from bark","sapwood and heartwood of the specified hosts. some fungi also found as endophytic colonizers of sprouting stumps","twigs and seedling stems.; not specified; uruguay; abstract-csv; doi_nan","Abstract"
"Relevant","abstract","abstract","0","","orchidaceae","fusarium species","leaf","root","present",NA,"ascomycota","sebacinaceae","unknown (fusarium","nectriaceae); isolated from leaf and root tissues using dgge and random cloning analysis; ; ; abstract-csv; doi_nan","Abstract"
"Relevant","abstract","abstract","0","10.1128/spectrum.01019-24","mussaenda pubescens","endophytic fungal communities","phyllosphere","present",NA,"associated with mussaenda pubescens in the phyllosphere across six geographically distinct locations in southeast china","not specified","southeast china","abstract-csv","doi_10.1128_spectrum.01019-24","Abstract"
"Relevant","abstract","abstract","0","10.1007/s10530-013-0584-y","tanacetum vulgare","dark-septate endophytes","root","present",NA,"dse","urban","suburban","not specified","abstract-csv; doi_10.1007_s10530-013-0584-y","Abstract"
"Relevant","abstract","abstract","0","10.1139/m79-082","parasponia andersonii planch.","rhizobium","root","present",NA,"infection and nodule formation on root. rhizobia not released from infection thread as in legumes.","","","abstract-csv","doi_10.1139_m79-082","Abstract"
"Relevant","abstract","abstract","0","","tree shrew","unspecified fungus from genus 6","hair","present","endophytic or unknown","living on the surfaces of plant tissues; presumably in a mutualistic association.",NA,"not provided","not provided","abstract-csv; doi_nan","Abstract"
"Relevant","abstract","abstract","0","10.1007/s11557-021-01740-6","southern india","drechslera","leaf","present",NA,"isolated from mature leaves of twenty-five woody tree species with a colonization frequency of < 5%","tropical dry thorn","dry deciduous","and montane evergreen forests","india; abstract-csv; doi_10.1007_s11557-021-01740-6","Abstract"
"Relevant","abstract","abstract","0","10.26651/allelo.j./2018-44-2-1169","triticum aestivum l.","diaporthe sp.","leaf","present","pathogenic","isolated from leaves of serjania lethalis","not provided in text","not provided in text","abstract-csv","doi_10.26651_allelo.j._2018-44-2-1169","Abstract"
"Relevant","abstract","abstract","0","10.1080/00173138709428910","not mentioned in text","heterosporium","not mentioned in text","present","saprotrophic","isolated from residences in durham","north carolina","urban","usa","abstract-csv; doi_10.1080_00173138709428910","Abstract"
"Relevant","abstract","abstract","0","10.3897/mycokeys.65.47704","diseased or apparently healthy plants","stagonosporopsis stuijvenbergii sp. nov.","not specified","present","pathogenic","unknown for newly described species; isolated from soil; several previously known only from diseased or apparently healthy plant hosts.",NA,NA,"soil","netherlands; abstract-csv; doi_10.3897_mycokeys.65.47704","Abstract"
"Relevant","abstract","abstract","0","10.1094/pdis.1999.83.7.695a","thunb.","desmaz.","leaf","fruit","present","pathogenic; isolated from symptomatic tissue. confirmed through kochs postulates.",NA,"not specified","argentina","abstract-csv; doi_10.1094_pdis.1999.83.7.695a","Abstract"
"Relevant","abstract","abstract","0","10.1080/00275514.2019.1677448","genus","parasarocladium fusiforme","not specified in text","present",NA,"portugal; estuarine environment",NA,"portugal","abstract-csv","doi_10.1080_00275514.2019.1677448","Abstract"
"Relevant","abstract","abstract","0","10.1016/j.mycres.2007.11.007","chicory","acremonium spp.","not specified in text","present",NA,"pathogenic; isolated from symptomless plants at commercial ripeness. pathogenic activity was assessed in lettuce plants inoculated in gnotobiosis.",NA,"not specified in text","italy (bari","metaponto; foggia); abstract-csv; doi_10.1016_j.mycres.2007.11.007","Abstract"
"Relevant","abstract","abstract","0","10.20884/1.jm.2025.20.2.16366","syzygium myrtifolium walp.","endophytic fungi isolates names not provided in the text","six plant parts","present",NA,"isolated from six different plant parts.; not provided in the text",NA,"not provided in the text","abstract-csv","doi_10.20884_1.jm.2025.20.2.16366","Abstract"
"Relevant","abstract","abstract","0","10.2134/jpa1999.0581","tall fescue",NA,"grass","present",NA,"infested endophyte in tall fescue","coastal plain","usa","abstract-csv","doi_10.2134_jpa1999.0581","Abstract"
"Relevant","abstract","abstract","0","","maize","a. parasiticus","not specified","present","pathogenic","isolated from maize seeds. reduced growth rate by using aqueous extracts of nigella seeds","pomegranate peels","eucalyptus leaves","euphorbia leaves","and ginger roots.; not specified; not specified; abstract-csv; doi_nan","Abstract"
"Relevant","full-text","full-text","4","10.1590/s0100-54052010000100016","pinus taeda l.","colletotrichum","needles","present",NA,"isolated from surface-sterilized needles","located at colombo","pr","brazil. altitude 920m.","temperate always humid; brazil; full-text; doi_10.1590_s0100-54052010000100016","Full-Text"
"Relevant","full-text","full-text","6","10.26525/jtfs2022.34.1.127","aquilaria malaccensis","fusarium proliferatum","not specified","present",NA,"biocontrol agent; isolated from agarwood",NA,"forest","malaysia","full-text; doi_10.26525_jtfs2022.34.1.127","Full-Text"
"Relevant","abstract","abstract","0","10.1016/j.phytol.2013.03.012","scapania ciliata s. lac","aspergillus sydowii","not specified","present",NA,"occurring in the livewort","","","abstract-csv","doi_10.1016_j.phytol.2013.03.012","Abstract"
"Relevant","abstract","abstract","0","10.1071/ap05073","eucalyptus globulus","botryosphaeria spp.","not specified","present","endophytic and pathogenic","common endophytes and canker pathogens of many woody plants including eucalypts. found in plantations and remnant native eucalypt forest.; western australian eucalyptus forests and plantations",NA,"australia","abstract-csv","doi_10.1071_ap05073","Abstract"
"Relevant","abstract","abstract","0","10.1007/s10658-009-9514-3","tomato","but specific ones are not listed in this abstract)","root","present","biocontrol agent","isolated from surface-sterilized tomato roots; endophytic colonization observed under epidermal cells",NA,"hydroponic system","not specified","abstract-csv; doi_10.1007_s10658-009-9514-3","Abstract"
"Relevant","abstract","abstract","0","10.4268/cjcmm20111422","vitex negundo var. cannabifolia","alternaria alternata","not specified in text","present",NA,"its; not specified in text",NA,"not specified in text","abstract-csv","doi_10.4268_cjcmm20111422","Abstract"
"Relevant","abstract","abstract","0","10.1080/15226514.2016.1183566","brassica napus l.","burkoholderia","root","present",NA,"isolated from root endophytes exclusively","","","abstract-csv","doi_10.1080_15226514.2016.1183566","Abstract"
"Relevant","abstract","abstract","0","10.1093/femsle/fnv158","azadirachta indica","not specified strain","root","present",NA,"isolated from roots of azadirachta indica.; gibbon wild life sanctuary",NA,"assam","india","india; abstract-csv; doi_10.1093_femsle_fnv158","Abstract"
"Relevant","full-text","full-text","12","10.3389/fmicb.2022.843389","nicotiana tabacum l.","epicoccum","leaf","present","pathogenic","isolated from symptomatic leaves","not specified","china","full-text","doi_10.3389_fmicb.2022.843389","Full-Text"
"Relevant","full-text","full-text","13","10.1038/s41598-019-52481-2","thunb. ex murray","colletotrichum","stems","leaves","roots","present; isolated from surface-sterilized roots",NA,NA,"stems","and leaves; natural populations in lam dong province; central vietnam; vietnam; full-text; doi_10.1038_s41598-019-52481-2","Full-Text"
"Relevant","abstract","abstract","0","10.1016/j.mycres.2007.11.007","letting","fusarium sp.","not specified in text","present",NA,"pathogenic; isolated from symptomless plants at commercial ripeness. pathogenic activity was assessed in lettuce plants inoculated in gnotobiosis.",NA,"not specified in text","italy (bari","metaponto; foggia); abstract-csv; doi_10.1016_j.mycres.2007.11.007","Abstract"
"Relevant","abstract","abstract","0","","anacardium othonianum rizzini","bionectria ochroleuca","root","present",NA,"its; midwest region of brazil",NA,"cerrado","brazil","abstract-csv; doi_nan","Abstract"
"Relevant","full-text","full-text","11","10.1038/s41598-023-31291-7","sw.","fusarium parceramosum","leaf","present","latent plant pathogens","isolated from leaves of a. compressus; found to be pathogenic to wounded leaves with low to moderate virulence.",NA,"tropical and subtropical","malaysia","full-text; doi_10.1038_s41598-023-31291-7","Full-Text"
"Relevant","full-text","full-text","11","10.1371/journal.pone.0147425","bromus tectorum","preussia sp.","not specified","present",NA,"isolated from surface-sterilized plant tissues","not specified","united states of america","full-text","doi_10.1371_journal.pone.0147425","Full-Text"
"Relevant","abstract","abstract","0","10.1080/10635150802172184","temperate grass sub","endophytic fungi","not specified","present",NA,"symbiosis helps protect host plants from herbivory and stresses; affects species diversity; and impacts food web structures.",NA,NA,"grassland","not specified; abstract-csv; doi_10.1080_10635150802172184","Abstract"
"Relevant","abstract","abstract","0","10.3390/plants9091213","almond","botryosphaeria dothidea","trunk","present","endophytic/pathogenic","isolated from both asymptomatic and symptomatic trees; with consistency of isolation increasing with disease severity.",NA,"not specified","not specified","abstract-csv; doi_10.3390_plants9091213","Abstract"
"Relevant","abstract","abstract","0","10.13346/j.mycosystema.190190","coelogyne","colletotrichum","root","stem","leaf","present; isolated from epiphytic orchids collected in the naban river watershed national nature reserve in xishuangbanna",NA,NA,"naban river watershed national nature reserve","xishuangbanna; china; abstract-csv; doi_10.13346_j.mycosystema.190190","Abstract"
"Relevant","abstract","abstract","0","","caragana spp.","shinella","root nodules","present",NA,"isolated from caragana spp. root nodules; not specified in text",NA,"not specified in text","abstract-csv","doi_nan","Abstract"
"Relevant","abstract","abstract","0","10.1002/jobm.201600683","potato","plectosphaerella cucumerina","eggs","present","biocontrol agent","isolated from potato cyst nematode globodera pallida cysts; ability to reduce infection by g. pallida in planta assessed.",NA,"agricultural field","usa (shelley","idaho); abstract-csv; doi_10.1002_jobm.201600683","Abstract"
"Relevant","abstract","abstract","0","10.1016/j.jaridenv.2012.04.009","not specified in full latin","cochliobolus sp.","not specified","present",NA,"grow asymptomatically within the tissues of grasses and sedges in semiarid northwest venezuela.","semiarid","venezuela","abstract-csv","doi_10.1016_j.jaridenv.2012.04.009","Abstract"
"Relevant","abstract","abstract","0","10.1016/j.mycres.2009.09.004","theobroma cacao","trichoderma ovalisporum-dis 70a","stem (including bark","xylem","apical meristem)","present; isolated from surface-sterilized roots and trichomes",NA,NA,"not provided","not provided; abstract-csv; doi_10.1016_j.mycres.2009.09.004","Abstract"
"Relevant","abstract","abstract","0","10.1007/s10904-024-03226-w","anaphalis contorta","neocosmospora solani","stem","present",NA,"isolated from the stem","","","abstract-csv","doi_10.1007_s10904-024-03226-w","Abstract"
"Relevant","abstract","abstract","0","","fritillaria unibracteata","straina3","bulbs","present",NA,"isolated from healthy bulbs of fritillaria unibracteata; producing series of alkaloid components that inhibit the growth of staphyloccocus aureus.",NA,"not provided","not provided","abstract-csv; doi_nan","Abstract"
"Relevant","full-text","full-text","6","10.7324/japs.2023.134154","zingiber officinale linn. var. rubrum","aspergillus terreus","leaf","stem","rhizome","present",NA,"antimicrobial","isolated from surface-sterilized roots and stems using direct planting and pour methods.","tropical forest; indonesia; full-text; doi_10.7324_japs.2023.134154","Full-Text"
"Relevant","abstract","abstract","0","10.1094/mpmi-05-11-0138","rice","azoarcus sp. strain bh72 (endophyte","root","present",NA,"isolated from rice roots without induction of visible disease symptoms.","","","abstract-csv","doi_10.1094_mpmi-05-11-0138","Abstract"
"Relevant","abstract","abstract","0","10.4315/0362-028x-69.7.1571","mung bean","klebsiella spp.","not specified","present",NA,"associated with mung bean sprouts as an endophyte; absent when seeds were treated with a stabilized oxychloro-based sanitizer.",NA,"not specified","not specified","abstract-csv; doi_10.4315_0362-028x-69.7.1571","Abstract"
"Relevant","full-text","full-text","13","10.1186/s12866-022-02741-5","pinellia ternata","trichoderma atroviride","roots","stems","leaves","tubers","present",NA,"isolated from roots and tubers of p. ternata and p. pedatisecta","not specified; china; full-text; doi_10.1186_s12866-022-02741-5","Full-Text"
"Relevant","abstract","abstract","0","10.3390/horticulturae9020237","cabernet sauvignon","multiple (rh32","grape berries","present",NA,"exposure to the endophytic fungi impacts anthocyanin profiles in post-veraison grape berries.","not provided in text","not provided in text","abstract-csv","doi_10.3390_horticulturae9020237","Abstract"
"Relevant","full-text","full-text","15","10.1038/s41598-025-98978-x","fucus guiryi zardi","penicillium toxicarium","seaweed","present",NA,"isolated from seaweed hosts","marine","portugal","full-text","doi_10.1038_s41598-025-98978-x","Full-Text"
"Relevant","full-text","abstract","0","10.1104/pp.19.3.440","pine tree","basidomycete","root","present","mycorrhizal","forms symbiotic mycorrhizae; hyphae penetrate cortex; no special reference to nuclei",NA,NA,"phenol-oxidases limit hyphal penetration","nonparasitic nature indicated by ability of isolated mycorhizal segments to grow indefinitely; not specified; not specified; abstract-csv; doi_10.1104_pp.19.3.440","Full-Text"
"Relevant","abstract","abstract","0","10.1016/j.agsy.2019.102712","tall fescue",NA,"not specified","present",NA,"infected tall fescue grazing and hay","not specified","not specified","abstract-csv","doi_10.1016_j.agsy.2019.102712","Abstract"
"Relevant","abstract","abstract","0","","scirpus grossus","34 sp.","root","present","mycorrhizal","root colonization by amf; dark septate endophytic fungi also detected","urban wetland","tibet","china","abstract-csv; doi_nan","Abstract"
"Relevant","abstract","abstract","0","10.1016/j.sajb.2005.09.007","fabaceae","alternaria","seed pod","present",NA,"isolated from different aged surface-sterilised pods. demonstrated lignocellulolytic abilities.","not specified","botswana","abstract-csv","doi_10.1016_j.sajb.2005.09.007","Abstract"
"Relevant","abstract","abstract","0","10.1016/j.ijbiomac.2012.11.003","not specified","fusarium solani","not specified","present",NA,"isolated from the fungus","not specified","not specified","abstract-csv","doi_10.1016_j.ijbiomac.2012.11.003","Abstract"
"Relevant","abstract","abstract","0","10.1016/j.myc.2017.07.007","scaphyglottis punctulata","tulasnellaceae (unspecified order","root","present","root-associated (includes potential mycorrhizal species)","isolated from root tissue","using a culture dependent approach.","tropical mountain rainforest","ecuador","abstract-csv; doi_10.1016_j.myc.2017.07.007","Abstract"
"Relevant","abstract","abstract","0","10.1139/x06-063","picea glauca (moench) voss","amphinema byssoides","root","present","ectomycorrhizal","inoculated in nursery and recovered from roots after planting on clear-cut sites in alberta","canada.","boreal forest","canada","abstract-csv; doi_10.1139_x06-063","Abstract"
"Relevant","abstract","abstract","0","10.1111/j.1574-695x.2007.00331.x","garcinia species","phomopsis sp.","not specified","present","endophytic","isolated from garcinia plants in thailand","not specified","thailand","abstract-csv","doi_10.1111_j.1574-695x.2007.00331.x","Abstract"
"Relevant","abstract","abstract","0","10.1016/j.funbio.2020.09.001","theobroma cacao","moniliophthora perniciosa","not specified","present","pathogenic","endophytic","occurred as a pathogen on cacao (theobroma cacao)","also found as a non-pathogenic endophyte in allophylus edulis (sapindaceae)","atlantic rainforest","brazil; abstract-csv; doi_10.1016_j.funbio.2020.09.001","Abstract"
"Relevant","abstract","abstract","0","10.1080/10412905.2011.9712280","melaleuca alternifolia (tea tree)","drechslera avenae","(not specified","seed-borne)","present","pathogenic","isolated from seed-borne fungi","agricultural","(not specified)","abstract-csv; doi_10.1080_10412905.2011.9712280","Abstract"
"Relevant","abstract","abstract","0","10.1016/j.chmed.2023.07.004","nerium indicum","colletotrichum sp. hk-08","leaves","present","endophytic","isolated from leaves","","","abstract-csv","doi_10.1016_j.chmed.2023.07.004","Abstract"
"Relevant","abstract","abstract","0","","daucus carota l.","seed-borne fungi","seeds","present","pathogenic","seed-borne","eradicated through heat treatment","agricultural field","brazil","abstract-csv; doi_nan","Abstract"
"Relevant","abstract","abstract","0","10.1007/s00436-012-3167-4","not specified","","","present","unknown","isolated from tropical regions in mexico","exhibited antimycobacterial and antileishmanial effects","tropical","mexico","abstract-csv; doi_10.1007_s00436-012-3167-4","Abstract"
"Relevant","abstract","abstract","0","10.3390/plants10050892","populus (hybrid poplar)","glomeromycota","soil","wood","present","pathogenic","endophytic","root pathogens include species of oomycota. vascular and parenchymal pathogens include species of ascomycota and basidiomycota.","plantation","poland; abstract-csv; doi_10.3390_plants10050892","Abstract"
"Relevant","abstract","full-text","14","10.12657/denbio.075.010","quercus robur","dicyma","root","present","unknown","isolated from roots of 80–96-year-old q. robur that had been subjected to periodic flooding and had symptoms of oak decline","forest","poland","full-text","doi_10.12657_denbio.075.010","Abstract"
"Relevant","abstract","abstract","0","10.1007/s10658-008-9329-7","lolium perenne (perennial ryegrass)","fusarium avenaceum","leaf","present","pathogenic","isolated from detached leaves for some pathogens","and from living plants for others. the interaction with neotyphodium lolii shows an effect on host physiological response.","not mentioned","not mentioned","abstract-csv; doi_10.1007_s10658-008-9329-7","Abstract"
"Relevant","abstract","abstract","0","","not_specified","endophytic fungi","not_specified","present","producing bioactive compounds and potentially fuel precursors","reside in healthy parts of the plant without causing symptoms of disease","not_specified","india","abstract-csv","doi_nan","Abstract"
"Relevant","abstract","abstract","0","10.3390/jof6030123","paullinia cupana var. sorbilis","phyllosticta","leaves and seeds","present","endophytic (based on isolation from plant tissue)","isolated from leaves and seeds of anthracnose-resistant and susceptible guarana plants produced in maues and manaus","brazil","amazon rainforest","brazil","abstract-csv; doi_10.3390_jof6030123","Abstract"
"Relevant","full-text","full-text","5","10.26538/tjnpr/v8i3.37","annona muricata linn.","endophytic fungus","leaf","present","endophytic","isolated from surface-sterilized roots","not specified","nigeria","full-text","doi_10.26538_tjnpr_v8i3.37","Full-Text"
"Relevant","abstract","abstract","0","10.5943/ajom/6/2/5","sonneratia alba","fusarium","leaves","roots","twigs","present","endophytic","isolated from different parts of mangrove species using standard potato dextrose agar culturing","mangrove","sri lanka; abstract-csv; doi_10.5943_ajom_6_2_5","Abstract"
"Relevant","abstract","abstract","0","10.1093/aob/mcae014","lolium arundinaceum","epichlo?","reproductive tissues","vegetative structures","below-ground tissue","above-ground parts","present","endophytic","symbiotic relationship","fungal endophytes synthesize anti-herbivore alkaloids; pasture; not specified; abstract-csv; doi_10.1093_aob_mcae014","Abstract"
"Relevant","abstract","abstract","0","10.1055/s-0042-111008","anthocleista djalonensis","colletotrichum gloeosporioides","leaf","present","endophytic","isolated from surface-sterilized leaves","(not provided in text)","nigeria","abstract-csv","doi_10.1055_s-0042-111008","Abstract"
"Relevant","abstract","abstract","0","10.1007/s40011-019-01159-w","z. officinale","rhizophagus","root","present","endomycorrhizal (symbiotic)","both species have dual colonization of amf and dsef structures in different cortical cells.","shifting cultivation fields","hilly terrains","manipur","northeast india; abstract-csv; doi_10.1007_s40011-019-01159-w","Abstract"
"Relevant","full-text","full-text","19","10.1371/journal.pone.0273908","abelmoschus esculentus (okra)","aspergillus violaceofuscus","not specified","present","biocontrol agent","isolated from chilli","promoted growth under cd and cr stress","not specified","pakistan","full-text; doi_10.1371_journal.pone.0273908","Full-Text"
"Relevant","abstract","abstract","0","10.1007/s00572-017-0785-9","trisetum spicatum","arbuscular mycorrhizal endophyte","root","present","mycorrhizal","isolated from root samples","both coarse and fine endophytes detected","high arctic","spitsbergen","norway; abstract-csv; doi_10.1007_s00572-017-0785-9","Abstract"
"Relevant","abstract","abstract","0","10.5897/jmpr11.921","dioscorea zingiberensis c. h. wright","fusarium redolens","seedling","cell culture","present","endophytic","elicits diosgenin production in seedling and cell cultures","","","abstract-csv; doi_10.5897_jmpr11.921","Abstract"
"Relevant","abstract","abstract","0","10.1016/j.jhazmat.2021.125595","endive","unknown (mentioned as endophytes","leaf","root","present","endophytic","isolated from leaf and root endophytes of the specified vegetables","not specified in the text","not specified in the text","abstract-csv; doi_10.1016_j.jhazmat.2021.125595","Abstract"
"Relevant","full-text","full-text","15","10.1038/s41598-025-98978-x","fucus guiryi zardi","exophiala mesophila","seaweed","present","endophytic","isolated from seaweed hosts","marine","portugal","full-text","doi_10.1038_s41598-025-98978-x","Full-Text"
"Relevant","abstract","abstract","0","10.1007/bf02027781","zea mays (corn)","balansiae tribe","leaf","present","endophytic","infected grasses produce ergot alkaloids that may provide plant defense against herbivores","particularly the fall armyworm.","grassland","not specified","abstract-csv; doi_10.1007_bf02027781","Abstract"
"Relevant","abstract","abstract","0","10.1094/pdis.1998.82.12.1401c","ceratonia siliqua l.","pseudocercospora ceratoniae deighton","leaf","present","pathogenic","causal agent of a leaf disease outbreak in sicily","italy. isolated from necrotic spots on the lower surface of leaves.","mediterranean","italy","abstract-csv; doi_10.1094_pdis.1998.82.12.1401c","Abstract"
"Relevant","abstract","abstract","0","10.3390/jof10110799","zea mays (maize)","colletotrichum boninense","leaf","present","pathogenic","endophytic","isolated from maize leaf spots; pathogenicity tests revealed that c. cliviicola","c. fructicola","c. siamense","c. karstii; and c. truncatum are causative agents of maize anthracnose; c. boninense was identified as an endophytic fungus on healthy maize; agricultural field; china (sichuan province); abstract-csv; doi_10.3390_jof10110799","Abstract"
"Relevant","abstract","abstract","0","10.1007/s13225-018-0399-3","vitis vinifera","curvularia","stem","present","endophytic","isolated from healthy grapevine stem fragments","not provided","not provided","abstract-csv","doi_10.1007_s13225-018-0399-3","Abstract"
"Relevant","abstract","abstract","0","10.1007/s13225-013-0223-z","poaceae (grasses)","alternaria","host plant tissue","present","endophytic","natural endophytes isolated from grass species. saprobic colonization and sporulation observed on dead host plant tissue.","grasslands","(not specified - global)","abstract-csv","doi_10.1007_s13225-013-0223-z","Abstract"
"Relevant","full-text","full-text","12","10.1186/s41938-023-00725-9","hevea brasiliensis","clostostachys chloroleuca tmds 2.1","roots","present","biocontrol agent","isolated from rubber plant nursery to inhibit white root rot disease caused by rigidoporus microporus","tropical rubber plantation","indonesia","full-text","doi_10.1186_s41938-023-00725-9","Full-Text"
"Relevant","abstract","abstract","0","10.19540/j.cnki.cjcmm.20230606.101","scutellaria baicalensis","common_name: fusarium solani","callus","present","endophytic","isolated from scutellaria baicalensis","promoting accumulation of flavonoids in callus.","not provided","not provided","abstract-csv; doi_10.19540_j.cnki.cjcmm.20230606.101","Abstract"
"Relevant","abstract","abstract","0","10.26651/allelo.j./2018-44-2-1169","euphorbia heterophylla l.","diaporthe sp.","leaf","present","pathogenic","isolated from leaves of serjania lethalis","(not provided in text)","(not provided in text)","abstract-csv","doi_10.26651_allelo.j._2018-44-2-1169","Abstract"
"Relevant","abstract","abstract","0","10.15446/abc.v23n3.69455","theobroma cacao (malvaceae)","strain: ec059","leaf","present","biocontrol agent","isolated from healthy theobroma cacao tissue; demonstrates mycoparasitism","antagonistic effects on moniliophthora spp. growth through crude metabolites","and ability to recolonize host leaves.","(not provided in the text)","ecuador; abstract-csv; doi_10.15446_abc.v23n3.69455","Abstract"
"Relevant","abstract","abstract","0","10.1139/b91-217","vaccinium angustifolium ait.","oidiodendron scytaloides","root","present","ericoid mycorrhizal","inoculated under axenic growing conditions","characteristic hyphal coils developed inside root cortical cells.","(not provided in text)","(not provided in text)","abstract-csv; doi_10.1139_b91-217","Abstract"
"Relevant","abstract","abstract","0","10.1007/s12013-024-01553-w","aegiceras corniculatum (l.) blanco","aspergillus species","bark","present","endophytic","isolated from different sites of the baleswar river region in sundarban","mangrove","india","abstract-csv","doi_10.1007_s12013-024-01553-w","Abstract"
"Relevant","full-text","full-text","15","10.1038/s41598-023-33195-y","triticum aestivum l.","basidiomycota","leaf","kernel","stem","root","present","endophytic","isolated from various wheat cultivars grown under different conditions","agricultural field and greenhouse; poland; full-text; doi_10.1038_s41598-023-33195-y","Full-Text"
"Relevant","full-text","full-text","12","10.1038/s41598-024-71839-9","chenopodium quinoa willd","multiple - not specified in text","various symptoms","present","pathogenic","isolated from symptomatic organs across three agro-ecological zones","not specified","burkina faso","full-text","doi_10.1038_s41598-024-71839-9","Full-Text"
"Relevant","abstract","abstract","0","10.14601/phytopathol_mediterr-23337","vitis vinifera (cabernet sauvignon)","phaeomoniella chlamydospora","['rootstocks","trunks","cordons']","present","endophytic","pathogenic","unknown","isolated from vines with and without esca-foliar symptoms. associations assessed between fungal taxa and health status of vines; host parts and tissue types.; vineyard; spain; abstract-csv; doi_10.14601_phytopathol_mediterr-23337","Abstract"
"Relevant","abstract","abstract","0","10.1007/s00248-022-02067-9","quercus spp.","tubakia sensu lato","leaf","present","endophytic","foliar endophytes","dominant forest tree species","host-specific among quercus spp.","evergreen forests","japan; abstract-csv; doi_10.1007_s00248-022-02067-9","Abstract"
"Relevant","abstract","abstract","0","","azadirachta indica a. juss","curvularia geniculatae","leaf","present","endophytic","isolated from leaves","","","abstract-csv","doi_nan","Abstract"
"Relevant","full-text","full-text","8","10.1186/s13717-021-00287-4","ratibida columnifera (nutt.)","soil microbes","seed","present","endophytic or mutualistic","treated with microbial wash extracted from native soils","semi-arid subtropical","united states (south texas","lower rio grande valley)","full-text; doi_10.1186_s13717-021-00287-4","Full-Text"
"Relevant","abstract","abstract","0","10.1111/j.2007.0906-7590.05027.x","festuca ovina","epichloe festucae","vegetative tillers (for f. rubra at local scale)","flowering culms (for f. rubra at regional scale)","present","symbiotic","fungal symbiont providing host plant with protection against herbivores","but infection might also be associated with a cost to its host plant.","mountain ecosystems in northern sweden","sweden; abstract-csv; doi_10.1111_j.2007.0906-7590.05027.x","Abstract"
"Relevant","abstract","abstract","0","10.1080/15226514.2020.1780410","zea mays l.","bacillus pumilus","not specified","present","unkown (biological control agent can be inferred due to its use as an inoculant)","inoculated into z. mays seedlings for enhanced plant growth and cd uptake potential","not specified","not specified","abstract-csv","doi_10.1080_15226514.2020.1780410","Abstract"
"Relevant","full-text","full-text","20","10.1038/s41598-025-94982-3","glycine max (soybean)","leptodontidium sp.","roots","present","endophytic","inoculants applied to soybean fields for increased yield","total soc","and soil n. associated with an increase in aggregate occluded particulate organic matter (opom) c and n","and mineral-associated organic matter (maom) c and n.","agricultural; australia; full-text; doi_10.1038_s41598-025-94982-3","Full-Text"
"Relevant","abstract","abstract","0","","fraxinus excelsior (european ash)","gibberella sp.","stem collar","present","pathogenic","endophytic","saprotrophic","isolated from stem collar rots of various developmental stages.","forest","germany (schleswig-holstein and lower saxony); abstract-csv; doi_nan","Abstract"
"Relevant","full-text","full-text","6","10.1007/s42770-024-01304-2","coffea arabica","simplicillium","leaf","present","pathogenic antagonist","isolated from coffee leaf rust (clr) lesions","agro-ecosystem","usa","full-text","doi_10.1007_s42770-024-01304-2","Full-Text"
"Relevant","full-text","full-text","13","10.15381/rivep.v33i5.23790","calamagrostis vicunarum","12","aerial biomass","present","endophytic","isolated from surface-sterilized roots","high andean grasslands","peru","full-text","doi_10.15381_rivep.v33i5.23790","Full-Text"
"Relevant","full-text","abstract","0","10.1007/s11104-013-1864-0","arabidopsis thaliana","saccharothrix algeriensis nrrl b-24137","root","present","biocontrol agent","isolated from saharan soil","potential biocontrol agent against botrytis cinerea","epi- and endophytic colonization of roots","ja/et dependent systemic resistance induction","sahara desert; algeria; abstract-csv; doi_10.1007_s11104-013-1864-0","Full-Text"
"Relevant","abstract","abstract","0","10.1111/efp.12498","acacia hybrid (acacia mangium x acacia auriculiformis)","multiple","discoloured and decayed wood","present","unknown (possibly pathogenic or saprotrophic)","isolated from discoloured and decayed wood samples in plantations after thinning and fertilizer treatments","plantation","vietnam","abstract-csv","doi_10.1111_efp.12498","Abstract"
"Relevant","full-text","full-text","31","10.1007/s11557-024-02025-4","not specified","ilyonectria","not specified","present","endophytic","pathogenic","mycophilic","saprotrophic (unspecified)","various lifestyles observed in different genera including plant pathogens","mycophilic taxa; endophytes; and saprobes; not specified; poland; the netherlands; germany; south africa; full-text; doi_10.1007_s11557-024-02025-4","Full-Text"
"Relevant","full-text","full-text","10","10.4067/s0716-97602010000400001","luehea divaricata (martius et zuccarini)","epicoccum","leaf","present","endophytic","isolated from surface-sterilized roots","not specified","brazil","full-text","doi_10.4067_s0716-97602010000400001","Full-Text"
"Relevant","abstract","abstract","0","10.5943/mycosphere/si/1b/7","not specified","botryosphaeriaceae (dothideomycetes","living tissues","present","pathogenic","becomes pathogenic under stress conditions caused by environmental changes","management practices","or pests.","","; abstract-csv; doi_10.5943_mycosphere_si_1b_7","Abstract"
"Relevant","abstract","abstract","0","10.1007/s10340-016-0767-2","cucumis melo l.","beauveria bassiana vuill.","leaf","present","pathogenic","foliar application for control of bemisia tabaci gennadius (hemiptera: aleyrodidae).","","","abstract-csv","doi_10.1007_s10340-016-0767-2","Abstract"
"Relevant","abstract","abstract","0","10.1039/d4ra05758a","camellia sinensis (l.) kuntze","pseudopestalotiopsis camelliae-sinensis","leaf","present","endophytic","isolated from tea leaves","(not provided in text)","(not provided in text)","abstract-csv","doi_10.1039_d4ra05758a","Abstract"
"Relevant","abstract","abstract","0","10.1016/j.rhisph.2023.100720","medicinal plants (not specified individually)","but no specific taxa listed)","plant tissues","present","endophytic","bacteria promote plant growth and improve resistance to pathogens","regulate synthesis of secondary metabolites with medicinal properties","and induce various biological effects.","not specified","not specified; abstract-csv; doi_10.1016_j.rhisph.2023.100720","Abstract"
"Relevant","abstract","abstract","0","10.1016/j.sajb.2023.10.035","amaranthus sp.","cladosporium","root","present","saprotrophic","isolated from roots of red amaranthus sp.","","","abstract-csv","doi_10.1016_j.sajb.2023.10.035","Abstract"
"Relevant","abstract","abstract","0","","oryza sativa (rice)","pyricularia oryzae","root","foliage","present","pathogenic","cg-114 has systemic action against infections when applied to root or foliage","inhibits secondary infection and reduces spore virulence.","agricultural","not specified; abstract-csv; doi_nan","Abstract"
"Relevant","full-text","full-text","17","10.1038/s41598-021-04097-8","pennisetum glaucum (l.) r. br.","and saprotrophs","root","present","symbiotrophic","pathogenic","saprotrophic","associated with roots; wild and cultivated pearl millet. soil parameters influencing fungal community structure.","arid and semi-arid regions of sub-saharan africa and india","senegal; full-text; doi_10.1038_s41598-021-04097-8","Full-Text"
"Relevant","full-text","full-text","12","10.1186/s13213-020-01583-8","beta vulgaris l.","not specified","not specified (study on endophytic bacteria)","present","endophytic","study on the effects of continuous cropping of sugar beet on its endophytic bacterial community structures and diversity","not specified","china","full-text","doi_10.1186_s13213-020-01583-8","Full-Text"
"Relevant","full-text","full-text","18","10.1186/s12870-024-05764-4","thymus vulgaris","cladosporium puyae","not specified","present","endophytic","isolated from lamiaceae family","used as a biological tool to enhance drought tolerance in t. vulgaris.","not specified","iran","full-text; doi_10.1186_s12870-024-05764-4","Full-Text"
"Relevant","full-text","full-text","9","10.1590/s1516-8913201402043","tobacco plants","sterptomycete-like strain","internal tissues","leaf","root","glumes","present","endophytic","isolated from internal tissues of plants","forms symbiotic association; no overt negative effect on plant; tropical forests; coniferous forests; desert; france; brazil; colombia; germany; north america; full-text; doi_10.1590_s1516-8913201402043","Full-Text"
"Relevant","abstract","abstract","0","10.1094/pdis.2000.84.12.1282","carya illinoinensis",NA,"leaf","present","pathogenic","initiated by the fastidious xylem-limited bacterium xylella fastidiosa","not necessary for symptom development","orchard (commercial)","louisiana","abstract-csv; doi_10.1094_pdis.2000.84.12.1282","Abstract"
"Relevant","abstract","abstract","0","10.1128/aem.05255-11","populus deltoides","pezizomycotina and agaricomycotina","root endophytic and rhizospheric habitats","present","endophytic","saprotrophic (not explicitly stated but inferred as they are found in root tissue)","isolated from mature natural trees from both upland and bottomland sites in central tennessee. community profiling utilized 454 pyrosequencing with separate primers targeting the v4 region for bacterial 16s rrna and the d1/d2 region for fungal 28s rrna genes.","not explicitly mentioned","united states (tennessee)","abstract-csv; doi_10.1128_aem.05255-11","Abstract"
"Relevant","full-text","full-text","21","10.1007/s13225-023-00530-7","peaches","dothideomycetes","stem and xylem tissues","present","pathogenic","causes stem cankers","blocks xylem vessels","induces death of xylem parenchyma and bark tissues","produces phytotoxic metabolites","translocate them via the xylem sap; causes canopy disease symptoms; urban and forest tree species; global; full-text; doi_10.1007_s13225-023-00530-7","Full-Text"
"Relevant","abstract","abstract","0","","triticum aestivum (wheat)","f. oxysporum","grain","present","pathogenic","isolated from seeds of seven selected cultivars of wheat in two seasons from five agricultural research stations.","not_provided_in_text","bangladesh","abstract-csv","doi_nan","Abstract"
"Relevant","abstract","abstract","0","10.1111/efp.12240","pinus sylvestris","anthostomella formosa","callus (undifferentiated plant cells)","present","['pathogenic'","'endophytic'","'saprotrophic']","['gremmeniella abietina caused extensive necrosis and death within 10 days after inoculation'","'anthostomella formosa did not cause evident symptoms of callus degradation'","'phacidium lacerum remained the fastest colonizer']; not provided (pine forest assumed); not provided (european pine species assumed); abstract-csv; doi_10.1111_efp.12240","Abstract"
"Relevant","abstract","abstract","0","10.16333/j.1001-6880.2020.11.016","pseudostellaria heterophylla","cylindrocarpon sp.","root","present","endophytic","isolated from surface-sterilized roots","(not provided in text)","china","abstract-csv","doi_10.16333_j.1001-6880.2020.11.016","Abstract"
"Relevant","abstract","abstract","0","10.1111/nph.13418","triticumxsecale","zymoseptoria tritici","leaf","present","pathogenic","isolated from cereal leaves","visually assessed for disease","not specified","not specified","abstract-csv; doi_10.1111_nph.13418","Abstract"
"Relevant","full-text","full-text","16","10.19136/era.a11n2.3992","lagenaria siceraria (molina) standl.","lasiodiplodia pseudotheobromae","not specified in the text","present","biocontrol agent","isolated from different organs of the plants","subjected to dual confrontations and antibiotic tests","tropical","mexico","full-text; doi_10.19136_era.a11n2.3992","Full-Text"
"Relevant","abstract","abstract","0","10.1016/j.funeco.2020.100989","multiple","ophiocordyceps sinensis","leaf","root","present","endophytic","prevalent plant endophyte in caterpillar fungus collection site at mt. gongga","sichuan","china.","mountain; china; abstract-csv; doi_10.1016_j.funeco.2020.100989","Abstract"
"Relevant","full-text","full-text","6","10.1515/helia.2001.24.35.67","helianthus annuus l.","macrophomina phaseolina","seed","present","pathogenic","naturally infected sunflower cultivars nk-212 and ho-1 were treated with various fungicides for control of seed-borne pathogens","","pakistan","full-text","doi_10.1515_helia.2001.24.35.67","Full-Text"
"Relevant","abstract","abstract","0","10.5943/sif/6/1/35","citrofortunella microcarpa (bunge) wijnands","pleosporales","stem","leaves","present","endophytic","isolated from stem and leaves","not specified","philippines","abstract-csv; doi_10.5943_sif_6_1_35","Abstract"
"Relevant","abstract","abstract","0","10.1007/s10530-016-1160-z","phragmites australis","peyronellaea glomerata","stems","leaves","roots","present","endophytic","isolated from high saline and low saline habitats. shows greater propensity for growth promotion of rice seedlings under salt stress.","saline environments","not specified; abstract-csv; doi_10.1007_s10530-016-1160-z","Abstract"
"Relevant","abstract","abstract","0","10.4238/gmr18570","acmella ciliata (asteraceae)","curvularia species unspecified","leaves","present","biocontrol agent","isolated from acmella ciliata and exhibited antagonism against fusarium decemcellulare and colletotrichum gloeosporioides","not specified","brazil","abstract-csv","doi_10.4238_gmr18570","Abstract"
"Relevant","full-text","full-text","12","10.3389/fmicb.2024.1383923","psathyrostachys lanuginosa","epichloë bromicola","above-ground parts (seeds","stems","and sheaths)","present","endophytic","isolated from the above-ground parts of p. lanuginosa","arid and semi-arid regions","china and mongolia; china; full-text; doi_10.3389_fmicb.2024.1383923","Full-Text"
"Relevant","abstract","abstract","0","10.1016/0378-4274(83)90266-7","rattus norvegicus (laboratory rat)","aspergillus flavus","liver","present","pathogenic","cause of hepatocellular damage","laboratory","not_provided","abstract-csv","doi_10.1016_0378-4274(83)90266-7","Abstract"
"Relevant","abstract","abstract","0","10.1007/s10482-019-01380-7","physcomitrium sphaericum (ludw) fuernr","actinomadura physcomitrii","moss","present","endophytic","isolated from the moss species","moss ecosystem","yunnan province","southwest china","china; abstract-csv; doi_10.1007_s10482-019-01380-7","Abstract"
"Relevant","abstract","abstract","0","10.22207/jpam.11.2.43","tinospora cordifolia (willd.) hook.f and thomson (menispermaceae)","fusarium solani","not specified","present","endophytic","isolated from tinospora cordifolia","western ghats of karnataka","india","abstract-csv","doi_10.22207_jpam.11.2.43","Abstract"
"Relevant","abstract","abstract","0","10.7717/peerj.15461","dendrobium harveyanum","biscogniauxia petrensis mflucc14-0151","not specified","present","endophytic","isolated from the medicinal plant","not specified","not specified","abstract-csv","doi_10.7717_peerj.15461","Abstract"
"Relevant","abstract","abstract","0","10.3389/fmicb.2022.1003790","turbinaria conoides","botryosphaeriales","not mentioned","present","unknown","collected from the north of mauritius","co-occurring with sponges but showing unique fungal diversity compared to them.","marine","mauritius","abstract-csv; doi_10.3389_fmicb.2022.1003790","Abstract"
"Relevant","abstract","abstract","0","","festuca arundinacea (tall fescue)","acremonium lolii","grass","present","endophytic","pathogenic","causes damage to livestock; associated with ergopeptide alkaloid ergovaline and indole-isoprenoid lolitrems production.","pasture","","abstract-csv; doi_nan","Abstract"
"Relevant","abstract","abstract","0","","anoectochilus roxburghii","epulorhiza sp.","not specified","present","endophytic","incubated with endophytic fungi ar-18","harvested after being cultured for age in peat or vermiculite medium.","","","abstract-csv; doi_nan","Abstract"
"Relevant","abstract","abstract","0","10.3923/pjbs.2008.321.331","sorghum bicolor (sorghum) and pearl millet (pennisetum glaucum)","sclerospora graminicola","seeds","present","pathogenic","isolated from seed samples collected in burkina faso in 1989 and 2002","not specified","burkina faso","abstract-csv","doi_10.3923_pjbs.2008.321.331","Abstract"
"Relevant","full-text","full-text","7","10.31351/vol32iss1pp160-166","uncaria gambier roxb.","diaporthe sp.","not specified","present","endophytic","mutualistic","isolated from gambir plant","not specified","indonesia","full-text; doi_10.31351_vol32iss1pp160-166","Full-Text"
"Relevant","abstract","abstract","0","10.1111/j.1365-2494.1997.tb02374.x","lolium perenne","neotyphodium","herbage (implies whole plant including leaves and roots)","present","endophytic","infection detected in 33 of 38 ecotype populations","frequency of infected plants ranged from 1% to 80%","contribution to biomass of original swards ranged from 1% to 34%","germany (specific sites not provided)","germany; abstract-csv; doi_10.1111_j.1365-2494.1997.tb02374.x","Abstract"
"Relevant","abstract","abstract","0","10.1093/femsec/fiz101","zea mays (maize)","sebacinales","root","present","unknown (inconspicuous symbionts","potential plant growth-promoting abilities)","occurred in 87% of field samples","potentially relevant for on-farm inoculum development","congo basin rainforest","not specified (congo basin); abstract-csv; doi_10.1093_femsec_fiz101","Abstract"
"Relevant","abstract","abstract","0","10.1016/j.micres.2020.126585","allium sativum l.",NA,"root","present","endophytic","isolated from garlic roots and found to promote growth of garlic meristems in vitro","also producing volatiles that inhibit fungi growth","agricultural","brazil","abstract-csv; doi_10.1016_j.micres.2020.126585","Abstract"
"Relevant","abstract","abstract","0","10.1007/s11557-017-1341-x","halophytes in marine or saline habitats","neocamarosporium jorjanensis","","present","halotolerant","possibly pathogenic or endophytic (based on association with halophytes)","isolated from soils of three hypersaline lakes in iran. growth in media containing various nacl and mgcl2 concentrations indicates that neocamarosporium species are halotolerant.","marine or saline habitats","iran","abstract-csv; doi_10.1007_s11557-017-1341-x","Abstract"
"Relevant","abstract","abstract","0","","dendrobium officinale","notes:","root","present","endophytic","isolated from inoculated roots","mainly found in velamina and cortex cells.","not provided (abstract)","not provided (abstract)","abstract-csv; doi_nan","Abstract"
"Relevant","full-text","abstract","0","10.7606/j.issn.1000-7601.2023.02.23","malus domestica (apple)","cryptococcus)","leaf","present","pathogenic","isolated from leaves of different apple varieties in an arid area. upgma analysis showed differences related to apple varieties.","arid","xinjiang","china","abstract-csv; doi_10.7606_j.issn.1000-7601.2023.02.23","Full-Text"
"Relevant","abstract","abstract","0","10.1007/s12223-018-00673-0","emblica officinalis",NA,"root","stem","leaf","present","endophytic","isolated from root","stem","and leaf tissues of six selected medicinal plants from three different protected areas; evergreen forest; assam; india; abstract-csv; doi_10.1007_s12223-018-00673-0","Abstract"
"Relevant","abstract","abstract","0","10.1111/j.1439-0329.2010.00675.x","pseudotsuga menziesii (coastal douglas-fir)","48 unique fungal taxa identified","wood","present","endophytic (dominant)","isolated from wood cores of commercially damaged and non-damaged douglas-fir trees","14 years after thinning activities","coastal","not provided (abstract)","abstract-csv; doi_10.1111_j.1439-0329.2010.00675.x","Abstract"
"Relevant","abstract","abstract","0","10.1023/a:1015201616013","festuca arundinacea (tall fescue)","neotyphodium spp.","whole plant","present","endophytic","infection observed","alkaloids synthesized as insect deterrents or toxicity.","not specified","not specified","abstract-csv; doi_10.1023_a:1015201616013","Abstract"
"Relevant","abstract","abstract","0","10.1016/j.virol.2020.11.011","cryphonectria radicalis","cryphonectria nitschkei strain ob5/11","","present","pathogenic","the fungus was laterally transferred to c. nitschkei","c. radicalis","and c. naterciae via coculturing","virion transfection","and protoplast fusion; ; japan; abstract-csv; doi_10.1016_j.virol.2020.11.011","Abstract"
"Relevant","abstract","abstract","0","","bambusa oldhamii munro","multiple (species not listed","nodal segments","present","endophytic","isolated during in vitro culture","field-grown","brazil","abstract-csv","doi_nan","Abstract"
"Relevant","abstract","abstract","0","10.1111/j.1439-0329.2010.00683.x","sonneratia hainanensis","glomerella","roots","stems","leaves","present","endophytic","isolated from various tissues of the mangrove species","mangrove forests","china (south coast); abstract-csv; doi_10.1111_j.1439-0329.2010.00683.x","Abstract"
"Relevant","full-text","abstract","0","10.3114/fuse.2024.13.07","mangifera indica","l. mahajangana","branches","present","endophytic (diplodia allocellula","dothiorella brevicollis","do. viticola","l. crassispora","l. mahajangana","oblongocollomyces ednahkunjekuae sp. nov); pathogenic (lasiodiplodia pseudotheobromae); isolated from asymptomatic and symptomatic tissues; agroecosystems and conservation areas in northern south africa; south africa; abstract-csv; doi_10.3114_fuse.2024.13.07","Full-Text"
"Relevant","abstract","abstract","0","10.1111/nph.19521","ericoid shrubs","various (mentioned as dark septate endophyte","root","present","endophytic","mycorrhizal","pathogenic (implied as root-associated fungi but not explicitly stated)","warming impacts raf community composition of ericoid shrubs and correlates with root traits. raf taxa strongly correlated with permafrost n uptake for ecm and erm shrubs.","arctic tundra","united states (alaska); abstract-csv; doi_10.1111_nph.19521","Abstract"
"Relevant","abstract","abstract","0","10.1002/cbdv.202300953","not specified","clonostachys sp. y6-1","not specified","present","unknown","associated with the plant host","","","abstract-csv","doi_10.1002_cbdv.202300953","Abstract"
"Relevant","abstract","abstract","0","10.1007/s13225-012-0153-1","1. pinus tabulaeformis","11 curvularia lunata","stems and leaf segments","present","endophytic","isolated from stems and leaf segments of five dominant plant species collected from baima snow mountain (altitude 4","000-4","300 m)","southwest china","mountainous; china; abstract-csv; doi_10.1007_s13225-012-0153-1","Abstract"
"Relevant","full-text","abstract","0","10.11707/j.1001-7488.20220512","pinus sylvestris var. mongolica","trichoderma viride","not specified","present","symbiotic (for sirex nitobei)","endophytic (for phlebiopsis gigantea and trichoderma viride)","the endophytic fungi inhibit the growth of symbiotic fungi in s. nitobei","forest","china","abstract-csv; doi_10.11707_j.1001-7488.20220512","Full-Text"
