relevance,doc_type_ai,doc_type_pages,page_count,doi,plant_host,fungal_taxon,tissue,presence_absence,primary_guild,interaction_notes,biome,country,data_source,source_file,relevance_raw,doc_type_ai_raw,doc_type_ai_clean,presence_absence_clean,doi_clean,page_count_clean,paper_id,interaction_id,fungal_taxon_raw,fungal_taxon_resolved,fungal_taxon_status,fungal_taxon_resolution_method,fungal_taxon_confidence,fungal_taxon_accepted_ids,plant_host_raw,plant_host_resolved,plant_host_status,plant_host_resolution_method,plant_host_confidence,plant_host_accepted_ids
Relevant,abstract,abstract,0,10.1111/j.1744-7348.1975.tb01599.x,solanum lycopersicum (tomato),botrytis cinerea,"stem, leaves, fruit",present,pathogenic,caused grey mould infections,NA,NA,abstract-csv,doi_10.1111_j.1744-7348.1975.tb01599.x,Relevant,Abstract,Abstract,Presence,10.1111/j.1744-7348.1975.tb01599.x,0,doi:10.1111/j.1744-7348.1975.tb01599.x,int_3726258704c1a17a,botrytis cinerea,botrytis cinerea,Resolved,exact_accepted,1.00,2583139,solanum lycopersicum (tomato),solanum lycopersicum,Resolved,exact_accepted,1.00,2930137
Relevant,abstract,abstract,0,10.5586/aa.1977.024,linum usitatissimum (flax),fusarium sp.,soil,present,pathogenic,soil-borne infection,NA,NA,abstract-csv,doi_10.5586_aa.1977.024,Relevant,Abstract,Abstract,Presence,10.5586/aa.1977.024,0,doi:10.5586/aa.1977.024,int_0259f88c993460f6,fusarium sp.,fusarium,Resolved,exact_accepted,1.00,2554026,linum usitatissimum (flax),linum usitatissimum,Resolved,exact_accepted,1.00,2873861
Relevant,abstract,abstract,0,10.1007/bf02980298,fragaria x ananassa (strawberry,botrytis cinerea pers.,leaf,present,pathogenic,caused fruit rot,NA,NA,abstract-csv,doi_10.1007_bf02980298,Relevant,Abstract,Abstract,Presence,10.1007/bf02980298,0,doi:10.1007/bf02980298,int_237b929c4028b82a,botrytis cinerea pers.,botrytis cinerea,Resolved,exact_accepted,1.00,2583139,fragaria x ananassa (strawberry,fragaria ananassa,Resolved,exact_accepted,1.00,3029912
Relevant,abstract,abstract,0,10.1007/bf02980298,cv. tioga),botrytis cinerea pers.,leaf,present,pathogenic,caused fruit rot,NA,NA,abstract-csv,doi_10.1007_bf02980298,Relevant,Abstract,Abstract,Presence,10.1007/bf02980298,0,doi:10.1007/bf02980298,int_ba782b2f5333cf94,botrytis cinerea pers.,botrytis cinerea,Resolved,exact_accepted,1.00,2583139,cv. tioga),,Unresolved,no_match,0.00,
Relevant,abstract,abstract,0,10.1080/09670877709412477,oryza sativa l.,not mentioned (nematode,roots,present,pathogenic,"caused by the nematode, artificially inoculated to rice plants",deep-water rice field,NA,abstract-csv,doi_10.1080_09670877709412477,Relevant,Abstract,Abstract,Presence,10.1080/09670877709412477,0,doi:10.1080/09670877709412477,int_9120ffc00c840803,not mentioned (nematode,,Unresolved,empty,0.00,,oryza sativa l.,oryza sativa,Resolved,exact_accepted,1.00,2703459
Relevant,abstract,abstract,0,10.1080/09670877709412477,oryza sativa l.,ditylenchus angustus is not a fungus),roots,present,pathogenic,"caused by the nematode, artificially inoculated to rice plants",deep-water rice field,NA,abstract-csv,doi_10.1080_09670877709412477,Relevant,Abstract,Abstract,Presence,10.1080/09670877709412477,0,doi:10.1080/09670877709412477,int_1788e46412e08fe9,ditylenchus angustus is not a fungus),,Unresolved,no_match,0.00,,oryza sativa l.,oryza sativa,Resolved,exact_accepted,1.00,2703459
Relevant,abstract,abstract,0,10.1111/j.1365-3059.1975.tb01880.x,avena sativa (oat),pyrenophora avenae,seed,present,pathogenic,cause of leaf spot and seedling blight,NA,northern ireland,abstract-csv,doi_10.1111_j.1365-3059.1975.tb01880.x,Relevant,Abstract,Abstract,Presence,10.1111/j.1365-3059.1975.tb01880.x,0,doi:10.1111/j.1365-3059.1975.tb01880.x,int_a141bea9b0994faf,pyrenophora avenae,pyrenophora avenae,Resolved,exact_accepted,1.00,2616556,avena sativa (oat),avena sativa,Resolved,exact_accepted,1.00,2705290
Relevant,abstract,abstract,0,10.1111/j.1365-2338.1976.tb01551.x,solanum tuberosum (tomato),striga spp. (potato wart disease causal agent),NA,present,pathogenic,"the text suggests the tomato is a susceptible host to potato wart disease, caused by striga spp.",NA,newfoundland,abstract-csv,doi_10.1111_j.1365-2338.1976.tb01551.x,Relevant,Abstract,Abstract,Presence,10.1111/j.1365-2338.1976.tb01551.x,0,doi:10.1111/j.1365-2338.1976.tb01551.x,int_7183c80adb112412,striga spp. (potato wart disease causal agent),striga,Resolved,exact_accepted,1.00,3171157,solanum tuberosum (tomato),solanum tuberosum,Resolved,exact_accepted,1.00,2930262
Relevant,abstract,abstract,0,10.1111/j.1365-2338.1972.tb02122.x,tulipa spp.,botrytis tulipae (lib.) lind,NA,present,pathogenic,soil-borne pathogen causing disease in tulips,agricultural soil,NA,abstract-csv,doi_10.1111_j.1365-2338.1972.tb02122.x,Relevant,Abstract,Abstract,Presence,10.1111/j.1365-2338.1972.tb02122.x,0,doi:10.1111/j.1365-2338.1972.tb02122.x,int_99cdbe0f21a65c6c,botrytis tulipae (lib.) lind,botrytis tulipae,Resolved,exact_accepted,1.00,2583134,tulipa spp.,tulipa,Resolved,exact_accepted,1.00,2750913
Relevant,abstract,abstract,0,10.1139/m75-258,populus x euramericana (yellow poplar),glomus sp. (vesicular-arbuscular mycorrhiza),root,present,mycorrhizal,"intracellular hyphae and vesicles observed in mycorrhizal roots. hyphal deterioration observed, hypothesized to release mineral nutrients absorbed by the host.",NA,NA,abstract-csv,doi_10.1139_m75-258,Relevant,Abstract,Abstract,Presence,10.1139/m75-258,0,doi:10.1139/m75-258,int_63915cc236235837,glomus sp. (vesicular-arbuscular mycorrhiza),glomus,Resolved,exact_accepted,1.00,2559545,populus x euramericana (yellow poplar),populus canadensis,Resolved,synonym_map,0.95,8190077
Relevant,abstract,abstract,0,10.1071/ea9720185,musa acuminata (banana),gloesporium musarum,"cut surface, crown tissues in hands",present,pathogenic,causes crown rot disease,tropical,"new south wales, australia",abstract-csv,doi_10.1071_ea9720185,Relevant,Abstract,Abstract,Presence,10.1071/ea9720185,0,doi:10.1071/ea9720185,int_8c226843bbc8ab85,gloesporium musarum,,Unresolved,no_match,0.00,,musa acuminata (banana),musa acuminata,Resolved,exact_accepted,1.00,2762680
Relevant,abstract,abstract,0,10.1111/j.1744-7348.1973.tb07743.x,apium graveolens,not mentioned,NA,present,NA,the text does not provide information about any fungal interaction with the plant host.,NA,NA,abstract-csv,doi_10.1111_j.1744-7348.1973.tb07743.x,Relevant,Abstract,Abstract,Presence,10.1111/j.1744-7348.1973.tb07743.x,0,doi:10.1111/j.1744-7348.1973.tb07743.x,int_f34dfb56e826743a,not mentioned,,Unresolved,none,0.00,,apium graveolens,apium graveolens,Resolved,exact_accepted,1.00,5371879
Relevant,abstract,abstract,0,10.1002/ps.2780070409,higher plants,target fungus (unspecified),"leaf, spores",present,pathogenic,mycelium and spores show differing susceptibility to fungicide; activity in vitro does not always reflect effectiveness in vivo; emergence of insensitive strains,NA,NA,abstract-csv,doi_10.1002_ps.2780070409,Relelevant,Abstract,Abstract,Presence,10.1002/ps.2780070409,0,doi:10.1002/ps.2780070409,int_0e8e98ec397519dd,target fungus (unspecified),,Unresolved,no_match,0.00,,higher plants,,Unresolved,no_match,0.00,
Relevant,abstract,abstract,0,10.1080/03015521.1976.10425852,solanum tuberosum (potato),rhizoctonia solani kuhn,stem,present,pathogenic,causes potato black scurf disease,agricultural,NA,abstract-csv,doi_10.1080_03015521.1976.10425852,Relevant,Abstract,Abstract,Presence,10.1080/03015521.1976.10425852,0,doi:10.1080/03015521.1976.10425852,int_a9d5a84ef92c8644,rhizoctonia solani kuhn,rhizoctonia solani,Resolved,exact_accepted,1.00,2555201,solanum tuberosum (potato),solanum tuberosum,Resolved,exact_accepted,1.00,2930262
Relevant,abstract,abstract,0,10.1007/bf03041434,cucumis sativus (cucumber),cladosporium cucumerinum,NA,present,pathogenic,resistance to triforine observed after uv irradiation and selection of resistant strains.,greenhouse,dutch (based on the publishing organization),abstract-csv,doi_10.1007_bf03041434,Relevant,Abstract,Abstract,Presence,10.1007/bf03041434,0,doi:10.1007/bf03041434,int_046ffebedb570fef,cladosporium cucumerinum,cladosporium cucumerinum,Resolved,exact_accepted,1.00,2620564,cucumis sativus (cucumber),cucumis sativus,Resolved,exact_accepted,1.00,2874569
Relevant,abstract,abstract,0,10.1093/oxfordjournals.aob.a084575,aesculus indica colebr.,endogone sp.,root,present,mycorrhizal,nodules develop without any fungal stimulus but are occupied by endogone in nature. typical endogone infection was synthesized when endogone spores were added to the autoclaved sand.,NA,NA,abstract-csv,doi_10.1093_oxfordjournals.aob.a084575,Relevant,Abstract,Abstract,Presence,10.1093/oxfordjournals.aob.a084575,0,doi:10.1093/oxfordjournals.aob.a084575,int_f3c1d19c15a7ff68,endogone sp.,endogone,Resolved,exact_accepted,1.00,2559270,aesculus indica colebr.,aesculus indica,Resolved,exact_accepted,1.00,8566446
Relevant,abstract,abstract,0,10.1007/bf01976639,lycopersicon esculentum (tomato),fusarium oxysporum schlecht. f. lycopersici (sacc.) snyder & hansen,NA,present,pathogenic,isolated from tomatoes under glass in the netherlands,agricultural (glasshouse),netherlands,abstract-csv,doi_10.1007_bf01976639,Relevant,Abstract,Abstract,Presence,10.1007/bf01976639,0,doi:10.1007/bf01976639,int_bda076d2b088b987,fusarium oxysporum schlecht. f. lycopersici (sacc.) snyder & hansen,fusarium oxysporum,Resolved,exact_accepted,1.00,5251961,lycopersicon esculentum (tomato),solanum lycopersicum,Resolved,synonym_map,0.95,2930137
Relevant,abstract,abstract,0,10.1111/j.1744-7348.1976.tb00590.x,fragaria x ananassa (strawberry),verticillium dahliae,soil,present,pathogenic,"the text describes the strawberry plant as being affected by verticillium dahliae, suggesting a pathogenic interaction.",NA,NA,abstract-csv,doi_10.1111_j.1744-7348.1976.tb00590.x,Relevant,Abstract,Abstract,Presence,10.1111/j.1744-7348.1976.tb00590.x,0,doi:10.1111/j.1744-7348.1976.tb00590.x,int_e1d17dad35cadc55,verticillium dahliae,verticillium dahliae,Resolved,exact_accepted,1.00,2569149,fragaria x ananassa (strawberry),fragaria ananassa,Resolved,exact_accepted,1.00,3029912
Relevant,abstract,abstract,0,10.1111/j.1744-7348.1974.tb01503.x,hordeum vulgare cv. zephyr (barley),['puccinia hordei',leaf,present,pathogenic,"interaction noted as affecting development and severity of both pathogens on the same leaf, with pre-inoculation reducing the development of the other.",agricultural field,NA,abstract-csv,doi_10.1111_j.1744-7348.1974.tb01503.x,Relevant,Abstract,Abstract,Presence,10.1111/j.1744-7348.1974.tb01503.x,0,doi:10.1111/j.1744-7348.1974.tb01503.x,int_b52b3d75b8a1ed09,['puccinia hordei',puccinia hordei,Resolved,exact_accepted,1.00,2515318,hordeum vulgare cv. zephyr (barley),hordeum vulgare,Resolved,exact_accepted,1.00,2706056
Relevant,abstract,abstract,0,10.1111/j.1744-7348.1974.tb01503.x,hordeum vulgare cv. zephyr (barley),'erysiphe graminis'],leaf,present,pathogenic,"interaction noted as affecting development and severity of both pathogens on the same leaf, with pre-inoculation reducing the development of the other.",agricultural field,NA,abstract-csv,doi_10.1111_j.1744-7348.1974.tb01503.x,Relevant,Abstract,Abstract,Presence,10.1111/j.1744-7348.1974.tb01503.x,0,doi:10.1111/j.1744-7348.1974.tb01503.x,int_2813f3711048113d,'erysiphe graminis'],blumeria graminis,Resolved,synonym_map,0.95,2578272,hordeum vulgare cv. zephyr (barley),hordeum vulgare,Resolved,exact_accepted,1.00,2706056
Relevant,abstract,abstract,0,10.1007/bf01981496,cyclamen spp.,botrytis cinerea,NA,present,pathogenic,isolated from cyclamen that had been sprayed with benlate (benomyl),NA,NA,abstract-csv,doi_10.1007_bf01981496,Relevant,Abstract,Abstract,Presence,10.1007/bf01981496,0,doi:10.1007/bf01981496,int_63b384bc905e4a3f,botrytis cinerea,botrytis cinerea,Resolved,exact_accepted,1.00,2583139,cyclamen spp.,cyclamen,Resolved,exact_accepted,1.00,3169314
Relevant,abstract,abstract,0,10.1071/ch9742261,triticum aestivum (wheat),erysiphe graminis,root,present,pathogenic,applied to plant roots as a fungicide against wheat mildew.,not_specified,not_specified,abstract-csv,doi_10.1071_ch9742261,Relevant,Abstract,Abstract,Presence,10.1071/ch9742261,0,doi:10.1071/ch9742261,int_801781f1c901cd35,erysiphe graminis,blumeria graminis,Resolved,synonym_map,0.95,2578272,triticum aestivum (wheat),triticum aestivum,Resolved,exact_accepted,1.00,7795888
Relevant,abstract,abstract,0,10.1007/bf01976954,NA,schimmels (fungi),NA,present,pathogenic,mentioned in literature but no specific context provided,NA,netherlands,abstract-csv,doi_10.1007_bf01976954,Relevant,Abstract,Abstract,Presence,10.1007/bf01976954,0,doi:10.1007/bf01976954,int_bd2d7ca323797bbb,schimmels (fungi),,Unresolved,no_match,0.00,,NA,,Unresolved,none,0.00,
Relevant,abstract,abstract,0,10.1016/0048-3575(75)90058-9,NA,ustilago maydis,NA,present,pathogenic (for ustilago maydis and cryptococcus laurentii),"systemically active fungicide, inhibits mitochondrial succinic dehydrogenase complex",NA,NA,abstract-csv,doi_10.1016_0048-3575(75)90058-9,Relevant,Abstract,Abstract,Presence,10.1016/0048-3575(75)90058-9,0,doi:10.1016/0048-3575(75)90058-9,int_7df1b1dff937a6c4,ustilago maydis,ustilago maydis,Resolved,exact_accepted,1.00,8092646,NA,,Unresolved,none,0.00,
Relevant,abstract,abstract,0,10.1016/0048-3575(75)90058-9,NA,cryptococcus laurentii,NA,present,pathogenic (for ustilago maydis and cryptococcus laurentii),"systemically active fungicide, inhibits mitochondrial succinic dehydrogenase complex",NA,NA,abstract-csv,doi_10.1016_0048-3575(75)90058-9,Relevant,Abstract,Abstract,Presence,10.1016/0048-3575(75)90058-9,0,doi:10.1016/0048-3575(75)90058-9,int_980522d0a4ab938f,cryptococcus laurentii,papiliotrema laurentii,Resolved,synonym_map,0.95,9646747,NA,,Unresolved,none,0.00,
Relevant,abstract,abstract,0,10.1111/j.1365-3059.1972.tb01745.x,aphis gossypii,cephalosporium aphidicola,implicitly plant surface,present,pathogenic (to aphids),"inhibition of fungal development observed in vitro, not on individuals feeding on treated cucumber plants",implicitly greenhouse or controlled environment,NA,abstract-csv,doi_10.1111_j.1365-3059.1972.tb01745.x,Relevant,Abstract,Abstract,Presence,10.1111/j.1365-3059.1972.tb01745.x,0,doi:10.1111/j.1365-3059.1972.tb01745.x,int_32cae7064a659114,cephalosporium aphidicola,cephalosporium aphidicola,Resolved,exact_accepted,1.00,3302722,aphis gossypii,,Unresolved,no_match,0.00,
Relevant,abstract,abstract,0,10.1002/ps.2780050302,not_mentioned,not_mentioned,protoplast,present,pathogenic,"study investigates the effects of tridemorph on fungi, focusing on mycelial growth inhibition and potential protein synthesis interference",not_mentioned,not_mentioned,abstract-csv,doi_10.1002_ps.2780050302,Relevant,Abstract,Abstract,Presence,10.1002/ps.2780050302,0,doi:10.1002/ps.2780050302,int_07ba92655564cd79,not_mentioned,,Unresolved,empty,0.00,,not_mentioned,,Unresolved,empty,0.00,
Relevant,abstract,abstract,0,10.1111/j.1365-2338.1973.tb02093.x,phaseolus vulgaris (beans),benomyl,seed,present,systemic fungicide,seed treatment results in important passage of benomyl through the teguments.,NA,NA,abstract-csv,doi_10.1111_j.1365-2338.1973.tb02093.x,Relevant,Abstract,Abstract,Presence,10.1111/j.1365-2338.1973.tb02093.x,0,doi:10.1111/j.1365-2338.1973.tb02093.x,int_7563d3c0add962ca,benomyl,,Unresolved,no_match,0.00,,phaseolus vulgaris (beans),phaseolus vulgaris,Resolved,exact_accepted,1.00,5350452
Relevant,full-text,full-text,13,10.1038/231332a0,acer pseudoplatanus,aureobasidium pullulans,leaf,present,NA,isolated from surface-sterilized leaves,NA,NA,full-text,doi_10.1038_231332a0,Relevant,Full-Text,Full-Text,Presence,10.1038/231332a0,13,doi:10.1038/231332a0,int_9a36c1eae999455d,aureobasidium pullulans,aureobasidium pullulans,Resolved,exact_accepted,1.00,3524384,acer pseudoplatanus,acer pseudoplatanus,Resolved,exact_accepted,1.00,3189870
Relevant,full-text,full-text,13,10.1038/231332a0,acer pseudoplatanus,cladosporium herbarum,leaf,present,NA,isolated from surface-sterilized leaves,NA,NA,full-text,doi_10.1038_231332a0,Relevant,Full-Text,Full-Text,Presence,10.1038/231332a0,13,doi:10.1038/231332a0,int_6c1790324b7f4e74,cladosporium herbarum,cladosporium herbarum,Resolved,exact_accepted,1.00,2620585,acer pseudoplatanus,acer pseudoplatanus,Resolved,exact_accepted,1.00,3189870
Relevant,full-text,full-text,13,10.1038/231332a0,acer pseudoplatanus,epicoccum nigrum,leaf,present,NA,isolated from surface-sterilized leaves,NA,NA,full-text,doi_10.1038_231332a0,Relevant,Full-Text,Full-Text,Presence,10.1038/231332a0,13,doi:10.1038/231332a0,int_11addf7c8795954e,epicoccum nigrum,epicoccum nigrum,Resolved,exact_accepted,1.00,2617206,acer pseudoplatanus,acer pseudoplatanus,Resolved,exact_accepted,1.00,3189870
Relevant,abstract,abstract,0,10.1017/s0014479700005330,cucumis sativus (cucumber),oidium sp.,surface of cucumber,present,pathogenic,caused powdery mildew disease on cucumbers,NA,NA,abstract-csv,doi_10.1017_s0014479700005330,Relevant,Abstract,Abstract,Presence,10.1017/s0014479700005330,0,doi:10.1017/s0014479700005330,int_452fab355ca89184,oidium sp.,oidium,Resolved,exact_accepted,1.00,7975765,cucumis sativus (cucumber),cucumis sativus,Resolved,exact_accepted,1.00,2874569
Irrelevant,abstract,abstract,0,10.1021/jf60188a048,no plant host mentioned,no fungus mentioned,NA,present,NA,NA,NA,NA,abstract-csv,doi_10.1021_jf60188a048,Not Relevant,Abstract,Abstract,Presence,10.1021/jf60188a048,0,doi:10.1021/jf60188a048,int_277b558e0e489efe,no fungus mentioned,,Unresolved,no_match,0.00,,no plant host mentioned,,Unresolved,no_match,0.00,
Relevant,abstract,abstract,0,10.1111/j.1365-2338.1973.tb02094.x,sphaerotheca fuliginea (schlecht.) salm.,rhizoctonia solani kühn.,NA,present,pathogenic,isolated from plant in field trials,agricultural,netherlands,abstract-csv,doi_10.1111_j.1365-2338.1973.tb02094.x,Relevant,Abstract,Abstract,Presence,10.1111/j.1365-2338.1973.tb02094.x,0,doi:10.1111/j.1365-2338.1973.tb02094.x,int_c8735ccbe8435bc3,rhizoctonia solani kühn.,rhizoctonia solani,Resolved,exact_accepted,1.00,2555201,sphaerotheca fuliginea (schlecht.) salm.,podosphaera fuliginea,Resolved,synonym_map,0.95,5255357
Relevant,abstract,abstract,0,10.1111/j.1744-7348.1973.tb07301.x,malus domestica (apple,podosphaera leucotricha (powdery mildew),NA,present,pathogenic,fungus causing powdery mildew on apple cultivars,NA,NA,abstract-csv,doi_10.1111_j.1744-7348.1973.tb07301.x,Relevant,Abstract,Abstract,Presence,10.1111/j.1744-7348.1973.tb07301.x,0,doi:10.1111/j.1744-7348.1973.tb07301.x,int_e84be145403e5605,podosphaera leucotricha (powdery mildew),podosphaera leucotricha,Resolved,exact_accepted,1.00,5255338,malus domestica (apple,malus domestica,Resolved,exact_accepted,1.00,3001244
Relevant,abstract,abstract,0,10.1111/j.1744-7348.1973.tb07301.x,specifically cox's orange pippin,podosphaera leucotricha (powdery mildew),NA,present,pathogenic,fungus causing powdery mildew on apple cultivars,NA,NA,abstract-csv,doi_10.1111_j.1744-7348.1973.tb07301.x,Relevant,Abstract,Abstract,Presence,10.1111/j.1744-7348.1973.tb07301.x,0,doi:10.1111/j.1744-7348.1973.tb07301.x,int_1fa025c44c9c0260,podosphaera leucotricha (powdery mildew),podosphaera leucotricha,Resolved,exact_accepted,1.00,5255338,specifically cox's orange pippin,,Unresolved,no_match,0.00,
Relevant,abstract,abstract,0,10.1111/j.1744-7348.1973.tb07301.x,golden delicious and jonathan),podosphaera leucotricha (powdery mildew),NA,present,pathogenic,fungus causing powdery mildew on apple cultivars,NA,NA,abstract-csv,doi_10.1111_j.1744-7348.1973.tb07301.x,Relevant,Abstract,Abstract,Presence,10.1111/j.1744-7348.1973.tb07301.x,0,doi:10.1111/j.1744-7348.1973.tb07301.x,int_e5b31042adb3e9b5,podosphaera leucotricha (powdery mildew),podosphaera leucotricha,Resolved,exact_accepted,1.00,5255338,golden delicious and jonathan),,Unresolved,no_match,0.00,
Relevant,abstract,abstract,0,10.1016/0048-4059(75)90088-0,trifolium (clover),vesicular-arbuscular mycorrhizal fungi,root organ cultures,present,mycorrhizal,infections formed in root organ cultures grown on a modified white's agar medium and liquid culture. pre-germinated spores were used as inoculum.,NA,NA,abstract-csv,doi_10.1016_0048-4059(75)90088-0,Relevant,Abstract,Abstract,Presence,10.1016/0048-4059(75)90088-0,0,doi:10.1016/0048-4059(75)90088-0,int_34e8d93a78a80973,vesicular-arbuscular mycorrhizal fungi,,Unresolved,no_match,0.00,,trifolium (clover),trifolium,Resolved,exact_accepted,1.00,2973363
Relevant,abstract,abstract,0,10.1111/j.1744-7348.1975.tb01531.x,rosa spp.,oidium rosae (powdery mildew),leaf,present,pathogenic,"the text describes the presence of oidium rosae (powdery mildew) on rosa spp. as a pathogen, but no specific extraction method or interaction notes are provided.",NA,NA,abstract-csv,doi_10.1111_j.1744-7348.1975.tb01531.x,Relevant,Abstract,Abstract,Presence,10.1111/j.1744-7348.1975.tb01531.x,0,doi:10.1111/j.1744-7348.1975.tb01531.x,int_02c8556dffcac927,oidium rosae (powdery mildew),,Unresolved,no_match,0.00,,rosa spp.,rosa,Resolved,exact_accepted,1.00,8395064
Relevant,abstract,abstract,0,10.1080/00288233.1975.10421059,grasses,['acaulospora laevis',roots,present,mycorrhizal,soil-borne spores and vegetative hyphae identification,NA,new zealand,abstract-csv,doi_10.1080_00288233.1975.10421059,Relevant,Abstract,Abstract,Presence,10.1080/00288233.1975.10421059,0,doi:10.1080/00288233.1975.10421059,int_59163a8d588fffeb,['acaulospora laevis',acaulospora laevis,Resolved,exact_accepted,1.00,2560113,grasses,poaceae,Resolved,exact_accepted,1.00,3073
Relevant,abstract,abstract,0,10.1080/00288233.1975.10421059,grasses,'glomus fasciculatus',roots,present,mycorrhizal,soil-borne spores and vegetative hyphae identification,NA,new zealand,abstract-csv,doi_10.1080_00288233.1975.10421059,Relevant,Abstract,Abstract,Presence,10.1080/00288233.1975.10421059,0,doi:10.1080/00288233.1975.10421059,int_76c42543f7e01bd3,'glomus fasciculatus',,Unresolved,no_match,0.00,,grasses,poaceae,Resolved,exact_accepted,1.00,3073
Relevant,abstract,abstract,0,10.1080/00288233.1975.10421059,grasses,'rhizophagus tenuis'],roots,present,mycorrhizal,soil-borne spores and vegetative hyphae identification,NA,new zealand,abstract-csv,doi_10.1080_00288233.1975.10421059,Relevant,Abstract,Abstract,Presence,10.1080/00288233.1975.10421059,0,doi:10.1080/00288233.1975.10421059,int_e89fbde4568f0eaf,'rhizophagus tenuis'],planticonsortium tenue,Resolved,synonym_map,0.95,10776626,grasses,poaceae,Resolved,exact_accepted,1.00,3073
Relevant,abstract,abstract,0,10.1080/00288233.1975.10421059,legumes,['acaulospora laevis',roots,present,mycorrhizal,soil-borne spores and vegetative hyphae identification,NA,new zealand,abstract-csv,doi_10.1080_00288233.1975.10421059,Relevant,Abstract,Abstract,Presence,10.1080/00288233.1975.10421059,0,doi:10.1080/00288233.1975.10421059,int_91668cceab569742,['acaulospora laevis',acaulospora laevis,Resolved,exact_accepted,1.00,2560113,legumes,,Unresolved,no_match,0.00,
Relevant,abstract,abstract,0,10.1080/00288233.1975.10421059,legumes,'glomus fasciculatus',roots,present,mycorrhizal,soil-borne spores and vegetative hyphae identification,NA,new zealand,abstract-csv,doi_10.1080_00288233.1975.10421059,Relevant,Abstract,Abstract,Presence,10.1080/00288233.1975.10421059,0,doi:10.1080/00288233.1975.10421059,int_61efdb724f966eae,'glomus fasciculatus',,Unresolved,no_match,0.00,,legumes,,Unresolved,no_match,0.00,
Relevant,abstract,abstract,0,10.1080/00288233.1975.10421059,legumes,'rhizophagus tenuis'],roots,present,mycorrhizal,soil-borne spores and vegetative hyphae identification,NA,new zealand,abstract-csv,doi_10.1080_00288233.1975.10421059,Relevant,Abstract,Abstract,Presence,10.1080/00288233.1975.10421059,0,doi:10.1080/00288233.1975.10421059,int_87d99e2963401abe,'rhizophagus tenuis'],planticonsortium tenue,Resolved,synonym_map,0.95,10776626,legumes,,Unresolved,no_match,0.00,
Relevant,abstract,abstract,0,10.1016/0013-9327(75)90069-5,NA,NA,NA,present,NA,"mention of the presence of disease, but no specific fungal species is identified.",agricultural regions of new jersey,united states,abstract-csv,doi_10.1016_0013-9327(75)90069-5,Relevant,Abstract,Abstract,Presence,10.1016/0013-9327(75)90069-5,0,doi:10.1016/0013-9327(75)90069-5,int_85a21c0e8b79cf56,NA,,Unresolved,none,0.00,,NA,,Unresolved,none,0.00,
Relevant,abstract,abstract,0,10.1080/09670877209413455,not specified in the text,powdery mildews,"aerial tissues, leaves, roots",present,pathogenic,"the compounds are used to control diseases, do not appear to depend on modifying the host plant",NA,NA,abstract-csv,doi_10.1080_09670877209413455,Relevant,Abstract,Abstract,Presence,10.1080/09670877209413455,0,doi:10.1080/09670877209413455,int_a7e1b0a9cc98895a,powdery mildews,,Unresolved,no_match,0.00,,not specified in the text,,Unresolved,empty,0.00,
Relevant,abstract,abstract,0,10.1111/j.1469-8137.1974.tb02142.x,grasses and nearly all the dicotyledonous plants (not specified in full),vesicular-arbuscular mycorrhizal fungi,root,present,mycorrhizal,"infecting roots, mixed infections present in some plants",coal waste tips in scotland,scotland,abstract-csv,doi_10.1111_j.1469-8137.1974.tb02142.x,Relevant,Abstract,Abstract,Presence,10.1111/j.1469-8137.1974.tb02142.x,0,doi:10.1111/j.1469-8137.1974.tb02142.x,int_cabe9ba06149631e,vesicular-arbuscular mycorrhizal fungi,,Unresolved,no_match,0.00,,grasses and nearly all the dicotyledonous plants (not specified in full),poaceae,Partially_Resolved,exact_accepted; no_match,0.50,3073
Relevant,abstract,abstract,0,10.1111/j.1469-8137.1974.tb02142.x,grasses and nearly all the dicotyledonous plants (not specified in full),endogone spp.,root,present,mycorrhizal,"infecting roots, mixed infections present in some plants",coal waste tips in scotland,scotland,abstract-csv,doi_10.1111_j.1469-8137.1974.tb02142.x,Relevant,Abstract,Abstract,Presence,10.1111/j.1469-8137.1974.tb02142.x,0,doi:10.1111/j.1469-8137.1974.tb02142.x,int_eaa57f4e1162ca27,endogone spp.,endogone,Resolved,exact_accepted,1.00,2559270,grasses and nearly all the dicotyledonous plants (not specified in full),poaceae,Partially_Resolved,exact_accepted; no_match,0.50,3073
Relevant,abstract,abstract,0,10.1007/bf00032749,brassica oleracea var. botrytis (cauliflower),unspecified,curd portion,present,NA,"not directly stated, but the text implies a potential interaction due to grafting.",agricultural,unspecified,abstract-csv,doi_10.1007_bf00032749,Relevant,Abstract,Abstract,Presence,10.1007/bf00032749,0,doi:10.1007/bf00032749,int_e751329a40173d8a,unspecified,,Unresolved,none,0.00,,brassica oleracea var. botrytis (cauliflower),brassica oleracea,Resolved,exact_accepted,1.00,3042845
Relevant,abstract,abstract,0,10.1080/00022470.1972.10469707,phaseolus vulgaris l (pinto beans),not mentioned,leaf,present,NA,"experiment involving chemical protectants to reduce ozone injury, not natural plant-fungus interaction",NA,NA,abstract-csv,doi_10.1080_00022470.1972.10469707,Relevant,Abstract,Abstract,Presence,10.1080/00022470.1972.10469707,0,doi:10.1080/00022470.1972.10469707,int_c4caf720de2284fd,not mentioned,,Unresolved,none,0.00,,phaseolus vulgaris l (pinto beans),phaseolus vulgaris,Resolved,exact_accepted,1.00,5350452
Relevant,abstract,abstract,0,10.1080/0028825x.1977.10432553,leptospermum scoparium,vesicular-arbuscular mycorrhizas,shoot,present,endophytic,"infected the host plant, stimulated p uptake but did not always supply the full p requirements of the host. presence remained even when high shoot p concentrations were achieved by applying p.",NA,"te anau, new zealand",abstract-csv,doi_10.1080_0028825x.1977.10432553,Relevant,Abstract,Abstract,Presence,10.1080/0028825x.1977.10432553,0,doi:10.1080/0028825x.1977.10432553,int_ab46939afcfa7e55,vesicular-arbuscular mycorrhizas,,Unresolved,no_match,0.00,,leptospermum scoparium,leptospermum scoparium,Resolved,exact_accepted,1.00,3181762
Irrelevant,abstract,abstract,0,10.1111/j.1365-2338.1973.tb02092.x,NA,NA,NA,present,NA,no specific plant-fungus interaction described,NA,NA,abstract-csv,doi_10.1111_j.1365-2338.1973.tb02092.x,Not Relevant,Abstract,Abstract,Presence,10.1111/j.1365-2338.1973.tb02092.x,0,doi:10.1111/j.1365-2338.1973.tb02092.x,int_23465d718f6ca05b,NA,,Unresolved,none,0.00,,NA,,Unresolved,none,0.00,
Relevant,abstract,abstract,0,10.1111/j.1744-7348.1972.tb04709.x,triticum aestivum (wheat),erysiphe graminis,root,present,pathogenic,"controlled by the compound n?(2,2,2?trichloro?1?methoxyethyl)?formamide when applied to the roots in sand.",not-specified,not-specified,abstract-csv,doi_10.1111_j.1744-7348.1972.tb04709.x,Relevant,Abstract,Abstract,Presence,10.1111/j.1744-7348.1972.tb04709.x,0,doi:10.1111/j.1744-7348.1972.tb04709.x,int_1b7eba3105751cad,erysiphe graminis,blumeria graminis,Resolved,synonym_map,0.95,2578272,triticum aestivum (wheat),triticum aestivum,Resolved,exact_accepted,1.00,7795888
Relevant,abstract,abstract,0,10.1139/m76-009,populus x euramericana (yellow poplar),glomeromycota sp. (vesicular-arbuscular mycorrhizae),root,present,mycorrhizal,involved in arbuscule deterioration and nutrient release,NA,NA,abstract-csv,doi_10.1139_m76-009,Relevant,Abstract,Abstract,Presence,10.1139/m76-009,0,doi:10.1139/m76-009,int_331c7961f5a1791a,glomeromycota sp. (vesicular-arbuscular mycorrhizae),glomeromycota,Resolved,exact_accepted,1.00,18,populus x euramericana (yellow poplar),populus canadensis,Resolved,synonym_map,0.95,8190077
Relevant,abstract,full-text,7,10.1626/jcs.44.178,arabidopsis thaliana (thale cress),fusarium oxysporum f. sp. thaliana,root,present,pathogenic,isolated from root tissues of arabidopsis thaliana.,NA,NA,full-text,doi_10.1626_jcs.44.178,Relevant,Abstract,Abstract,Presence,10.1626/jcs.44.178,7,doi:10.1626/jcs.44.178,int_9c049045b8fe9050,fusarium oxysporum f. sp. thaliana,fusarium oxysporum,Resolved,exact_accepted,1.00,5251961,arabidopsis thaliana (thale cress),arabidopsis thaliana,Resolved,exact_accepted,1.00,3052436
Relevant,abstract,abstract,0,10.1002/ps.2780070103,trifolium repens (white clover),rhizobium trifolii,root nodules,present,mutualistic,"symbiotic nitrogen fixation affected by some fungicides (thiram, oxycarboxin, ethylan cp), but unchanged by others.",NA,NA,abstract-csv,doi_10.1002_ps.2780070103,Relevant,Abstract,Abstract,Presence,10.1002/ps.2780070103,0,doi:10.1002/ps.2780070103,int_f71c80d6ead06869,rhizobium trifolii,,Unresolved,no_match,0.00,,trifolium repens (white clover),trifolium repens,Resolved,exact_accepted,1.00,5358748
Relevant,abstract,abstract,0,10.1071/bt9610057,pernettya macrostigma (epacridaceae),unspecified ericales endophyte,root,present,endophytic,isolated from the host and successfully back inoculated under controlled conditions.,NA,new zealand,abstract-csv,doi_10.1071_bt9610057,Relevant,Abstract,Abstract,Presence,10.1071/bt9610057,0,doi:10.1071/bt9610057,int_42ceca51c9765777,unspecified ericales endophyte,,Unresolved,no_match,0.00,,pernettya macrostigma (epacridaceae),gaultheria macrostigma,Resolved,synonym_map,0.95,4170804
Relevant,abstract,abstract,0,10.1002/ps.2780020505,cucumis sativus (cucumber),sphaerotheca fuliginea (cucumber powdery mildew),leaf,present,pathogenic,isolated as a pathogen causing cucumber powdery mildew,greenhouse,not-provided,abstract-csv,doi_10.1002_ps.2780020505,Relevant,Abstract,Abstract,Presence,10.1002/ps.2780020505,0,doi:10.1002/ps.2780020505,int_78175e2c6b01e6e5,sphaerotheca fuliginea (cucumber powdery mildew),podosphaera fuliginea,Resolved,synonym_map,0.95,5255357,cucumis sativus (cucumber),cucumis sativus,Resolved,exact_accepted,1.00,2874569
Relevant,book chapter,abstract,0,10.1111/j.1439-0434.1965.tb04085.x,NA,genus alternaria,NA,present,NA,book chapter describing various fungi species,NA,NA,abstract-csv,doi_10.1111_j.1439-0434.1965.tb04085.x,Relevant,Book Chapter,Other Document,Presence,10.1111/j.1439-0434.1965.tb04085.x,0,doi:10.1111/j.1439-0434.1965.tb04085.x,int_129fa4cac34044b5,genus alternaria,,Unresolved,no_match,0.00,,NA,,Unresolved,none,0.00,
Relevant,abstract,abstract,0,10.1038/165532a0,avena spp. (oats),helminthosporium aven?,seed,present,pathogenic,seed-borne phase of leaf stripe disease,NA,NA,abstract-csv,doi_10.1038_165532a0,Relevant,Abstract,Abstract,Presence,10.1038/165532a0,0,doi:10.1038/165532a0,int_347ffc2e01bf62e1,helminthosporium aven?,,Unresolved,no_match,0.00,,avena spp. (oats),avena,Resolved,exact_accepted,1.00,2705282
Relevant,abstract,abstract,0,10.1017/s0021859600064601,hordeum vulgare (winter barley variety pella),cochliobolus sativus (causing eyespot disease),NA,present,pathogenic,"disease-causing organism, not a direct plant-fungus interaction.",NA,NA,abstract-csv,doi_10.1017_s0021859600064601,Relevant,Abstract,Abstract,Presence,10.1017/s0021859600064601,0,doi:10.1017/s0021859600064601,int_624e044fea4cbe63,cochliobolus sativus (causing eyespot disease),bipolaris sorokiniana,Resolved,synonym_map,0.95,2615927,hordeum vulgare (winter barley variety pella),hordeum vulgare,Resolved,exact_accepted,1.00,2706056
Relevant,abstract,abstract,0,10.1002/ps.2780020504,malus domestica (apple),venturia inaequalis,leaf,present,pathogenic,caused apple scab,NA,NA,abstract-csv,doi_10.1002_ps.2780020504,Relevant,Abstract,Abstract,Presence,10.1002/ps.2780020504,0,doi:10.1002/ps.2780020504,int_7cb6ce46c773d2e1,venturia inaequalis,venturia inaequalis,Resolved,exact_accepted,1.00,5262796,malus domestica (apple),malus domestica,Resolved,exact_accepted,1.00,3001244
Relevant,abstract,abstract,0,10.1007/bf02052803,NA,not specified (eight species mentioned in the text),seeds,present,NA,"isolated from plant material coming in from afghanistan and intercepted at quarantine station, jamrud",not specified (quarantine location: jamrud),afghanistan,abstract-csv,doi_10.1007_bf02052803,Relevant,Abstract,Abstract,Presence,10.1007/bf02052803,0,doi:10.1007/bf02052803,int_5b9a7b26f4f9eca5,not specified (eight species mentioned in the text),,Unresolved,empty,0.00,,NA,,Unresolved,none,0.00,
Relevant,abstract,abstract,0,10.1002/jobm.19640040210,mycotrophic plants,unspecified endophyte,underground or creeping organs,present,endophytic,"lives with underground or creeping plant organs. possible mycorrhizae, mycorrhizomes and mycothalli.",NA,NA,abstract-csv,doi_10.1002_jobm.19640040210,Relevant,Abstract,Abstract,Presence,10.1002/jobm.19640040210,0,doi:10.1002/jobm.19640040210,int_41717ea3f9c8bfc4,unspecified endophyte,,Unresolved,no_match,0.00,,mycotrophic plants,,Unresolved,no_match,0.00,
Relevant,abstract,abstract,0,10.1111/j.1469-8137.1969.tb06492.x,orchid species,orchid endophyte fungi,"protocorms, roots (implied)",present,mutualistic,utilizes cellulose as a carbon source for protocorm growth,NA,NA,abstract-csv,doi_10.1111_j.1469-8137.1969.tb06492.x,Relevant,Abstract,Abstract,Presence,10.1111/j.1469-8137.1969.tb06492.x,0,doi:10.1111/j.1469-8137.1969.tb06492.x,int_4692ad87331831a4,orchid endophyte fungi,,Unresolved,no_match,0.00,,orchid species,,Unresolved,no_match,0.00,
Relevant,abstract,abstract,0,10.1038/165937c0,ulmus sp. (elm),ophiostoma novo-ulmi,vascular,present,pathogenic,NA,NA,NA,abstract-csv,doi_10.1038_165937c0,Relevant,Abstract,Abstract,Presence,10.1038/165937c0,0,doi:10.1038/165937c0,int_ba4f4fd02928d81e,ophiostoma novo-ulmi,ophiostoma novo-ulmi,Resolved,exact_accepted,1.00,5254231,ulmus sp. (elm),ulmus,Resolved,exact_accepted,1.00,2984510
Relevant,abstract,abstract,0,10.1080/00288233.1958.10431534,lolium perenne,endophytic fungi of new zealand grasses (not specified in text),NA,present,endophytic,isolated from perennial-ryegrass,NA,new zealand,abstract-csv,doi_10.1080_00288233.1958.10431534,Relevant,Abstract,Abstract,Presence,10.1080/00288233.1958.10431534,0,doi:10.1080/00288233.1958.10431534,int_ff201789cec46a32,endophytic fungi of new zealand grasses (not specified in text),,Unresolved,descriptor_non_taxon,0.00,,lolium perenne,lolium perenne,Resolved,exact_accepted,1.00,2706241
Relevant,abstract,abstract,0,10.1111/j.1744-7348.1948.tb07387.x,linum usitatissimum (flax),[{'scientific_name': 'colletotrichum linicola',NA,present,pathogenic,seed-borne parasites,NA,NA,abstract-csv,doi_10.1111_j.1744-7348.1948.tb07387.x,Relevant,Abstract,Abstract,Presence,10.1111/j.1744-7348.1948.tb07387.x,0,doi:10.1111/j.1744-7348.1948.tb07387.x,int_cfd4570a3a3a085f,[{'scientific_name': 'colletotrichum linicola',,Unresolved,descriptor_non_taxon,0.00,,linum usitatissimum (flax),linum usitatissimum,Resolved,exact_accepted,1.00,2873861
Relevant,abstract,abstract,0,10.1111/j.1744-7348.1948.tb07387.x,linum usitatissimum (flax),'tissue': 'seed'},NA,present,pathogenic,seed-borne parasites,NA,NA,abstract-csv,doi_10.1111_j.1744-7348.1948.tb07387.x,Relevant,Abstract,Abstract,Presence,10.1111/j.1744-7348.1948.tb07387.x,0,doi:10.1111/j.1744-7348.1948.tb07387.x,int_a7bc09458a928b81,'tissue': 'seed'},,Unresolved,no_match,0.00,,linum usitatissimum (flax),linum usitatissimum,Resolved,exact_accepted,1.00,2873861
Relevant,abstract,abstract,0,10.1111/j.1744-7348.1948.tb07387.x,linum usitatissimum (flax),{'scientific_name': 'polyspora lini',NA,present,pathogenic,seed-borne parasites,NA,NA,abstract-csv,doi_10.1111_j.1744-7348.1948.tb07387.x,Relevant,Abstract,Abstract,Presence,10.1111/j.1744-7348.1948.tb07387.x,0,doi:10.1111/j.1744-7348.1948.tb07387.x,int_92271b634eacb763,{'scientific_name': 'polyspora lini',,Unresolved,descriptor_non_taxon,0.00,,linum usitatissimum (flax),linum usitatissimum,Resolved,exact_accepted,1.00,2873861
Relevant,abstract,abstract,0,10.1111/j.1744-7348.1948.tb07387.x,linum usitatissimum (flax),'tissue': 'seed'},NA,present,pathogenic,seed-borne parasites,NA,NA,abstract-csv,doi_10.1111_j.1744-7348.1948.tb07387.x,Relevant,Abstract,Abstract,Presence,10.1111/j.1744-7348.1948.tb07387.x,0,doi:10.1111/j.1744-7348.1948.tb07387.x,int_0634545c01779dbc,'tissue': 'seed'},,Unresolved,no_match,0.00,,linum usitatissimum (flax),linum usitatissimum,Resolved,exact_accepted,1.00,2873861
Relevant,abstract,abstract,0,10.1111/j.1744-7348.1948.tb07387.x,linum usitatissimum (flax),{'scientific_name': 'botrytis cinerea',NA,present,pathogenic,seed-borne parasites,NA,NA,abstract-csv,doi_10.1111_j.1744-7348.1948.tb07387.x,Relevant,Abstract,Abstract,Presence,10.1111/j.1744-7348.1948.tb07387.x,0,doi:10.1111/j.1744-7348.1948.tb07387.x,int_cc03f631505a4037,{'scientific_name': 'botrytis cinerea',,Unresolved,descriptor_non_taxon,0.00,,linum usitatissimum (flax),linum usitatissimum,Resolved,exact_accepted,1.00,2873861
Relevant,abstract,abstract,0,10.1111/j.1744-7348.1948.tb07387.x,linum usitatissimum (flax),'tissue': 'seed'},NA,present,pathogenic,seed-borne parasites,NA,NA,abstract-csv,doi_10.1111_j.1744-7348.1948.tb07387.x,Relevant,Abstract,Abstract,Presence,10.1111/j.1744-7348.1948.tb07387.x,0,doi:10.1111/j.1744-7348.1948.tb07387.x,int_b07872ed711d64af,'tissue': 'seed'},,Unresolved,no_match,0.00,,linum usitatissimum (flax),linum usitatissimum,Resolved,exact_accepted,1.00,2873861
Relevant,abstract,abstract,0,10.1111/j.1744-7348.1948.tb07387.x,linum usitatissimum (flax),{'scientific_name': 'phoma sp.',NA,present,pathogenic,seed-borne parasites,NA,NA,abstract-csv,doi_10.1111_j.1744-7348.1948.tb07387.x,Relevant,Abstract,Abstract,Presence,10.1111/j.1744-7348.1948.tb07387.x,0,doi:10.1111/j.1744-7348.1948.tb07387.x,int_bdc6fb2ffbd4fa99,{'scientific_name': 'phoma sp.',,Unresolved,descriptor_non_taxon,0.00,,linum usitatissimum (flax),linum usitatissimum,Resolved,exact_accepted,1.00,2873861
Relevant,abstract,abstract,0,10.1111/j.1744-7348.1948.tb07387.x,linum usitatissimum (flax),'tissue': 'seed'}],NA,present,pathogenic,seed-borne parasites,NA,NA,abstract-csv,doi_10.1111_j.1744-7348.1948.tb07387.x,Relevant,Abstract,Abstract,Presence,10.1111/j.1744-7348.1948.tb07387.x,0,doi:10.1111/j.1744-7348.1948.tb07387.x,int_28193215d3fb1956,'tissue': 'seed'}],,Unresolved,no_match,0.00,,linum usitatissimum (flax),linum usitatissimum,Resolved,exact_accepted,1.00,2873861
Relevant,abstract,abstract,0,10.1093/oxfordjournals.aob.a083369,cirsium arvense (creeping thistle),puccinia suaveolens,root,present,pathogenic,"isolated uredospores initially produce pustules, mycelium grows systemically into roots, and produces spermogonia.",NA,NA,abstract-csv,doi_10.1093_oxfordjournals.aob.a083369,Relevant,Abstract,Abstract,Presence,10.1093/oxfordjournals.aob.a083369,0,doi:10.1093/oxfordjournals.aob.a083369,int_33cd13cb3dbd2fb0,puccinia suaveolens,puccinia suaveolens,Resolved,exact_accepted,1.00,2514461,cirsium arvense (creeping thistle),cirsium arvense,Resolved,exact_accepted,1.00,3113414
Irrelevant,abstract,abstract,0,10.1007/bf02023673,NA,NA,NA,present,NA,no fungal interaction mentioned in the text.,NA,NA,abstract-csv,doi_10.1007_bf02023673,Not Relevant,Abstract,Abstract,Presence,10.1007/bf02023673,0,doi:10.1007/bf02023673,int_10871e23c7446bee,NA,,Unresolved,none,0.00,,NA,,Unresolved,none,0.00,
Relevant,abstract,abstract,0,10.1080/00378941.1968.10838593,cryptogamic organisms,seed borne fungi,seeds,present,pathogenic,"isolated from seeds, presence can be superficial or in the testa or seed embryo. specific methods are required for detection due to organisms' susceptibility toward environment factors.",agronomical,NA,abstract-csv,doi_10.1080_00378941.1968.10838593,Relevant,Abstract,Abstract,Presence,10.1080/00378941.1968.10838593,0,doi:10.1080/00378941.1968.10838593,int_f83febaedc4c4395,seed borne fungi,,Unresolved,no_match,0.00,,cryptogamic organisms,,Unresolved,no_match,0.00,
Relevant,abstract,abstract,0,10.1007/bf01976649,not specified in text,not specified in text,not specified in text,present,NA,"discusses potential fungicides that may interact with plants and fungi, but no specific plant-fungus interactions are described.",NA,netherlands,abstract-csv,doi_10.1007_bf01976649,Relelevant,Abstract,Abstract,Presence,10.1007/bf01976649,0,doi:10.1007/bf01976649,int_41df2e3891764a70,not specified in text,,Unresolved,empty,0.00,,not specified in text,,Unresolved,empty,0.00,
Relevant,abstract,abstract,0,10.1007/bf01995923,apple,powdery mildew (species not specified),leaves,present,pathogenic,pesticidal activity observed in laboratory and greenhouse tests,NA,NA,abstract-csv,doi_10.1007_bf01995923,Relevant,Abstract,Abstract,Presence,10.1007/bf01995923,0,doi:10.1007/bf01995923,int_f4bb6a59e5e37e80,powdery mildew (species not specified),,Unresolved,no_match,0.00,,apple,,Unresolved,no_match,0.00,
Relevant,abstract,abstract,0,10.1007/bf01995923,cucumber,powdery mildew (species not specified),leaves,present,pathogenic,pesticidal activity observed in laboratory and greenhouse tests,NA,NA,abstract-csv,doi_10.1007_bf01995923,Relevant,Abstract,Abstract,Presence,10.1007/bf01995923,0,doi:10.1007/bf01995923,int_e67441e80cbcce8f,powdery mildew (species not specified),,Unresolved,no_match,0.00,,cucumber,,Unresolved,no_match,0.00,
Relevant,abstract,abstract,0,10.1007/bf01995923,barley,powdery mildew (species not specified),leaves,present,pathogenic,pesticidal activity observed in laboratory and greenhouse tests,NA,NA,abstract-csv,doi_10.1007_bf01995923,Relevant,Abstract,Abstract,Presence,10.1007/bf01995923,0,doi:10.1007/bf01995923,int_e311ea776952691b,powdery mildew (species not specified),,Unresolved,no_match,0.00,,barley,,Unresolved,no_match,0.00,
Relevant,abstract,abstract,0,10.1007/bf01372858,eleusine coracana gaertn.,unknown (mentioned as part of the rhizosphere microflora,rhizosphere,present,"saprotrophic or unknown (role is not explicitly stated as pathogenic or symbiotic, but they are part of the rhizosphere microflora)","part of the rhizosphere microflora, influence observed on enzyme activities",NA,NA,abstract-csv,doi_10.1007_bf01372858,Relevant,Abstract,Abstract,Presence,10.1007/bf01372858,0,doi:10.1007/bf01372858,int_04a1a78683a529fd,unknown (mentioned as part of the rhizosphere microflora,,Unresolved,no_match,0.00,,eleusine coracana gaertn.,eleusine coracana,Resolved,exact_accepted,1.00,2705957
Relevant,abstract,abstract,0,10.1007/bf01372858,eleusine coracana gaertn.,not specified at species level),rhizosphere,present,"saprotrophic or unknown (role is not explicitly stated as pathogenic or symbiotic, but they are part of the rhizosphere microflora)","part of the rhizosphere microflora, influence observed on enzyme activities",NA,NA,abstract-csv,doi_10.1007_bf01372858,Relevant,Abstract,Abstract,Presence,10.1007/bf01372858,0,doi:10.1007/bf01372858,int_81eb73cc38fc6301,not specified at species level),,Unresolved,empty,0.00,,eleusine coracana gaertn.,eleusine coracana,Resolved,exact_accepted,1.00,2705957
Relevant,abstract,abstract,0,10.1080/00362176485190201,rattus rattus,microsporum gypseum,internal organs (liver and spleen),present,pathogenic,isolated from internal organs of house rat,egyptian delta,egypt,abstract-csv,doi_10.1080_00362176485190201,Relevant,Abstract,Abstract,Presence,10.1080/00362176485190201,0,doi:10.1080/00362176485190201,int_468211926f36fdc7,microsporum gypseum,microsporum gypseum,Resolved,exact_accepted,1.00,3468777,rattus rattus,,Unresolved,no_match,0.00,
Relevant,abstract,abstract,0,10.1071/bt9580025,thismia rodwayi,unspecified endophyte,NA,present,endophytic,associated mycorrhiza. osmic-staining fat from fungal hyphae into the cells of the higher plant.,NA,NA,abstract-csv,doi_10.1071_bt9580025,Relevant,Abstract,Abstract,Presence,10.1071/bt9580025,0,doi:10.1071/bt9580025,int_d911acdf87f31e7e,unspecified endophyte,,Unresolved,no_match,0.00,,thismia rodwayi,thismia rodwayi,Resolved,exact_accepted,1.00,2756470
Relevant,abstract,abstract,0,10.1111/j.1744-7348.1953.tb01106.x,plum fruitlets and tomato and broad bean foliage,sclerotinia laxa,foliage,present,pathogenic,interaction is described as fungicidal activity of the compound on these fungi.,NA,NA,abstract-csv,doi_10.1111_j.1744-7348.1953.tb01106.x,Relevant,Abstract,Abstract,Presence,10.1111/j.1744-7348.1953.tb01106.x,0,doi:10.1111/j.1744-7348.1953.tb01106.x,int_b70c289d3b4b0d5b,sclerotinia laxa,monilinia laxa,Resolved,synonym_map,0.95,2583361,plum fruitlets and tomato and broad bean foliage,vicia faba,Partially_Resolved,exact_accepted; no_match,0.33,2974832
Relevant,abstract,abstract,0,10.1111/j.1744-7348.1953.tb01106.x,plum fruitlets and tomato and broad bean foliage,botrytis fabae,foliage,present,pathogenic,interaction is described as fungicidal activity of the compound on these fungi.,NA,NA,abstract-csv,doi_10.1111_j.1744-7348.1953.tb01106.x,Relevant,Abstract,Abstract,Presence,10.1111/j.1744-7348.1953.tb01106.x,0,doi:10.1111/j.1744-7348.1953.tb01106.x,int_8ae029f8e0a0a486,botrytis fabae,botrytis fabae,Resolved,exact_accepted,1.00,2583102,plum fruitlets and tomato and broad bean foliage,vicia faba,Partially_Resolved,exact_accepted; no_match,0.33,2974832
Relevant,abstract,abstract,0,10.1111/j.1744-7348.1953.tb01106.x,plum fruitlets and tomato and broad bean foliage,cladosporium fulvum,foliage,present,pathogenic,interaction is described as fungicidal activity of the compound on these fungi.,NA,NA,abstract-csv,doi_10.1111_j.1744-7348.1953.tb01106.x,Relevant,Abstract,Abstract,Presence,10.1111/j.1744-7348.1953.tb01106.x,0,doi:10.1111/j.1744-7348.1953.tb01106.x,int_cd93a3deb8aec654,cladosporium fulvum,fulvia fulva,Resolved,synonym_map,0.95,5265337,plum fruitlets and tomato and broad bean foliage,vicia faba,Partially_Resolved,exact_accepted; no_match,0.33,2974832
Relevant,abstract,abstract,0,10.1080/09670877109413315,eupatorium odoratum,fusarium culmorum,seeds,present,pathogenic,isolated from seeds,NA,nigeria,abstract-csv,doi_10.1080_09670877109413315,Relevant,Abstract,Abstract,Presence,10.1080/09670877109413315,0,doi:10.1080/09670877109413315,int_55ff42fc9ff32a60,fusarium culmorum,fusarium culmorum,Resolved,exact_accepted,1.00,5252189,eupatorium odoratum,ageratina altissima,Resolved,synonym_map,0.95,5400552
Relevant,abstract,abstract,0,10.1080/09670877109413315,eupatorium odoratum,f. moniliforme,seeds,present,pathogenic,isolated from seeds,NA,nigeria,abstract-csv,doi_10.1080_09670877109413315,Relevant,Abstract,Abstract,Presence,10.1080/09670877109413315,0,doi:10.1080/09670877109413315,int_e148129f4f1c4be3,f. moniliforme,,Unresolved,no_match,0.00,,eupatorium odoratum,ageratina altissima,Resolved,synonym_map,0.95,5400552
Relevant,abstract,abstract,0,10.1080/09670877109413315,eupatorium odoratum,f. semitectum,seeds,present,pathogenic,isolated from seeds,NA,nigeria,abstract-csv,doi_10.1080_09670877109413315,Relevant,Abstract,Abstract,Presence,10.1080/09670877109413315,0,doi:10.1080/09670877109413315,int_a07b6301f03e06d2,f. semitectum,,Unresolved,no_match,0.00,,eupatorium odoratum,ageratina altissima,Resolved,synonym_map,0.95,5400552
Relevant,abstract,abstract,0,10.1080/09670877109413315,eupatorium odoratum,f. solani,seeds,present,pathogenic,isolated from seeds,NA,nigeria,abstract-csv,doi_10.1080_09670877109413315,Relevant,Abstract,Abstract,Presence,10.1080/09670877109413315,0,doi:10.1080/09670877109413315,int_d5f796d6281f5a3c,f. solani,fusarium solani,Resolved,abbreviation_context_first,0.75,9581851,eupatorium odoratum,ageratina altissima,Resolved,synonym_map,0.95,5400552
Relevant,abstract,abstract,0,10.1080/09670877109413315,eupatorium odoratum,cladosporium herbarum,seeds,present,pathogenic,isolated from seeds,NA,nigeria,abstract-csv,doi_10.1080_09670877109413315,Relevant,Abstract,Abstract,Presence,10.1080/09670877109413315,0,doi:10.1080/09670877109413315,int_f3c5fc435361109a,cladosporium herbarum,cladosporium herbarum,Resolved,exact_accepted,1.00,2620585,eupatorium odoratum,ageratina altissima,Resolved,synonym_map,0.95,5400552
Relevant,abstract,abstract,0,10.1080/09670877109413315,eupatorium odoratum,curvularia lunata,seeds,present,pathogenic,isolated from seeds,NA,nigeria,abstract-csv,doi_10.1080_09670877109413315,Relevant,Abstract,Abstract,Presence,10.1080/09670877109413315,0,doi:10.1080/09670877109413315,int_79ae7f016d2f76f0,curvularia lunata,curvularia lunata,Resolved,exact_accepted,1.00,2616016,eupatorium odoratum,ageratina altissima,Resolved,synonym_map,0.95,5400552
Relevant,abstract,abstract,0,10.1111/j.1469-8137.1971.tb02507.x,caladenia,sebacina vermifera,root,present,endophytic,"isolated from roots, stimulated germination of c. cornea seed in one test.",terrestrial,australia,abstract-csv,doi_10.1111_j.1469-8137.1971.tb02507.x,Relevant,Abstract,Abstract,Presence,10.1111/j.1469-8137.1971.tb02507.x,0,doi:10.1111/j.1469-8137.1971.tb02507.x,int_1816ce6ef28c77cd,sebacina vermifera,serendipita vermifera,Resolved,synonym_map,0.95,2553903,caladenia,caladenia,Resolved,exact_accepted,1.00,2841100
Relevant,abstract,abstract,0,10.1111/j.1469-185x.1950.tb00591.x,not specified in text,fomes annosus (not specified as fungal taxon,root,present,pathogenic,"isolated from root, parasitic phase on the living host plant",NA,NA,abstract-csv,doi_10.1111_j.1469-185x.1950.tb00591.x,Relevant,Abstract,Abstract,Presence,10.1111/j.1469-185x.1950.tb00591.x,0,doi:10.1111/j.1469-185x.1950.tb00591.x,int_14fd8f755f2f88df,fomes annosus (not specified as fungal taxon,heterobasidion annosum,Resolved,synonym_map,0.95,2551968,not specified in text,,Unresolved,empty,0.00,
Relevant,abstract,abstract,0,10.1111/j.1469-185x.1950.tb00591.x,not specified in text,but mentioned),root,present,pathogenic,"isolated from root, parasitic phase on the living host plant",NA,NA,abstract-csv,doi_10.1111_j.1469-185x.1950.tb00591.x,Relevant,Abstract,Abstract,Presence,10.1111/j.1469-185x.1950.tb00591.x,0,doi:10.1111/j.1469-185x.1950.tb00591.x,int_6cd3c418acbecca7,but mentioned),,Unresolved,no_match,0.00,,not specified in text,,Unresolved,empty,0.00,
Relevant,abstract,abstract,0,10.1111/j.1744-7348.1969.tb02875.x,celery,multiple (13 seed-borne pathogens mentioned but not fully listed here),seeds,present,pathogenic,control by thiram seed soak treatment,not_provided,not_provided,abstract-csv,doi_10.1111_j.1744-7348.1969.tb02875.x,Relevant,Abstract,Abstract,Presence,10.1111/j.1744-7348.1969.tb02875.x,0,doi:10.1111/j.1744-7348.1969.tb02875.x,int_a25d65ce18fc7be7,multiple (13 seed-borne pathogens mentioned but not fully listed here),,Unresolved,no_match,0.00,,celery,,Unresolved,no_match,0.00,
Relevant,abstract,abstract,0,10.1111/j.1744-7348.1969.tb02875.x,brassicas,multiple (13 seed-borne pathogens mentioned but not fully listed here),seeds,present,pathogenic,control by thiram seed soak treatment,not_provided,not_provided,abstract-csv,doi_10.1111_j.1744-7348.1969.tb02875.x,Relevant,Abstract,Abstract,Presence,10.1111/j.1744-7348.1969.tb02875.x,0,doi:10.1111/j.1744-7348.1969.tb02875.x,int_750c5ada636f36cd,multiple (13 seed-borne pathogens mentioned but not fully listed here),,Unresolved,no_match,0.00,,brassicas,,Unresolved,no_match,0.00,
Relevant,abstract,abstract,0,10.1111/j.1744-7348.1969.tb02875.x,red beet,multiple (13 seed-borne pathogens mentioned but not fully listed here),seeds,present,pathogenic,control by thiram seed soak treatment,not_provided,not_provided,abstract-csv,doi_10.1111_j.1744-7348.1969.tb02875.x,Relevant,Abstract,Abstract,Presence,10.1111/j.1744-7348.1969.tb02875.x,0,doi:10.1111/j.1744-7348.1969.tb02875.x,int_ab30a3bbe85490ac,multiple (13 seed-borne pathogens mentioned but not fully listed here),,Unresolved,no_match,0.00,,red beet,,Unresolved,no_match,0.00,
Relevant,abstract,abstract,0,10.1111/j.1469-8137.1969.tb06494.x,zea mays (maize),endogone sp. (endophyte),root,present,endophytic,"influenced by varying amounts of soluble phosphate during growth, with increased phosphate leading to reduced endophyte production.",not-specified,not-specified,abstract-csv,doi_10.1111_j.1469-8137.1969.tb06494.x,Relevant,Abstract,Abstract,Presence,10.1111/j.1469-8137.1969.tb06494.x,0,doi:10.1111/j.1469-8137.1969.tb06494.x,int_31042e9ad3da251f,endogone sp. (endophyte),endogone,Resolved,exact_accepted,1.00,2559270,zea mays (maize),zea mays,Resolved,exact_accepted,1.00,5290052
Relevant,abstract,abstract,0,10.1126/science.169.3949.997,triticum aestivum (wheat),puccinia recondita rob. (wheat leaf rust),leaf,present,pathogenic,used as a fungicide to control the growth of this specific pathogen,wheat fields,NA,abstract-csv,doi_10.1126_science.169.3949.997,Relevant,Abstract,Abstract,Presence,10.1126/science.169.3949.997,0,doi:10.1126/science.169.3949.997,int_3b636bf5af8e40c6,puccinia recondita rob. (wheat leaf rust),puccinia recondita,Resolved,exact_accepted,1.00,7778821,triticum aestivum (wheat),triticum aestivum,Resolved,exact_accepted,1.00,7795888
Relevant,abstract,abstract,0,10.1071/ea9680232,triticum aestivum (wheat),unknown (common bunt of wheat,seed,present,pathogenic,caused cereal smuts in glasshouse experiments and post-infection soil drenches.,NA,NA,abstract-csv,doi_10.1071_ea9680232,Relevant,Abstract,Abstract,Presence,10.1071/ea9680232,0,doi:10.1071/ea9680232,int_6d9250893ce1003e,unknown (common bunt of wheat,,Unresolved,no_match,0.00,,triticum aestivum (wheat),triticum aestivum,Resolved,exact_accepted,1.00,7795888
Relevant,abstract,abstract,0,10.1071/ea9680232,triticum aestivum (wheat),flag smut of wheat,seed,present,pathogenic,caused cereal smuts in glasshouse experiments and post-infection soil drenches.,NA,NA,abstract-csv,doi_10.1071_ea9680232,Relevant,Abstract,Abstract,Presence,10.1071/ea9680232,0,doi:10.1071/ea9680232,int_3794db9a979468b4,flag smut of wheat,,Unresolved,no_match,0.00,,triticum aestivum (wheat),triticum aestivum,Resolved,exact_accepted,1.00,7795888
Relevant,abstract,abstract,0,10.1071/ea9680232,triticum aestivum (wheat),covered smut of oats),seed,present,pathogenic,caused cereal smuts in glasshouse experiments and post-infection soil drenches.,NA,NA,abstract-csv,doi_10.1071_ea9680232,Relevant,Abstract,Abstract,Presence,10.1071/ea9680232,0,doi:10.1071/ea9680232,int_da7a0dcddddfa851,covered smut of oats),,Unresolved,no_match,0.00,,triticum aestivum (wheat),triticum aestivum,Resolved,exact_accepted,1.00,7795888
Irrelevant,abstract,abstract,0,10.1111/j.1744-7348.1963.tb03682.x,broad bean seedlings (vicia faba),not mentioned,seedlings,present,NA,NA,NA,NA,abstract-csv,doi_10.1111_j.1744-7348.1963.tb03682.x,Not Relevant,Abstract,Abstract,Presence,10.1111/j.1744-7348.1963.tb03682.x,0,doi:10.1111/j.1744-7348.1963.tb03682.x,int_b3dff44eb550da82,not mentioned,,Unresolved,none,0.00,,broad bean seedlings (vicia faba),vicia faba,Resolved,exact_accepted,1.00,2974832
Relevant,abstract,abstract,0,10.1071/bt9590225,gastrodia sesamoides r. br.,unknown (mentioned as a fungal symbiont),tuberous rhizome,present,endophytic,the fungus is present in a specialized layer of the cortex and is believed to be digested by the plant.,australian,australia,abstract-csv,doi_10.1071_bt9590225,Relevant,Abstract,Abstract,Presence,10.1071/bt9590225,0,doi:10.1071/bt9590225,int_be204ca2a01ac15f,unknown (mentioned as a fungal symbiont),,Unresolved,empty,0.00,,gastrodia sesamoides r. br.,gastrodia sesamoides,Resolved,exact_accepted,1.00,2813371
Relevant,abstract,abstract,0,10.1111/j.1469-8137.1970.tb02481.x,dactylorhiza purpurella,rhizoctonia (unspecified species),root,present,mutualistic,established symbiotic relationship,NA,NA,abstract-csv,doi_10.1111_j.1469-8137.1970.tb02481.x,Relevant,Abstract,Abstract,Presence,10.1111/j.1469-8137.1970.tb02481.x,0,doi:10.1111/j.1469-8137.1970.tb02481.x,int_3c510e7dbdac8d14,rhizoctonia (unspecified species),rhizoctonia,Resolved,exact_accepted,1.00,8612683,dactylorhiza purpurella,dactylorhiza majalis purpurella,Resolved,synonym_map,0.95,2810261
Relevant,abstract,abstract,0,10.1007/bf01976392,cucumis melo l.,fusarium oxysporum f. sp. melonis,"plants, xylem vessels",present,pathogenic,causing vascular wilt in muskmelon plants,NA,NA,abstract-csv,doi_10.1007_bf01976392,Relevant,Abstract,Abstract,Presence,10.1007/bf01976392,0,doi:10.1007/bf01976392,int_e36ef552a8b15ba3,fusarium oxysporum f. sp. melonis,fusarium oxysporum,Resolved,exact_accepted,1.00,5251961,cucumis melo l.,cucumis melo,Resolved,exact_accepted,1.00,2874570
Relevant,abstract,abstract,0,10.1007/bf00409916,nardus stricta,vesicular-arbuscular endophytes,root,present,endophytic,"mycorrhizal roots. investigated using dna, rna and histone specific stains, autoradiographic techniques.",NA,NA,abstract-csv,doi_10.1007_bf00409916,Relevant,Abstract,Abstract,Presence,10.1007/bf00409916,0,doi:10.1007/bf00409916,int_7b5b2091a75f3afe,vesicular-arbuscular endophytes,,Unresolved,no_match,0.00,,nardus stricta,nardus stricta,Resolved,exact_accepted,1.00,2702717
Relevant,abstract,abstract,0,10.1080/0028825x.1963.10428694,griselinia littoralis,['rhizophagus populinus dangeard',root,present,symbiotic (obligate symbiont),"identified as an obligate symbiont, emerges from 70?90% of root pieces when placed on soil agar, and grows for 2-3 weeks in association with moulds and bacteria. behavior of r. tenuis is unknown due to difficulties in ascertaining it.",(not provided in text),(not provided in text),abstract-csv,doi_10.1080_0028825x.1963.10428694,Relevant,Abstract,Abstract,Presence,10.1080/0028825x.1963.10428694,0,doi:10.1080/0028825x.1963.10428694,int_d080d21cfa6bb5af,['rhizophagus populinus dangeard',rhizophagus populinus,Resolved,exact_accepted,1.00,6357994,griselinia littoralis,griselinia littoralis,Resolved,exact_accepted,1.00,5581563
Relevant,abstract,abstract,0,10.1080/0028825x.1963.10428694,griselinia littoralis,'r. tenuis sp. nov.'],root,present,symbiotic (obligate symbiont),"identified as an obligate symbiont, emerges from 70?90% of root pieces when placed on soil agar, and grows for 2-3 weeks in association with moulds and bacteria. behavior of r. tenuis is unknown due to difficulties in ascertaining it.",(not provided in text),(not provided in text),abstract-csv,doi_10.1080_0028825x.1963.10428694,Relevant,Abstract,Abstract,Presence,10.1080/0028825x.1963.10428694,0,doi:10.1080/0028825x.1963.10428694,int_722123d251ee026b,'r. tenuis sp. nov.'],radula tenuis,Resolved,abbreviation_context_first,0.55,7778653,griselinia littoralis,griselinia littoralis,Resolved,exact_accepted,1.00,5581563
Relevant,abstract,abstract,0,10.1111/j.1744-7348.1951.tb07808.x,vicia faba (broad bean),botrytis cinerea,leaf,present,pathogenic,"the text describes the plants being infected by the fungi. no information provided about the interaction being endophytic, symbiotic, or other.",NA,NA,abstract-csv,doi_10.1111_j.1744-7348.1951.tb07808.x,Relevant,Abstract,Abstract,Presence,10.1111/j.1744-7348.1951.tb07808.x,0,doi:10.1111/j.1744-7348.1951.tb07808.x,int_2007d07dbdd349a4,botrytis cinerea,botrytis cinerea,Resolved,exact_accepted,1.00,2583139,vicia faba (broad bean),vicia faba,Resolved,exact_accepted,1.00,2974832
Relevant,abstract,abstract,0,10.1111/j.1744-7348.1951.tb07808.x,vicia faba (broad bean),botrytis fabae,leaf,present,pathogenic,"the text describes the plants being infected by the fungi. no information provided about the interaction being endophytic, symbiotic, or other.",NA,NA,abstract-csv,doi_10.1111_j.1744-7348.1951.tb07808.x,Relevant,Abstract,Abstract,Presence,10.1111/j.1744-7348.1951.tb07808.x,0,doi:10.1111/j.1744-7348.1951.tb07808.x,int_07c4e8b633567ca8,botrytis fabae,botrytis fabae,Resolved,exact_accepted,1.00,2583102,vicia faba (broad bean),vicia faba,Resolved,exact_accepted,1.00,2974832
Irrelevant,abstract,abstract,0,10.1021/ac60282a036,apple,unspecified fungus,unspecified,present,"pathogenic (implied, but not specified)",mentioned as target for toxic fungicides in agriculture,agricultural,unspecified,abstract-csv,doi_10.1021_ac60282a036,Not Relevant,Abstract,Abstract,Presence,10.1021/ac60282a036,0,doi:10.1021/ac60282a036,int_0b60f51b0a6c496f,unspecified fungus,,Unresolved,no_match,0.00,,apple,,Unresolved,no_match,0.00,
Relevant,abstract,abstract,0,10.1111/j.1744-7348.1951.tb07810.x,triticum aestivum (wheat - bersé),alternaria tenuis,grain,present,endophytic,isolated from surface-sterilized grains,NA,NA,abstract-csv,doi_10.1111_j.1744-7348.1951.tb07810.x,Relevant,Abstract,Abstract,Presence,10.1111/j.1744-7348.1951.tb07810.x,0,doi:10.1111/j.1744-7348.1951.tb07810.x,int_dd46dbdf466d6196,alternaria tenuis,alternaria alternata,Resolved,synonym_map,0.95,2616163,triticum aestivum (wheat - bersé),triticum aestivum,Resolved,exact_accepted,1.00,7795888
Relevant,abstract,abstract,0,10.1007/bf01981522,hordeum vulgare (barley),blumeria graminis f. sp. hordei (barley powdery mildew),plants,present,pathogenic,"causative agent of disease, pre-infectional spraying provided complete protection",agricultural,NA,abstract-csv,doi_10.1007_bf01981522,Relevant,Abstract,Abstract,Presence,10.1007/bf01981522,0,doi:10.1007/bf01981522,int_d2de4c746effc868,blumeria graminis f. sp. hordei (barley powdery mildew),blumeria graminis,Resolved,exact_accepted,1.00,2578272,hordeum vulgare (barley),hordeum vulgare,Resolved,exact_accepted,1.00,2706056
Relevant,abstract,abstract,0,10.1002/ps.2780020113,hordeum vulgare (barley),ustilago nuda,NA,present,pathogenic,the fungus is a pathogen causing smut disease in barley.,agricultural field,NA,abstract-csv,doi_10.1002_ps.2780020113,Relevant,Abstract,Abstract,Presence,10.1002/ps.2780020113,0,doi:10.1002/ps.2780020113,int_c7d188c46dbe807e,ustilago nuda,ustilago nuda,Resolved,exact_accepted,1.00,7238892,hordeum vulgare (barley),hordeum vulgare,Resolved,exact_accepted,1.00,2706056
Relevant,abstract,abstract,0,10.1111/j.1570-7458.1965.tb00867.x,not specified (seed-borne fungi),trichothecium roseum lk,seeds,present,NA,isolated from seeds as a food source for cryptolestes ferrugineus (stephens),stored product,NA,abstract-csv,doi_10.1111_j.1570-7458.1965.tb00867.x,Relevant,Abstract,Abstract,Presence,10.1111/j.1570-7458.1965.tb00867.x,0,doi:10.1111/j.1570-7458.1965.tb00867.x,int_e86bc4d5d5b0e5c9,trichothecium roseum lk,trichothecium roseum,Resolved,exact_accepted,1.00,2561979,not specified (seed-borne fungi),,Unresolved,empty,0.00,
Relevant,abstract,abstract,0,10.1071/ar9550423,lycopersicon esculentum (tomato),penicillium chrysogenum thom,soil,present,NA,"residual presence, not establishing itself in the soil",NA,NA,abstract-csv,doi_10.1071_ar9550423,Relevant,Abstract,Abstract,Presence,10.1071/ar9550423,0,doi:10.1071/ar9550423,int_36f05152aae1f3cf,penicillium chrysogenum thom,penicillium chrysogenum,Resolved,exact_accepted,1.00,3466349,lycopersicon esculentum (tomato),solanum lycopersicum,Resolved,synonym_map,0.95,2930137
Relevant,abstract,abstract,0,10.5958/2395-146x.2019.00108.x,triticum aestivum (wheat),puccinia striiformis f. sp. tritici,unspecified,present,pathogenic,"causing stripe rust, a damaging disease of wheat",sub-mountainous districts of punjab,"punjab, india",abstract-csv,doi_10.5958_2395-146x.2019.00108.x,Relevant,Abstract,Abstract,Presence,10.5958/2395-146x.2019.00108.x,0,doi:10.5958/2395-146x.2019.00108.x,int_80a54ec39f919c62,puccinia striiformis f. sp. tritici,puccinia striiformis,Resolved,exact_accepted,1.00,3377675,triticum aestivum (wheat),triticum aestivum,Resolved,exact_accepted,1.00,7795888
Relevant,abstract,abstract,0,10.13346/j.mycosystema.190246,oryza sativa (rice),falciphora oryzae,root,present,endophytic,"isolated from wild rice root, promoting growth and preventing disease of rice. root colonization induces up-regulated expression of nutrient-element absorption related genes.",agricultural field,not specified in text,abstract-csv,doi_10.13346_j.mycosystema.190246,Relevant,Abstract,Abstract,Presence,10.13346/j.mycosystema.190246,0,doi:10.13346/j.mycosystema.190246,int_4b0aabb90702d17a,falciphora oryzae,falciphora oryzae,Resolved,exact_accepted,1.00,9803420,oryza sativa (rice),oryza sativa,Resolved,exact_accepted,1.00,2703459
Relevant,abstract,abstract,0,10.13346/j.mycosystema.190145,ipomoea cairica,dark septate endophytes (dse),root,present,endophytic,"colonization observed in physiologically active roots, potential symbiotic relationship discussed due to polymorphic nature of dse, huge fungal network and accumulation and distribution of lipids.",NA,southern china,abstract-csv,doi_10.13346_j.mycosystema.190145,Relevant,Abstract,Abstract,Presence,10.13346/j.mycosystema.190145,0,doi:10.13346/j.mycosystema.190145,int_cb9c7476af229870,dark septate endophytes (dse),ascomycota,Resolved,exact_accepted,1.00,95,ipomoea cairica,ipomoea cairica,Resolved,exact_accepted,1.00,2928531
Relevant,full-text,abstract,0,10.13346/j.mycosystema.190220,hedysarum scoparium,arbuscular mycorrhizae (am),root,present,mycorrhizal,naturally infected by am fungi in different sampling sites.,desert,china (northwest),abstract-csv,doi_10.13346_j.mycosystema.190220,Relevant,Full-Text,Full-Text,Presence,10.13346/j.mycosystema.190220,0,doi:10.13346/j.mycosystema.190220,int_6c1e4fa1dd99a2d0,arbuscular mycorrhizae (am),,Unresolved,no_match,0.00,,hedysarum scoparium,corethrodendron scoparium,Resolved,synonym_map,0.95,2961120
Relevant,abstract,abstract,0,10.13346/j.mycosystema.190218,selaginella tamariscina,chaetomium,NA,present,endophytic,isolated from tissue segments of selaginella tamariscina in longhu mountain and danxia mountain,mountain,"['jiangxi province', 'guangdong province']",abstract-csv,doi_10.13346_j.mycosystema.190218,Relevant,Abstract,Abstract,Presence,10.13346/j.mycosystema.190218,0,doi:10.13346/j.mycosystema.190218,int_7382cb5204b8e098,chaetomium,chaetomium,Resolved,exact_accepted,1.00,2560820,selaginella tamariscina,selaginella tamariscina,Resolved,exact_accepted,1.00,4940390
Relevant,abstract,abstract,0,10.1016/j.livsci.2019.103829,tall fescue (lolium arundinaceum),endophyte-infected tall fescue endophyte,pasture,present,endophytic,"infected tall fescue pasture, used as forage for heifers in two experiments.",pasture,not specified in text,abstract-csv,doi_10.1016_j.livsci.2019.103829,Relevant,Abstract,Abstract,Presence,10.1016/j.livsci.2019.103829,0,doi:10.1016/j.livsci.2019.103829,int_022d184ea05c7057,endophyte-infected tall fescue endophyte,,Unresolved,no_match,0.00,,tall fescue (lolium arundinaceum),lolium arundinaceum,Resolved,exact_accepted,1.00,2706231
Relevant,full-text,full-text,14,10.1038/s41598-019-43165-y,paeonia lactiflora (peony),botrytis cinerea,NA,present,pathogenic,isolated from peony fields in the united states,"agricultural production regions of the pacific northwest, usa",usa,full-text,doi_10.1038_s41598-019-43165-y,Relevant,Full-Text,Full-Text,Presence,10.1038/s41598-019-43165-y,14,doi:10.1038/s41598-019-43165-y,int_af6acef338fd153c,botrytis cinerea,botrytis cinerea,Resolved,exact_accepted,1.00,2583139,paeonia lactiflora (peony),paeonia lactiflora,Resolved,exact_accepted,1.00,3083486
Relevant,abstract,abstract,0,10.1021/acs.jnatprod.9b00336,astragalus species,endophytic fungi isolated from astragalus species,NA,present,"endophytic, biotransformation agent","isolated from astragalus species, involved in biotransformation of cycloastragenol and astragenol",NA,NA,abstract-csv,doi_10.1021_acs.jnatprod.9b00336,Relevant,Abstract,Abstract,Presence,10.1021/acs.jnatprod.9b00336,0,doi:10.1021/acs.jnatprod.9b00336,int_2d54ac895d815f45,endophytic fungi isolated from astragalus species,,Unresolved,descriptor_non_taxon,0.00,,astragalus species,,Unresolved,no_match,0.00,
Relevant,abstract,abstract,0,10.1007/s40011-018-1053-2,gloriosa superba (l.),bipolaris cynodontis,"root, stem, leaf",present,endophytic,"isolated from roots, stems and leaves. identified based on morphotyping and its dna sequences.",NA,india,abstract-csv,doi_10.1007_s40011-018-1053-2,Relevant,Abstract,Abstract,Presence,10.1007/s40011-018-1053-2,0,doi:10.1007/s40011-018-1053-2,int_66bf759f10cf7d19,bipolaris cynodontis,bipolaris cynodontis,Resolved,exact_accepted,1.00,2616001,gloriosa superba (l.),gloriosa superba,Resolved,exact_accepted,1.00,2740024
Relevant,abstract,abstract,0,10.1007/s40011-018-1053-2,gloriosa superba (l.),b. specifera,"root, stem, leaf",present,endophytic,"isolated from roots, stems and leaves. identified based on morphotyping and its dna sequences.",NA,india,abstract-csv,doi_10.1007_s40011-018-1053-2,Relevant,Abstract,Abstract,Presence,10.1007/s40011-018-1053-2,0,doi:10.1007/s40011-018-1053-2,int_840ece6b91c2f3b3,b. specifera,,Unresolved,no_match,0.00,,gloriosa superba (l.),gloriosa superba,Resolved,exact_accepted,1.00,2740024
Relevant,abstract,abstract,0,10.1007/s40011-018-1053-2,gloriosa superba (l.),fusarium oxysporum,"root, stem, leaf",present,endophytic,"isolated from roots, stems and leaves. identified based on morphotyping and its dna sequences.",NA,india,abstract-csv,doi_10.1007_s40011-018-1053-2,Relevant,Abstract,Abstract,Presence,10.1007/s40011-018-1053-2,0,doi:10.1007/s40011-018-1053-2,int_4a3fa67e3decceed,fusarium oxysporum,fusarium oxysporum,Resolved,exact_accepted,1.00,5251961,gloriosa superba (l.),gloriosa superba,Resolved,exact_accepted,1.00,2740024
Relevant,abstract,abstract,0,10.1007/s40011-018-1053-2,gloriosa superba (l.),f. solani,"root, stem, leaf",present,endophytic,"isolated from roots, stems and leaves. identified based on morphotyping and its dna sequences.",NA,india,abstract-csv,doi_10.1007_s40011-018-1053-2,Relevant,Abstract,Abstract,Presence,10.1007/s40011-018-1053-2,0,doi:10.1007/s40011-018-1053-2,int_a3113cea8a801b5c,f. solani,fusarium solani,Resolved,abbreviation_context_first,0.75,9581851,gloriosa superba (l.),gloriosa superba,Resolved,exact_accepted,1.00,2740024
Relevant,abstract,abstract,0,10.1007/s40011-018-1053-2,gloriosa superba (l.),talaromyces pinophilus,"root, stem, leaf",present,endophytic,"isolated from roots, stems and leaves. identified based on morphotyping and its dna sequences.",NA,india,abstract-csv,doi_10.1007_s40011-018-1053-2,Relevant,Abstract,Abstract,Presence,10.1007/s40011-018-1053-2,0,doi:10.1007/s40011-018-1053-2,int_6b450047091e5776,talaromyces pinophilus,talaromyces pinophilus,Resolved,exact_accepted,1.00,8079970,gloriosa superba (l.),gloriosa superba,Resolved,exact_accepted,1.00,2740024
Relevant,abstract,abstract,0,10.1007/s40011-018-1053-2,gloriosa superba (l.),oidiodendron spp.,"root, stem, leaf",present,endophytic,"isolated from roots, stems and leaves. identified based on morphotyping and its dna sequences.",NA,india,abstract-csv,doi_10.1007_s40011-018-1053-2,Relevant,Abstract,Abstract,Presence,10.1007/s40011-018-1053-2,0,doi:10.1007/s40011-018-1053-2,int_9ee8d1a42ebecf2d,oidiodendron spp.,oidiodendron,Resolved,exact_accepted,1.00,2626623,gloriosa superba (l.),gloriosa superba,Resolved,exact_accepted,1.00,2740024
Relevant,abstract,abstract,0,10.1007/s40011-018-1053-2,gloriosa superba (l.),colletotrichum gleosporioides,"root, stem, leaf",present,endophytic,"isolated from roots, stems and leaves. identified based on morphotyping and its dna sequences.",NA,india,abstract-csv,doi_10.1007_s40011-018-1053-2,Relevant,Abstract,Abstract,Presence,10.1007/s40011-018-1053-2,0,doi:10.1007/s40011-018-1053-2,int_3c4e742098887a53,colletotrichum gleosporioides,,Unresolved,no_match,0.00,,gloriosa superba (l.),gloriosa superba,Resolved,exact_accepted,1.00,2740024
Relevant,abstract,abstract,0,10.1016/j.tcsw.2019.100026,NA,fungus (chitin and ?-glucan),NA,present,pathogenic,the interaction between plant defensins (nad1 and others) and fungal cell wall polysaccharides (chitin and ?-glucan),NA,NA,abstract-csv,doi_10.1016_j.tcsw.2019.100026,Relevant,Abstract,Abstract,Presence,10.1016/j.tcsw.2019.100026,0,doi:10.1016/j.tcsw.2019.100026,int_d38733b984a4d5e2,fungus (chitin and ?-glucan),,Unresolved,no_match,0.00,,NA,,Unresolved,none,0.00,
Relevant,abstract,abstract,0,10.7501/j.issn.0253-2670.2019.23.027,dendrobium officinale,gxrz2,"seedling stem and leaf, root",present,endophytic,isolated from dendrobium officinale seedlings,not specified in text,not specified in text,abstract-csv,doi_10.7501_j.issn.0253-2670.2019.23.027,Relevant,Abstract,Abstract,Presence,10.7501/j.issn.0253-2670.2019.23.027,0,doi:10.7501/j.issn.0253-2670.2019.23.027,int_ef8009740b09b3f1,gxrz2,,Unresolved,no_match,0.00,,dendrobium officinale,dendrobium officinale,Resolved,exact_accepted,1.00,5317472
Relevant,abstract,abstract,0,10.7501/j.issn.0253-2670.2019.23.027,dendrobium officinale,gxrz3,"seedling stem and leaf, root",present,endophytic,isolated from dendrobium officinale seedlings,not specified in text,not specified in text,abstract-csv,doi_10.7501_j.issn.0253-2670.2019.23.027,Relevant,Abstract,Abstract,Presence,10.7501/j.issn.0253-2670.2019.23.027,0,doi:10.7501/j.issn.0253-2670.2019.23.027,int_30f6686a4ad66efb,gxrz3,,Unresolved,no_match,0.00,,dendrobium officinale,dendrobium officinale,Resolved,exact_accepted,1.00,5317472
Relevant,abstract,abstract,0,10.7501/j.issn.0253-2670.2019.23.027,dendrobium officinale,gxrz10,"seedling stem and leaf, root",present,endophytic,isolated from dendrobium officinale seedlings,not specified in text,not specified in text,abstract-csv,doi_10.7501_j.issn.0253-2670.2019.23.027,Relevant,Abstract,Abstract,Presence,10.7501/j.issn.0253-2670.2019.23.027,0,doi:10.7501/j.issn.0253-2670.2019.23.027,int_103af8ad738e689c,gxrz10,,Unresolved,no_match,0.00,,dendrobium officinale,dendrobium officinale,Resolved,exact_accepted,1.00,5317472
Relevant,full-text,abstract,0,10.13057/biodiv/d201245,cordyline fruticosa,endophytic fungus db1 (preliminary identification: neurospora tetrasperma strain apbsdsf108),leaf,present,endophytic,isolated from cordyline fruticosa leaves,unspecified,unspecified,abstract-csv,doi_10.13057_biodiv_d201245,Relevant,Full-Text,Full-Text,Presence,10.13057/biodiv/d201245,0,doi:10.13057/biodiv/d201245,int_af5c263a10ab53de,endophytic fungus db1 (preliminary identification: neurospora tetrasperma strain apbsdsf108),,Unresolved,descriptor_non_taxon,0.00,,cordyline fruticosa,cordyline fruticosa,Resolved,exact_accepted,1.00,2766278
Relevant,abstract,abstract,0,10.1007/s40011-018-1046-1,tinospora cordifolia miers.,pseudofusicoccum adansoniae,photosynthetic root,present,endophytic,isolated from photosynthetic root.,NA,NA,abstract-csv,doi_10.1007_s40011-018-1046-1,Relevant,Abstract,Abstract,Presence,10.1007/s40011-018-1046-1,0,doi:10.1007/s40011-018-1046-1,int_8d8ad6d2e757ead8,pseudofusicoccum adansoniae,pseudofusicoccum adansoniae,Resolved,exact_accepted,1.00,5894691,tinospora cordifolia miers.,tinospora cordifolia,Resolved,exact_accepted,1.00,7520328
Relevant,abstract,abstract,0,10.13346/j.mycosystema.190190,gastrochilus,xylaria,"root, stem, leaf",present,endophytic,isolated from epiphytic orchids collected in the naban river watershed national nature reserve in xishuangbanna,"naban river watershed national nature reserve, xishuangbanna",china,abstract-csv,doi_10.13346_j.mycosystema.190190,Relevant,Abstract,Abstract,Presence,10.13346/j.mycosystema.190190,0,doi:10.13346/j.mycosystema.190190,int_32ba748df2b74cb3,xylaria,xylaria,Resolved,exact_accepted,1.00,2568748,gastrochilus,gastrochilus,Resolved,exact_accepted,1.00,2804118
Relevant,abstract,abstract,0,10.13346/j.mycosystema.190190,gastrochilus,fusarium,"root, stem, leaf",present,endophytic,isolated from epiphytic orchids collected in the naban river watershed national nature reserve in xishuangbanna,"naban river watershed national nature reserve, xishuangbanna",china,abstract-csv,doi_10.13346_j.mycosystema.190190,Relevant,Abstract,Abstract,Presence,10.13346/j.mycosystema.190190,0,doi:10.13346/j.mycosystema.190190,int_15aa1564f5bce6ae,fusarium,fusarium,Resolved,exact_accepted,1.00,2554026,gastrochilus,gastrochilus,Resolved,exact_accepted,1.00,2804118
Relevant,abstract,abstract,0,10.13346/j.mycosystema.190190,gastrochilus,phoma,"root, stem, leaf",present,endophytic,isolated from epiphytic orchids collected in the naban river watershed national nature reserve in xishuangbanna,"naban river watershed national nature reserve, xishuangbanna",china,abstract-csv,doi_10.13346_j.mycosystema.190190,Relevant,Abstract,Abstract,Presence,10.13346/j.mycosystema.190190,0,doi:10.13346/j.mycosystema.190190,int_bc17e3280d9af608,phoma,phoma,Resolved,exact_accepted,1.00,2513988,gastrochilus,gastrochilus,Resolved,exact_accepted,1.00,2804118
Relevant,abstract,abstract,0,10.13346/j.mycosystema.190190,gastrochilus,pestalotiopsis,"root, stem, leaf",present,endophytic,isolated from epiphytic orchids collected in the naban river watershed national nature reserve in xishuangbanna,"naban river watershed national nature reserve, xishuangbanna",china,abstract-csv,doi_10.13346_j.mycosystema.190190,Relevant,Abstract,Abstract,Presence,10.13346/j.mycosystema.190190,0,doi:10.13346/j.mycosystema.190190,int_05b40f3f53de3c4b,pestalotiopsis,pestalotiopsis,Resolved,exact_accepted,1.00,2574855,gastrochilus,gastrochilus,Resolved,exact_accepted,1.00,2804118
Relevant,abstract,abstract,0,10.13346/j.mycosystema.190190,gastrochilus,colletotrichum,"root, stem, leaf",present,endophytic,isolated from epiphytic orchids collected in the naban river watershed national nature reserve in xishuangbanna,"naban river watershed national nature reserve, xishuangbanna",china,abstract-csv,doi_10.13346_j.mycosystema.190190,Relevant,Abstract,Abstract,Presence,10.13346/j.mycosystema.190190,0,doi:10.13346/j.mycosystema.190190,int_e1cc85074e8b16cf,colletotrichum,colletotrichum,Resolved,exact_accepted,1.00,2563219,gastrochilus,gastrochilus,Resolved,exact_accepted,1.00,2804118
Relevant,abstract,abstract,0,10.13346/j.mycosystema.190190,gastrochilus,pallidocercospora,"root, stem, leaf",present,endophytic,isolated from epiphytic orchids collected in the naban river watershed national nature reserve in xishuangbanna,"naban river watershed national nature reserve, xishuangbanna",china,abstract-csv,doi_10.13346_j.mycosystema.190190,Relevant,Abstract,Abstract,Presence,10.13346/j.mycosystema.190190,0,doi:10.13346/j.mycosystema.190190,int_b75b3524c868c29c,pallidocercospora,pallidocercospora,Resolved,exact_accepted,1.00,8176448,gastrochilus,gastrochilus,Resolved,exact_accepted,1.00,2804118
Relevant,abstract,abstract,0,10.13346/j.mycosystema.190190,gastrochilus,pantospora,"root, stem, leaf",present,endophytic,isolated from epiphytic orchids collected in the naban river watershed national nature reserve in xishuangbanna,"naban river watershed national nature reserve, xishuangbanna",china,abstract-csv,doi_10.13346_j.mycosystema.190190,Relevant,Abstract,Abstract,Presence,10.13346/j.mycosystema.190190,0,doi:10.13346/j.mycosystema.190190,int_d00ddbf2917a6f7f,pantospora,pantospora,Resolved,exact_accepted,1.00,2621553,gastrochilus,gastrochilus,Resolved,exact_accepted,1.00,2804118
Relevant,abstract,abstract,0,10.13346/j.mycosystema.190190,gastrochilus,phyllosticta,"root, stem, leaf",present,endophytic,isolated from epiphytic orchids collected in the naban river watershed national nature reserve in xishuangbanna,"naban river watershed national nature reserve, xishuangbanna",china,abstract-csv,doi_10.13346_j.mycosystema.190190,Relevant,Abstract,Abstract,Presence,10.13346/j.mycosystema.190190,0,doi:10.13346/j.mycosystema.190190,int_e3ad3234e00c4634,phyllosticta,phyllosticta,Resolved,exact_accepted,1.00,2513141,gastrochilus,gastrochilus,Resolved,exact_accepted,1.00,2804118
Relevant,abstract,abstract,0,10.13346/j.mycosystema.190190,cleisostoma,xylaria,"root, stem, leaf",present,endophytic,isolated from epiphytic orchids collected in the naban river watershed national nature reserve in xishuangbanna,"naban river watershed national nature reserve, xishuangbanna",china,abstract-csv,doi_10.13346_j.mycosystema.190190,Relevant,Abstract,Abstract,Presence,10.13346/j.mycosystema.190190,0,doi:10.13346/j.mycosystema.190190,int_d840cd42f86a1c3c,xylaria,xylaria,Resolved,exact_accepted,1.00,2568748,cleisostoma,cleisostoma,Resolved,exact_accepted,1.00,2785451
Relevant,abstract,abstract,0,10.13346/j.mycosystema.190190,cleisostoma,fusarium,"root, stem, leaf",present,endophytic,isolated from epiphytic orchids collected in the naban river watershed national nature reserve in xishuangbanna,"naban river watershed national nature reserve, xishuangbanna",china,abstract-csv,doi_10.13346_j.mycosystema.190190,Relevant,Abstract,Abstract,Presence,10.13346/j.mycosystema.190190,0,doi:10.13346/j.mycosystema.190190,int_dfc3c00df893ee19,fusarium,fusarium,Resolved,exact_accepted,1.00,2554026,cleisostoma,cleisostoma,Resolved,exact_accepted,1.00,2785451
Relevant,abstract,abstract,0,10.13346/j.mycosystema.190190,cleisostoma,phoma,"root, stem, leaf",present,endophytic,isolated from epiphytic orchids collected in the naban river watershed national nature reserve in xishuangbanna,"naban river watershed national nature reserve, xishuangbanna",china,abstract-csv,doi_10.13346_j.mycosystema.190190,Relevant,Abstract,Abstract,Presence,10.13346/j.mycosystema.190190,0,doi:10.13346/j.mycosystema.190190,int_ca7d9a84ea4352c4,phoma,phoma,Resolved,exact_accepted,1.00,2513988,cleisostoma,cleisostoma,Resolved,exact_accepted,1.00,2785451
Relevant,abstract,abstract,0,10.13346/j.mycosystema.190190,cleisostoma,pestalotiopsis,"root, stem, leaf",present,endophytic,isolated from epiphytic orchids collected in the naban river watershed national nature reserve in xishuangbanna,"naban river watershed national nature reserve, xishuangbanna",china,abstract-csv,doi_10.13346_j.mycosystema.190190,Relevant,Abstract,Abstract,Presence,10.13346/j.mycosystema.190190,0,doi:10.13346/j.mycosystema.190190,int_2fa86de5223383bb,pestalotiopsis,pestalotiopsis,Resolved,exact_accepted,1.00,2574855,cleisostoma,cleisostoma,Resolved,exact_accepted,1.00,2785451
Relevant,abstract,abstract,0,10.13346/j.mycosystema.190190,cleisostoma,colletotrichum,"root, stem, leaf",present,endophytic,isolated from epiphytic orchids collected in the naban river watershed national nature reserve in xishuangbanna,"naban river watershed national nature reserve, xishuangbanna",china,abstract-csv,doi_10.13346_j.mycosystema.190190,Relevant,Abstract,Abstract,Presence,10.13346/j.mycosystema.190190,0,doi:10.13346/j.mycosystema.190190,int_3e221ab5d21ba0e7,colletotrichum,colletotrichum,Resolved,exact_accepted,1.00,2563219,cleisostoma,cleisostoma,Resolved,exact_accepted,1.00,2785451
Relevant,abstract,abstract,0,10.13346/j.mycosystema.190190,cleisostoma,pallidocercospora,"root, stem, leaf",present,endophytic,isolated from epiphytic orchids collected in the naban river watershed national nature reserve in xishuangbanna,"naban river watershed national nature reserve, xishuangbanna",china,abstract-csv,doi_10.13346_j.mycosystema.190190,Relevant,Abstract,Abstract,Presence,10.13346/j.mycosystema.190190,0,doi:10.13346/j.mycosystema.190190,int_885e69f5626ee436,pallidocercospora,pallidocercospora,Resolved,exact_accepted,1.00,8176448,cleisostoma,cleisostoma,Resolved,exact_accepted,1.00,2785451
Relevant,abstract,abstract,0,10.13346/j.mycosystema.190190,cleisostoma,pantospora,"root, stem, leaf",present,endophytic,isolated from epiphytic orchids collected in the naban river watershed national nature reserve in xishuangbanna,"naban river watershed national nature reserve, xishuangbanna",china,abstract-csv,doi_10.13346_j.mycosystema.190190,Relevant,Abstract,Abstract,Presence,10.13346/j.mycosystema.190190,0,doi:10.13346/j.mycosystema.190190,int_f5fd81734ffba293,pantospora,pantospora,Resolved,exact_accepted,1.00,2621553,cleisostoma,cleisostoma,Resolved,exact_accepted,1.00,2785451
Relevant,abstract,abstract,0,10.13346/j.mycosystema.190190,cleisostoma,phyllosticta,"root, stem, leaf",present,endophytic,isolated from epiphytic orchids collected in the naban river watershed national nature reserve in xishuangbanna,"naban river watershed national nature reserve, xishuangbanna",china,abstract-csv,doi_10.13346_j.mycosystema.190190,Relevant,Abstract,Abstract,Presence,10.13346/j.mycosystema.190190,0,doi:10.13346/j.mycosystema.190190,int_e3f543b03e5405d7,phyllosticta,phyllosticta,Resolved,exact_accepted,1.00,2513141,cleisostoma,cleisostoma,Resolved,exact_accepted,1.00,2785451
Relevant,abstract,abstract,0,10.13346/j.mycosystema.190190,eria,xylaria,"root, stem, leaf",present,endophytic,isolated from epiphytic orchids collected in the naban river watershed national nature reserve in xishuangbanna,"naban river watershed national nature reserve, xishuangbanna",china,abstract-csv,doi_10.13346_j.mycosystema.190190,Relevant,Abstract,Abstract,Presence,10.13346/j.mycosystema.190190,0,doi:10.13346/j.mycosystema.190190,int_df06dea083e2db69,xylaria,xylaria,Resolved,exact_accepted,1.00,2568748,eria,eria,Resolved,exact_accepted,1.00,7559461
Relevant,abstract,abstract,0,10.13346/j.mycosystema.190190,eria,fusarium,"root, stem, leaf",present,endophytic,isolated from epiphytic orchids collected in the naban river watershed national nature reserve in xishuangbanna,"naban river watershed national nature reserve, xishuangbanna",china,abstract-csv,doi_10.13346_j.mycosystema.190190,Relevant,Abstract,Abstract,Presence,10.13346/j.mycosystema.190190,0,doi:10.13346/j.mycosystema.190190,int_29c5e11ab553580f,fusarium,fusarium,Resolved,exact_accepted,1.00,2554026,eria,eria,Resolved,exact_accepted,1.00,7559461
Relevant,abstract,abstract,0,10.13346/j.mycosystema.190190,eria,phoma,"root, stem, leaf",present,endophytic,isolated from epiphytic orchids collected in the naban river watershed national nature reserve in xishuangbanna,"naban river watershed national nature reserve, xishuangbanna",china,abstract-csv,doi_10.13346_j.mycosystema.190190,Relevant,Abstract,Abstract,Presence,10.13346/j.mycosystema.190190,0,doi:10.13346/j.mycosystema.190190,int_faa53d53b1da415e,phoma,phoma,Resolved,exact_accepted,1.00,2513988,eria,eria,Resolved,exact_accepted,1.00,7559461
Relevant,abstract,abstract,0,10.13346/j.mycosystema.190190,eria,pestalotiopsis,"root, stem, leaf",present,endophytic,isolated from epiphytic orchids collected in the naban river watershed national nature reserve in xishuangbanna,"naban river watershed national nature reserve, xishuangbanna",china,abstract-csv,doi_10.13346_j.mycosystema.190190,Relevant,Abstract,Abstract,Presence,10.13346/j.mycosystema.190190,0,doi:10.13346/j.mycosystema.190190,int_12b372cac1c91401,pestalotiopsis,pestalotiopsis,Resolved,exact_accepted,1.00,2574855,eria,eria,Resolved,exact_accepted,1.00,7559461
Relevant,abstract,abstract,0,10.13346/j.mycosystema.190190,eria,colletotrichum,"root, stem, leaf",present,endophytic,isolated from epiphytic orchids collected in the naban river watershed national nature reserve in xishuangbanna,"naban river watershed national nature reserve, xishuangbanna",china,abstract-csv,doi_10.13346_j.mycosystema.190190,Relevant,Abstract,Abstract,Presence,10.13346/j.mycosystema.190190,0,doi:10.13346/j.mycosystema.190190,int_bef4d6fab2c3f70f,colletotrichum,colletotrichum,Resolved,exact_accepted,1.00,2563219,eria,eria,Resolved,exact_accepted,1.00,7559461
Relevant,abstract,abstract,0,10.13346/j.mycosystema.190190,eria,pallidocercospora,"root, stem, leaf",present,endophytic,isolated from epiphytic orchids collected in the naban river watershed national nature reserve in xishuangbanna,"naban river watershed national nature reserve, xishuangbanna",china,abstract-csv,doi_10.13346_j.mycosystema.190190,Relevant,Abstract,Abstract,Presence,10.13346/j.mycosystema.190190,0,doi:10.13346/j.mycosystema.190190,int_27ae150988cfd999,pallidocercospora,pallidocercospora,Resolved,exact_accepted,1.00,8176448,eria,eria,Resolved,exact_accepted,1.00,7559461
Relevant,abstract,abstract,0,10.13346/j.mycosystema.190190,eria,pantospora,"root, stem, leaf",present,endophytic,isolated from epiphytic orchids collected in the naban river watershed national nature reserve in xishuangbanna,"naban river watershed national nature reserve, xishuangbanna",china,abstract-csv,doi_10.13346_j.mycosystema.190190,Relevant,Abstract,Abstract,Presence,10.13346/j.mycosystema.190190,0,doi:10.13346/j.mycosystema.190190,int_611ca9a44d4737dd,pantospora,pantospora,Resolved,exact_accepted,1.00,2621553,eria,eria,Resolved,exact_accepted,1.00,7559461
Relevant,abstract,abstract,0,10.13346/j.mycosystema.190190,eria,phyllosticta,"root, stem, leaf",present,endophytic,isolated from epiphytic orchids collected in the naban river watershed national nature reserve in xishuangbanna,"naban river watershed national nature reserve, xishuangbanna",china,abstract-csv,doi_10.13346_j.mycosystema.190190,Relevant,Abstract,Abstract,Presence,10.13346/j.mycosystema.190190,0,doi:10.13346/j.mycosystema.190190,int_521aaed55300d8ae,phyllosticta,phyllosticta,Resolved,exact_accepted,1.00,2513141,eria,eria,Resolved,exact_accepted,1.00,7559461
Relevant,abstract,abstract,0,10.13346/j.mycosystema.190190,coelogyne,xylaria,"root, stem, leaf",present,endophytic,isolated from epiphytic orchids collected in the naban river watershed national nature reserve in xishuangbanna,"naban river watershed national nature reserve, xishuangbanna",china,abstract-csv,doi_10.13346_j.mycosystema.190190,Relevant,Abstract,Abstract,Presence,10.13346/j.mycosystema.190190,0,doi:10.13346/j.mycosystema.190190,int_9a7fd329c5d691ce,xylaria,xylaria,Resolved,exact_accepted,1.00,2568748,coelogyne,coelogyne,Resolved,exact_accepted,1.00,2811365
Relevant,abstract,abstract,0,10.13346/j.mycosystema.190190,coelogyne,fusarium,"root, stem, leaf",present,endophytic,isolated from epiphytic orchids collected in the naban river watershed national nature reserve in xishuangbanna,"naban river watershed national nature reserve, xishuangbanna",china,abstract-csv,doi_10.13346_j.mycosystema.190190,Relevant,Abstract,Abstract,Presence,10.13346/j.mycosystema.190190,0,doi:10.13346/j.mycosystema.190190,int_c61ed177d21bcdb8,fusarium,fusarium,Resolved,exact_accepted,1.00,2554026,coelogyne,coelogyne,Resolved,exact_accepted,1.00,2811365
Relevant,abstract,abstract,0,10.13346/j.mycosystema.190190,coelogyne,phoma,"root, stem, leaf",present,endophytic,isolated from epiphytic orchids collected in the naban river watershed national nature reserve in xishuangbanna,"naban river watershed national nature reserve, xishuangbanna",china,abstract-csv,doi_10.13346_j.mycosystema.190190,Relevant,Abstract,Abstract,Presence,10.13346/j.mycosystema.190190,0,doi:10.13346/j.mycosystema.190190,int_263fa7538474093c,phoma,phoma,Resolved,exact_accepted,1.00,2513988,coelogyne,coelogyne,Resolved,exact_accepted,1.00,2811365
Relevant,abstract,abstract,0,10.13346/j.mycosystema.190190,coelogyne,pestalotiopsis,"root, stem, leaf",present,endophytic,isolated from epiphytic orchids collected in the naban river watershed national nature reserve in xishuangbanna,"naban river watershed national nature reserve, xishuangbanna",china,abstract-csv,doi_10.13346_j.mycosystema.190190,Relevant,Abstract,Abstract,Presence,10.13346/j.mycosystema.190190,0,doi:10.13346/j.mycosystema.190190,int_508d768971701342,pestalotiopsis,pestalotiopsis,Resolved,exact_accepted,1.00,2574855,coelogyne,coelogyne,Resolved,exact_accepted,1.00,2811365
Relevant,abstract,abstract,0,10.13346/j.mycosystema.190190,coelogyne,colletotrichum,"root, stem, leaf",present,endophytic,isolated from epiphytic orchids collected in the naban river watershed national nature reserve in xishuangbanna,"naban river watershed national nature reserve, xishuangbanna",china,abstract-csv,doi_10.13346_j.mycosystema.190190,Relevant,Abstract,Abstract,Presence,10.13346/j.mycosystema.190190,0,doi:10.13346/j.mycosystema.190190,int_5e95d07e51416967,colletotrichum,colletotrichum,Resolved,exact_accepted,1.00,2563219,coelogyne,coelogyne,Resolved,exact_accepted,1.00,2811365
Relevant,abstract,abstract,0,10.13346/j.mycosystema.190190,coelogyne,pallidocercospora,"root, stem, leaf",present,endophytic,isolated from epiphytic orchids collected in the naban river watershed national nature reserve in xishuangbanna,"naban river watershed national nature reserve, xishuangbanna",china,abstract-csv,doi_10.13346_j.mycosystema.190190,Relevant,Abstract,Abstract,Presence,10.13346/j.mycosystema.190190,0,doi:10.13346/j.mycosystema.190190,int_f6e0b5a6322db3e3,pallidocercospora,pallidocercospora,Resolved,exact_accepted,1.00,8176448,coelogyne,coelogyne,Resolved,exact_accepted,1.00,2811365
Relevant,abstract,abstract,0,10.13346/j.mycosystema.190190,coelogyne,pantospora,"root, stem, leaf",present,endophytic,isolated from epiphytic orchids collected in the naban river watershed national nature reserve in xishuangbanna,"naban river watershed national nature reserve, xishuangbanna",china,abstract-csv,doi_10.13346_j.mycosystema.190190,Relevant,Abstract,Abstract,Presence,10.13346/j.mycosystema.190190,0,doi:10.13346/j.mycosystema.190190,int_83236bbf3c77dbaa,pantospora,pantospora,Resolved,exact_accepted,1.00,2621553,coelogyne,coelogyne,Resolved,exact_accepted,1.00,2811365
Relevant,abstract,abstract,0,10.13346/j.mycosystema.190190,coelogyne,phyllosticta,"root, stem, leaf",present,endophytic,isolated from epiphytic orchids collected in the naban river watershed national nature reserve in xishuangbanna,"naban river watershed national nature reserve, xishuangbanna",china,abstract-csv,doi_10.13346_j.mycosystema.190190,Relevant,Abstract,Abstract,Presence,10.13346/j.mycosystema.190190,0,doi:10.13346/j.mycosystema.190190,int_d69a5adbeb4830df,phyllosticta,phyllosticta,Resolved,exact_accepted,1.00,2513141,coelogyne,coelogyne,Resolved,exact_accepted,1.00,2811365
Relevant,abstract,abstract,0,10.13346/j.mycosystema.190190,vanda,xylaria,"root, stem, leaf",present,endophytic,isolated from epiphytic orchids collected in the naban river watershed national nature reserve in xishuangbanna,"naban river watershed national nature reserve, xishuangbanna",china,abstract-csv,doi_10.13346_j.mycosystema.190190,Relevant,Abstract,Abstract,Presence,10.13346/j.mycosystema.190190,0,doi:10.13346/j.mycosystema.190190,int_2a6fae1895d96bb9,xylaria,xylaria,Resolved,exact_accepted,1.00,2568748,vanda,vanda,Resolved,exact_accepted,1.00,2783121
Relevant,abstract,abstract,0,10.13346/j.mycosystema.190190,vanda,fusarium,"root, stem, leaf",present,endophytic,isolated from epiphytic orchids collected in the naban river watershed national nature reserve in xishuangbanna,"naban river watershed national nature reserve, xishuangbanna",china,abstract-csv,doi_10.13346_j.mycosystema.190190,Relevant,Abstract,Abstract,Presence,10.13346/j.mycosystema.190190,0,doi:10.13346/j.mycosystema.190190,int_28d02a52d8245fb5,fusarium,fusarium,Resolved,exact_accepted,1.00,2554026,vanda,vanda,Resolved,exact_accepted,1.00,2783121
Relevant,abstract,abstract,0,10.13346/j.mycosystema.190190,vanda,phoma,"root, stem, leaf",present,endophytic,isolated from epiphytic orchids collected in the naban river watershed national nature reserve in xishuangbanna,"naban river watershed national nature reserve, xishuangbanna",china,abstract-csv,doi_10.13346_j.mycosystema.190190,Relevant,Abstract,Abstract,Presence,10.13346/j.mycosystema.190190,0,doi:10.13346/j.mycosystema.190190,int_2d1f6274dd3203e8,phoma,phoma,Resolved,exact_accepted,1.00,2513988,vanda,vanda,Resolved,exact_accepted,1.00,2783121
Relevant,abstract,abstract,0,10.13346/j.mycosystema.190190,vanda,pestalotiopsis,"root, stem, leaf",present,endophytic,isolated from epiphytic orchids collected in the naban river watershed national nature reserve in xishuangbanna,"naban river watershed national nature reserve, xishuangbanna",china,abstract-csv,doi_10.13346_j.mycosystema.190190,Relevant,Abstract,Abstract,Presence,10.13346/j.mycosystema.190190,0,doi:10.13346/j.mycosystema.190190,int_f6f6bccdcff22965,pestalotiopsis,pestalotiopsis,Resolved,exact_accepted,1.00,2574855,vanda,vanda,Resolved,exact_accepted,1.00,2783121
Relevant,abstract,abstract,0,10.13346/j.mycosystema.190190,vanda,colletotrichum,"root, stem, leaf",present,endophytic,isolated from epiphytic orchids collected in the naban river watershed national nature reserve in xishuangbanna,"naban river watershed national nature reserve, xishuangbanna",china,abstract-csv,doi_10.13346_j.mycosystema.190190,Relevant,Abstract,Abstract,Presence,10.13346/j.mycosystema.190190,0,doi:10.13346/j.mycosystema.190190,int_62372054d56d3480,colletotrichum,colletotrichum,Resolved,exact_accepted,1.00,2563219,vanda,vanda,Resolved,exact_accepted,1.00,2783121
Relevant,abstract,abstract,0,10.13346/j.mycosystema.190190,vanda,pallidocercospora,"root, stem, leaf",present,endophytic,isolated from epiphytic orchids collected in the naban river watershed national nature reserve in xishuangbanna,"naban river watershed national nature reserve, xishuangbanna",china,abstract-csv,doi_10.13346_j.mycosystema.190190,Relevant,Abstract,Abstract,Presence,10.13346/j.mycosystema.190190,0,doi:10.13346/j.mycosystema.190190,int_184d0c6c06f8e2e0,pallidocercospora,pallidocercospora,Resolved,exact_accepted,1.00,8176448,vanda,vanda,Resolved,exact_accepted,1.00,2783121
Relevant,abstract,abstract,0,10.13346/j.mycosystema.190190,vanda,pantospora,"root, stem, leaf",present,endophytic,isolated from epiphytic orchids collected in the naban river watershed national nature reserve in xishuangbanna,"naban river watershed national nature reserve, xishuangbanna",china,abstract-csv,doi_10.13346_j.mycosystema.190190,Relevant,Abstract,Abstract,Presence,10.13346/j.mycosystema.190190,0,doi:10.13346/j.mycosystema.190190,int_d2c608e563566cc5,pantospora,pantospora,Resolved,exact_accepted,1.00,2621553,vanda,vanda,Resolved,exact_accepted,1.00,2783121
Relevant,abstract,abstract,0,10.13346/j.mycosystema.190190,vanda,phyllosticta,"root, stem, leaf",present,endophytic,isolated from epiphytic orchids collected in the naban river watershed national nature reserve in xishuangbanna,"naban river watershed national nature reserve, xishuangbanna",china,abstract-csv,doi_10.13346_j.mycosystema.190190,Relevant,Abstract,Abstract,Presence,10.13346/j.mycosystema.190190,0,doi:10.13346/j.mycosystema.190190,int_6f2e13004098a9df,phyllosticta,phyllosticta,Resolved,exact_accepted,1.00,2513141,vanda,vanda,Resolved,exact_accepted,1.00,2783121
Relevant,abstract,abstract,0,10.1111/jph.12860,citrus sp. (citrus spp.),atailing spray (fungal protein product),"soil (under crown circumference, rhizosphere), stems, leaves",present,NA,plant immunity inducer applied on leaf,NA,NA,abstract-csv,doi_10.1111_jph.12860,Relevant,Abstract,Abstract,Presence,10.1111/jph.12860,0,doi:10.1111/jph.12860,int_5fd8b3c1b93137d6,atailing spray (fungal protein product),,Unresolved,no_match,0.00,,citrus sp. (citrus spp.),citrus,Resolved,exact_accepted,1.00,3190155
Relevant,abstract,abstract,0,10.3389/fmicb.2019.02610,maize (zea mays),bacillus velezensis ucmb5044,root exudate,present,endophytic,isolated from soil and responds to maize root exudates,desert soil,NA,abstract-csv,doi_10.3389_fmicb.2019.02610,Relevant,Abstract,Abstract,Presence,10.3389/fmicb.2019.02610,0,doi:10.3389/fmicb.2019.02610,int_ed62dcf0276e31fb,bacillus velezensis ucmb5044,,Unresolved,no_match,0.00,,maize (zea mays),zea mays,Resolved,exact_accepted,1.00,5290052
Relevant,abstract,abstract,0,10.1007/s40011-018-1060-3,chlorophytum borivilianum,setosphaeria rostrata (ncbi accession no. kr017047),NA,present,endophytic,isolated from medicinal plant,NA,NA,abstract-csv,doi_10.1007_s40011-018-1060-3,Relevant,Abstract,Abstract,Presence,10.1007/s40011-018-1060-3,0,doi:10.1007/s40011-018-1060-3,int_f0e68ceebb7dd1c6,setosphaeria rostrata (ncbi accession no. kr017047),exserohilum rostratum,Resolved,synonym_map,0.95,2617004,chlorophytum borivilianum,chlorophytum borivilianum,Resolved,exact_accepted,1.00,2774899
Relevant,abstract,abstract,0,10.7501/j.issn.0253-2670.2019.23.028,belamcanda chinensis,fusarium proliferatum,"root, stem, leaf",present,endophytic,isolated from belamcanda chinensis,not_provided,not_provided,abstract-csv,doi_10.7501_j.issn.0253-2670.2019.23.028,Relevant,Abstract,Abstract,Presence,10.7501/j.issn.0253-2670.2019.23.028,0,doi:10.7501/j.issn.0253-2670.2019.23.028,int_b88a7e2b51b3ef9c,fusarium proliferatum,fusarium proliferatum,Resolved,exact_accepted,1.00,5252126,belamcanda chinensis,iris domestica,Resolved,synonym_map,0.95,5298546
Relevant,abstract,abstract,0,10.1016/j.funbio.2019.09.008,picea abies (norway spruce),lophodermium piceae,needle,present,endophytic,"isolated from healthy needles across climatically distinct locations: finland, poland, switzerland, italy, and southeastern siberia.",NA,"finland, poland, switzerland, italy, siberia (russia)",abstract-csv,doi_10.1016_j.funbio.2019.09.008,Relevant,Abstract,Abstract,Presence,10.1016/j.funbio.2019.09.008,0,doi:10.1016/j.funbio.2019.09.008,int_bffdb2c28fa616ff,lophodermium piceae,lophodermium piceae,Resolved,exact_accepted,1.00,2579707,picea abies (norway spruce),picea abies,Resolved,exact_accepted,1.00,5284884
Relevant,abstract,abstract,0,10.11686/cyxb2019104,lolium perenne,rhizophagus intraradices,"leaf, root",present,symbiont (mycorrhizal),co-colonization of am fungus and grass endophyte,NA,NA,abstract-csv,doi_10.11686_cyxb2019104,Relevant,Abstract,Abstract,Presence,10.11686/cyxb2019104,0,doi:10.11686/cyxb2019104,int_7272edec1a8d3902,rhizophagus intraradices,rhizophagus intraradices,Resolved,exact_accepted,1.00,8003630,lolium perenne,lolium perenne,Resolved,exact_accepted,1.00,2706241
Relevant,abstract,abstract,0,10.16768/j.issn.1004-874x.2019.12.013,hylocereus undatus (pitaya),neoscytalidium dimidiatum,"mycelial growth on agar, tender stems of pitaya",present,pathogenic,"isolated from pitaya plants to cause brown rot disease, followed by testing of various fungicides for control",agricultural,china (guangdong),abstract-csv,doi_10.16768_j.issn.1004-874x.2019.12.013,Relevant,Abstract,Abstract,Presence,10.16768/j.issn.1004-874x.2019.12.013,0,doi:10.16768/j.issn.1004-874x.2019.12.013,int_70d9c22df9a3acdb,neoscytalidium dimidiatum,neoscytalidium dimidiatum,Resolved,exact_accepted,1.00,2611786,hylocereus undatus (pitaya),selenicereus undatus,Resolved,synonym_map,0.95,10334868
Relevant,abstract,abstract,0,10.31838/ijpr/2019.11.04.059,not specified in text,endophytes (variety),intercellular spaces of plant tissues,present,endophytic,"lives in the plant system and colonizes intercellular spaces, produces bioactive compounds.",NA,india (as per title),abstract-csv,doi_10.31838_ijpr_2019.11.04.059,Relevant,Abstract,Abstract,Presence,10.31838/ijpr/2019.11.04.059,0,doi:10.31838/ijpr/2019.11.04.059,int_761497f138ba8b96,endophytes (variety),,Unresolved,descriptor_non_taxon,0.00,,not specified in text,,Unresolved,empty,0.00,
Relevant,abstract,abstract,0,10.1007/s11557-019-01531-0,myracrodruon urundeuva (anacardiaceae),pseudoplagiostoma myracrodruonis (pseudoplagiostomataceae,leaf,present,endophytic,isolated from healthy leaves,NA,brazil,abstract-csv,doi_10.1007_s11557-019-01531-0,Relevant,Abstract,Abstract,Presence,10.1007/s11557-019-01531-0,0,doi:10.1007/s11557-019-01531-0,int_1edc4f7ba2ffeb53,pseudoplagiostoma myracrodruonis (pseudoplagiostomataceae,pseudoplagiostoma myracrodruonis,Resolved,exact_accepted,1.00,10876336,myracrodruon urundeuva (anacardiaceae),myracrodruon urundeuva,Resolved,exact_accepted,1.00,3660652
Relevant,abstract,abstract,0,10.1007/s11557-019-01531-0,myracrodruon urundeuva (anacardiaceae),diaporthales),leaf,present,endophytic,isolated from healthy leaves,NA,brazil,abstract-csv,doi_10.1007_s11557-019-01531-0,Relevant,Abstract,Abstract,Presence,10.1007/s11557-019-01531-0,0,doi:10.1007/s11557-019-01531-0,int_97c5587595d109e0,diaporthales),,Unresolved,no_match,0.00,,myracrodruon urundeuva (anacardiaceae),myracrodruon urundeuva,Resolved,exact_accepted,1.00,3660652
Relevant,abstract,abstract,0,10.1182/bloodadvances.2019000593,not mentioned,systemic fungal infection,not mentioned,present,pathogenic,occurred as posttransplant toxicities after allogeneic hematopoietic cell transplantation,not mentioned,not mentioned,abstract-csv,doi_10.1182_bloodadvances.2019000593,Relevant,Abstract,Abstract,Presence,10.1182/bloodadvances.2019000593,0,doi:10.1182/bloodadvances.2019000593,int_d6f79621b844503a,systemic fungal infection,,Unresolved,no_match,0.00,,not mentioned,,Unresolved,none,0.00,
Relevant,full-text,full-text,20,10.1371/journal.pone.0223718,hordeum vulgare (barley),metarhizium robertsii,root,present,"endophytic, rhizoplane colonization","involvement in endophytic and rhizoplane colonization, transfer of insect-derived nitrogen to plants",NA,"canada, china",full-text,doi_10.1371_journal.pone.0223718,Relevant,Full-Text,Full-Text,Presence,10.1371/journal.pone.0223718,20,doi:10.1371/journal.pone.0223718,int_804db0a2cd5a0e1f,metarhizium robertsii,metarhizium robertsii,Resolved,exact_accepted,1.00,7370553,hordeum vulgare (barley),hordeum vulgare,Resolved,exact_accepted,1.00,2706056
Relevant,abstract,abstract,0,10.11686/cyxb2018677,hordeum brevisubulatum (wild barley),epichlo? bromicola,NA,present,endophytic,foliar endophyte isolated from wild barley,NA,"china (maqu, yuzhong, and linze in gansu province)",abstract-csv,doi_10.11686_cyxb2018677,Relevant,Abstract,Abstract,Presence,10.11686/cyxb2018677,0,doi:10.11686/cyxb2018677,int_275536fc218f3a59,epichlo? bromicola,,Unresolved,no_match,0.00,,hordeum brevisubulatum (wild barley),hordeum brevisubulatum,Resolved,exact_accepted,1.00,4149617
Relevant,abstract,abstract,0,10.1080/14786419.2018.1501687,decaisnea insignis (griff.) hook.f. & thomson,aspergillus tubingensis,NA,present,endophytic,isolated from the host plant,NA,NA,abstract-csv,doi_10.1080_14786419.2018.1501687,Relevant,Abstract,Abstract,Presence,10.1080/14786419.2018.1501687,0,doi:10.1080/14786419.2018.1501687,int_b16785ef43169e50,aspergillus tubingensis,aspergillus tubingensis,Resolved,exact_accepted,1.00,5259931,decaisnea insignis (griff.) hook.f. & thomson,decaisnea insignis,Resolved,exact_accepted,1.00,5686494
Relevant,abstract,abstract,0,10.1007/s00253-019-10058-z,solanum lycopersicum (tomato),pochonia chlamydosporia,root,present,endophytic,inoculated tomato roots at three different times. fungus also grown in vitro.,NA,NA,abstract-csv,doi_10.1007_s00253-019-10058-z,Relevant,Abstract,Abstract,Presence,10.1007/s00253-019-10058-z,0,doi:10.1007/s00253-019-10058-z,int_dda9fb3461693ef7,pochonia chlamydosporia,metacordyceps chlamydosporia,Resolved,synonym_map,0.95,2562709,solanum lycopersicum (tomato),solanum lycopersicum,Resolved,exact_accepted,1.00,2930137
Relevant,abstract,abstract,0,10.5958/0974-360x.2019.00867.9,therapeutically important hydrophytes (multiple),chrysosporium sp,leaves,present,endophytic,isolated from leaves,NA,NA,abstract-csv,doi_10.5958_0974-360x.2019.00867.9,Relevant,Abstract,Abstract,Presence,10.5958/0974-360x.2019.00867.9,0,doi:10.5958/0974-360x.2019.00867.9,int_9d8e29ce24f296d7,chrysosporium sp,chrysosporium,Resolved,exact_accepted,1.00,2526789,therapeutically important hydrophytes (multiple),,Unresolved,no_match,0.00,
Relevant,abstract,abstract,0,10.5958/0974-360x.2019.00867.9,therapeutically important hydrophytes (multiple),sterile form iii (2),leaves,present,endophytic,isolated from leaves,NA,NA,abstract-csv,doi_10.5958_0974-360x.2019.00867.9,Relevant,Abstract,Abstract,Presence,10.5958/0974-360x.2019.00867.9,0,doi:10.5958/0974-360x.2019.00867.9,int_019b9ecc1fc03d9f,sterile form iii (2),,Unresolved,no_match,0.00,,therapeutically important hydrophytes (multiple),,Unresolved,no_match,0.00,
Relevant,abstract,abstract,0,10.3889/oamjms.2019.793,annona muricata (soursop),aspergillus niger,"seeds, pulp, and peel of annona fruit",present,endophytic,isolated from different soursop parts,NA,NA,abstract-csv,doi_10.3889_oamjms.2019.793,Relevant,Abstract,Abstract,Presence,10.3889/oamjms.2019.793,0,doi:10.3889/oamjms.2019.793,int_8902d3b2e9072348,aspergillus niger,aspergillus niger,Resolved,exact_accepted,1.00,3465658,annona muricata (soursop),annona muricata,Resolved,exact_accepted,1.00,5407273
Relevant,abstract,abstract,0,10.3390/genes10110905,vitis vinifera cv. chardonnay,diaporthe eres,not specified in abstract,present,pathogenic,in vitro conditions,NA,NA,abstract-csv,doi_10.3390_genes10110905,Relevant,Abstract,Abstract,Presence,10.3390/genes10110905,0,doi:10.3390/genes10110905,int_9b50768c76595246,diaporthe eres,diaporthe eres,Resolved,exact_accepted,1.00,2567626,vitis vinifera cv. chardonnay,vitis vinifera,Resolved,exact_accepted,1.00,5372392
Relevant,abstract,abstract,0,10.3390/genes10110905,vitis vinifera cv. chardonnay,diaporthe bohemiae,not specified in abstract,present,pathogenic,in vitro conditions,NA,NA,abstract-csv,doi_10.3390_genes10110905,Relevant,Abstract,Abstract,Presence,10.3390/genes10110905,0,doi:10.3390/genes10110905,int_13699f6aba960a5e,diaporthe bohemiae,diaporthe bohemiae,Resolved,exact_accepted,1.00,10798309,vitis vinifera cv. chardonnay,vitis vinifera,Resolved,exact_accepted,1.00,5372392
Relevant,abstract,abstract,0,10.1093/femsec/fiz164,solanum lycopersicum (tomato),cadophora sp.,root,present,"endophytic, antagonistic",inhibits growth of pathogens in vitro but shows mutual negative interaction inside the plant. the plant may change the interaction between fungi.,agricultural soil,NA,abstract-csv,doi_10.1093_femsec_fiz164,Relevant,Abstract,Abstract,Presence,10.1093/femsec/fiz164,0,doi:10.1093/femsec/fiz164,int_d9dc3fe0b9c7767f,cadophora sp.,cadophora,Resolved,exact_accepted,1.00,2565620,solanum lycopersicum (tomato),solanum lycopersicum,Resolved,exact_accepted,1.00,2930137
Relevant,abstract,abstract,0,10.3390/toxins11110649,perennial ryegrass (lolium perenne l.),epichloë sp.,planta,present,endophytic,host-endophyte symbiosis,(not provided in text),(not provided in text),abstract-csv,doi_10.3390_toxins11110649,Relevant,Abstract,Abstract,Presence,10.3390/toxins11110649,0,doi:10.3390/toxins11110649,int_d0350b36202f52df,epichloë sp.,,Unresolved,no_match,0.00,,perennial ryegrass (lolium perenne l.),lolium perenne,Resolved,exact_accepted,1.00,2706241
Relevant,abstract,abstract,0,10.4314/ijbcs.v13i4.2,laguncularia racemosa,penicillium herquei,leaf,present,endophytic,isolated from leaves of a laguncularia racemosa tree growing on the banks of the river butre in the western regional wetlands of ghana,mangrove wetland,ghana,abstract-csv,doi_10.4314_ijbcs.v13i4.2,Relevant,Abstract,Abstract,Presence,10.4314/ijbcs.v13i4.2,0,doi:10.4314/ijbcs.v13i4.2,int_530e52f1e26e5dbc,penicillium herquei,penicillium herquei,Resolved,exact_accepted,1.00,5820576,laguncularia racemosa,laguncularia racemosa,Resolved,exact_accepted,1.00,3189382
Relevant,abstract,abstract,0,10.13346/j.mycosystema.190206,nicotiana tabacum (tobacco),sordariomycetes,root,present,endophytic,isolated from tobacco roots using high-throughput sequencing,tobacco field ecosystem,NA,abstract-csv,doi_10.13346_j.mycosystema.190206,Relevant,Abstract,Abstract,Presence,10.13346/j.mycosystema.190206,0,doi:10.13346/j.mycosystema.190206,int_084a54be52db6923,sordariomycetes,sordariomycetes,Resolved,exact_accepted,1.00,320,nicotiana tabacum (tobacco),nicotiana tabacum,Resolved,exact_accepted,1.00,2928774
Relevant,abstract,abstract,0,10.13346/j.mycosystema.190206,nicotiana tabacum (tobacco),dothideomycetes,root,present,endophytic,isolated from tobacco roots using high-throughput sequencing,tobacco field ecosystem,NA,abstract-csv,doi_10.13346_j.mycosystema.190206,Relevant,Abstract,Abstract,Presence,10.13346/j.mycosystema.190206,0,doi:10.13346/j.mycosystema.190206,int_8dda4aa635d7f60b,dothideomycetes,dothideomycetes,Resolved,exact_accepted,1.00,183,nicotiana tabacum (tobacco),nicotiana tabacum,Resolved,exact_accepted,1.00,2928774
Relevant,abstract,abstract,0,10.13346/j.mycosystema.190206,nicotiana tabacum (tobacco),eurotiomycetes,root,present,endophytic,isolated from tobacco roots using high-throughput sequencing,tobacco field ecosystem,NA,abstract-csv,doi_10.13346_j.mycosystema.190206,Relevant,Abstract,Abstract,Presence,10.13346/j.mycosystema.190206,0,doi:10.13346/j.mycosystema.190206,int_7d3ba9e5b6bf1907,eurotiomycetes,eurotiomycetes,Resolved,exact_accepted,1.00,178,nicotiana tabacum (tobacco),nicotiana tabacum,Resolved,exact_accepted,1.00,2928774
Relevant,abstract,abstract,0,10.13346/j.mycosystema.190206,nicotiana tabacum (tobacco),agaricomycetes,root,present,endophytic,isolated from tobacco roots using high-throughput sequencing,tobacco field ecosystem,NA,abstract-csv,doi_10.13346_j.mycosystema.190206,Relevant,Abstract,Abstract,Presence,10.13346/j.mycosystema.190206,0,doi:10.13346/j.mycosystema.190206,int_469d2a8cce8b9999,agaricomycetes,agaricomycetes,Resolved,exact_accepted,1.00,186,nicotiana tabacum (tobacco),nicotiana tabacum,Resolved,exact_accepted,1.00,2928774
Relevant,abstract,abstract,0,10.13346/j.mycosystema.190206,nicotiana tabacum (tobacco),leotiomycetes,root,present,endophytic,isolated from tobacco roots using high-throughput sequencing,tobacco field ecosystem,NA,abstract-csv,doi_10.13346_j.mycosystema.190206,Relevant,Abstract,Abstract,Presence,10.13346/j.mycosystema.190206,0,doi:10.13346/j.mycosystema.190206,int_4493c098f1bf85f8,leotiomycetes,leotiomycetes,Resolved,exact_accepted,1.00,179,nicotiana tabacum (tobacco),nicotiana tabacum,Resolved,exact_accepted,1.00,2928774
Relevant,abstract,abstract,0,10.1021/acs.jafc.9b04209,cerasus cerasoides,nigrospora oryzae,not specified (infection occured on the plant),present,pathogenic,phytopathogenic n. oryzae infected cerasus cerasoides; antifungal compounds produced by i. lacteus inhibited the phytopathogen and downregulated the production of phytotoxins,NA,NA,abstract-csv,doi_10.1021_acs.jafc.9b04209,Relevant,Abstract,Abstract,Presence,10.1021/acs.jafc.9b04209,0,doi:10.1021/acs.jafc.9b04209,int_2420024412cb9a40,nigrospora oryzae,nigrospora oryzae,Resolved,exact_accepted,1.00,2569650,cerasus cerasoides,prunus cerasoides,Resolved,synonym_map,0.95,3021409
Relevant,abstract,abstract,0,10.1126/science.aaw9285,NA,fungal root disease (unspecified),root,present,disease-suppressive endophyte,fungal infection of plant roots enriches for chitinophagaceae and flavobacteriaceae in the root endosphere and for chitinase genes and various unknown biosynthetic gene clusters encoding the production of nonribosomal peptide synthetases (nrpss) and polyketide synthases (pkss). a consortium of chitinophaga and flavobacterium was designed that consistently suppressed fungal root disease.,NA,NA,abstract-csv,doi_10.1126_science.aaw9285,Relevant,Abstract,Abstract,Presence,10.1126/science.aaw9285,0,doi:10.1126/science.aaw9285,int_94da6c1670b4a76a,fungal root disease (unspecified),,Unresolved,no_match,0.00,,NA,,Unresolved,none,0.00,
Relevant,abstract,abstract,0,10.1016/j.fitote.2019.104286,hevea brasiliensis,simplicillium lanosoniveum (j.f.h. beyma) zare & w. gams psu-h168 and psu-h261,leaves,present,endophytic,isolated from leaves,NA,NA,abstract-csv,doi_10.1016_j.fitote.2019.104286,Relevant,Abstract,Abstract,Presence,10.1016/j.fitote.2019.104286,0,doi:10.1016/j.fitote.2019.104286,int_bbf207e1272371fc,simplicillium lanosoniveum (j.f.h. beyma) zare & w. gams psu-h168 and psu-h261,simplicillium lanosoniveum,Partially_Resolved,exact_accepted; no_match,0.50,3452049,hevea brasiliensis,hevea brasiliensis,Resolved,exact_accepted,1.00,3071171
Relevant,abstract,abstract,0,10.1016/j.jhazmat.2019.120824,glycine max l.,penicillium funiculosum lhl06,root,present,endophytic,isolated from soybean roots and found to mitigate stress caused by heavy metals through hormonal and stress-responsive protein modulation.,soil,NA,abstract-csv,doi_10.1016_j.jhazmat.2019.120824,Relevant,Abstract,Abstract,Presence,10.1016/j.jhazmat.2019.120824,0,doi:10.1016/j.jhazmat.2019.120824,int_e0dc39088700e706,penicillium funiculosum lhl06,talaromyces funiculosus,Resolved,synonym_map,0.95,7432563,glycine max l.,glycine max,Resolved,exact_accepted,1.00,5359660
Relevant,abstract,abstract,0,10.11733/j.issn.1007-0435.2019.06.009,oxytropis chrysantha,ascomycota,NA,present,endophytic,isolated from different altitude gradients on the qinghai-tibetan plateau,qinghai-tibetan plateau,china,abstract-csv,doi_10.11733_j.issn.1007-0435.2019.06.009,Relevant,Abstract,Abstract,Presence,10.11733/j.issn.1007-0435.2019.06.009,0,doi:10.11733/j.issn.1007-0435.2019.06.009,int_0f353cadce6d5f96,ascomycota,ascomycota,Resolved,exact_accepted,1.00,95,oxytropis chrysantha,,Unresolved,no_match,0.00,
Relevant,abstract,abstract,0,10.11733/j.issn.1007-0435.2019.06.009,oxytropis chrysantha,basidiomycota (dominant),NA,present,endophytic,isolated from different altitude gradients on the qinghai-tibetan plateau,qinghai-tibetan plateau,china,abstract-csv,doi_10.11733_j.issn.1007-0435.2019.06.009,Relevant,Abstract,Abstract,Presence,10.11733/j.issn.1007-0435.2019.06.009,0,doi:10.11733/j.issn.1007-0435.2019.06.009,int_ba90c706652990dd,basidiomycota (dominant),basidiomycota,Resolved,exact_accepted,1.00,34,oxytropis chrysantha,,Unresolved,no_match,0.00,
Relevant,abstract,abstract,0,10.1016/j.fitote.2019.104390,NA,chaetosphaeronema achilleae,NA,present,NA,associated fungus collected in iran,NA,iran,abstract-csv,doi_10.1016_j.fitote.2019.104390,Relevant,Abstract,Abstract,Presence,10.1016/j.fitote.2019.104390,0,doi:10.1016/j.fitote.2019.104390,int_4f79954ca3812f39,chaetosphaeronema achilleae,chaetosphaeronema achilleae,Resolved,exact_accepted,1.00,9713138,NA,,Unresolved,none,0.00,
Relevant,abstract,abstract,0,10.3390/toxins11110645,glycine max l.,macrophomina phaseolina,root,present,pathogenic,"causes charcoal rot disease, produces toxin (-)-botryodiplodin",NA,southern usa,abstract-csv,doi_10.3390_toxins11110645,Relevant,Abstract,Abstract,Presence,10.3390/toxins11110645,0,doi:10.3390/toxins11110645,int_38f633fb95fb6fed,macrophomina phaseolina,macrophomina phaseolina,Resolved,exact_accepted,1.00,2611508,glycine max l.,glycine max,Resolved,exact_accepted,1.00,5359660
Relevant,abstract,abstract,0,10.19540/j.cnki.cjcmm.20190426.201,leptogium masiaticum,epicoccum nigrum,not specified in text,present,"endophytic, biocontrol agent (potential eco-friendly biocide)",isolated from endolichenic fungus inhabiting leptogium masiaticum,not specified in text,not specified in text,abstract-csv,doi_10.19540_j.cnki.cjcmm.20190426.201,Relevant,Abstract,Abstract,Presence,10.19540/j.cnki.cjcmm.20190426.201,0,doi:10.19540/j.cnki.cjcmm.20190426.201,int_7ab738f04827768b,epicoccum nigrum,epicoccum nigrum,Resolved,exact_accepted,1.00,2617206,leptogium masiaticum,,Unresolved,no_match,0.00,
Relevant,abstract,abstract,0,10.3390/md17080478,unspecified mangrove plant,aspergillus sp. zj-68,NA,present,endophytic,isolated from the mangrove endophytic fungus,mangrove,NA,abstract-csv,doi_10.3390_md17080478,Relevant,Abstract,Abstract,Presence,10.3390/md17080478,0,doi:10.3390/md17080478,int_df997d03baa05d33,aspergillus sp. zj-68,aspergillus,Resolved,exact_accepted,1.00,8884233,unspecified mangrove plant,,Unresolved,no_match,0.00,
Relevant,abstract,abstract,0,10.11733/j.issn.1007-0435.2019.05.011,avena sativa (oat),alternaria sp.,seeds,present,NA,isolated from non-sterilized seeds,agricultural,"['gansu province, china', 'hebei province, china']",abstract-csv,doi_10.11733_j.issn.1007-0435.2019.05.011,Relevant,Abstract,Abstract,Presence,10.11733/j.issn.1007-0435.2019.05.011,0,doi:10.11733/j.issn.1007-0435.2019.05.011,int_da391f78fa0cbe2a,alternaria sp.,alternaria,Resolved,exact_accepted,1.00,7388975,avena sativa (oat),avena sativa,Resolved,exact_accepted,1.00,2705290
Relevant,abstract,abstract,0,10.1038/s41429-019-0198-4,vitex rotundifolia,alternaria brassicae js959,(not specified),present,endophytic,isolated from endophytic fungus,(not specified),(not specified),abstract-csv,doi_10.1038_s41429-019-0198-4,Relevant,Abstract,Abstract,Presence,10.1038/s41429-019-0198-4,0,doi:10.1038/s41429-019-0198-4,int_04fe68ae9349098f,alternaria brassicae js959,alternaria brassicae,Resolved,exact_accepted,1.00,2616257,vitex rotundifolia,vitex rotundifolia,Resolved,exact_accepted,1.00,2925558
Relevant,abstract,abstract,0,10.7501/j.issn.0253-2670.2019.16.028,polygonatum kingianum,arbuscular mycorrhizal fungi (amf),roots,present,mycorrhizal,"isolated from roots, colonization rate varies across different plots in yunnan province.",NA,china,abstract-csv,doi_10.7501_j.issn.0253-2670.2019.16.028,Relevant,Abstract,Abstract,Presence,10.7501/j.issn.0253-2670.2019.16.028,0,doi:10.7501/j.issn.0253-2670.2019.16.028,int_22da54f77a925471,arbuscular mycorrhizal fungi (amf),,Unresolved,descriptor_non_taxon,0.00,,polygonatum kingianum,polygonatum kingianum,Resolved,exact_accepted,1.00,2770124
Relevant,abstract,abstract,0,10.11733/j.issn.1007-0435.2019.05.024,stellaria media l.,hl-1 (fungal endophyte),NA,present,biocontrol agent,isolated from the herbicidal effect in pots and fields,agricultural field,china,abstract-csv,doi_10.11733_j.issn.1007-0435.2019.05.024,Relevant,Abstract,Abstract,Presence,10.11733/j.issn.1007-0435.2019.05.024,0,doi:10.11733/j.issn.1007-0435.2019.05.024,int_541c6bfdbf095672,hl-1 (fungal endophyte),,Unresolved,no_match,0.00,,stellaria media l.,stellaria media,Resolved,exact_accepted,1.00,5384604
Relevant,abstract,abstract,0,10.1007/s11104-019-04130-w,paecilomyces variotii (endophyte,paecilomyces variotii,seedlings,present,endophytic,"isolated from seedlings in study, function of promoting plant growth and enhancing disease resistance",NA,NA,abstract-csv,doi_10.1007_s11104-019-04130-w,Relevant,Abstract,Abstract,Presence,10.1007/s11104-019-04130-w,0,doi:10.1007/s11104-019-04130-w,int_eeeaaed26607e7c6,paecilomyces variotii,paecilomyces variotii,Resolved,exact_accepted,1.00,2598185,paecilomyces variotii (endophyte,paecilomyces variotii,Resolved,exact_accepted,1.00,2598185
Relevant,abstract,abstract,0,10.1007/s11104-019-04130-w,host in study),paecilomyces variotii,seedlings,present,endophytic,"isolated from seedlings in study, function of promoting plant growth and enhancing disease resistance",NA,NA,abstract-csv,doi_10.1007_s11104-019-04130-w,Relevant,Abstract,Abstract,Presence,10.1007/s11104-019-04130-w,0,doi:10.1007/s11104-019-04130-w,int_4ca1e802922edf78,paecilomyces variotii,paecilomyces variotii,Resolved,exact_accepted,1.00,2598185,host in study),,Unresolved,no_match,0.00,
Relevant,abstract,abstract,0,10.1080/09583157.2019.1611736,zea mays (maize),metarhizium spp.,rhizosphere,present,biocontrol agent,"seed coating for pest and plant pathogen control, hyphae formed a close association with plant roots after conidial germination.",NA,NA,abstract-csv,doi_10.1080_09583157.2019.1611736,Relevant,Abstract,Abstract,Presence,10.1080/09583157.2019.1611736,0,doi:10.1080/09583157.2019.1611736,int_980cdb9cda25ef81,metarhizium spp.,metarhizium,Resolved,exact_accepted,1.00,2562464,zea mays (maize),zea mays,Resolved,exact_accepted,1.00,5290052
Relevant,abstract,abstract,0,10.13995/j.cnki.11-1802/ts.020625,toona sinensis,alternaria sp.,NA,present,endophytic,isolated from fresh 'hongyou' chinese toon in henan province,NA,china,abstract-csv,doi_10.13995_j.cnki.11-1802_ts.020625,Relevant,Abstract,Abstract,Presence,10.13995/j.cnki.11-1802/ts.020625,0,doi:10.13995/j.cnki.11-1802/ts.020625,int_b33bfbc8bc6ac4c7,alternaria sp.,alternaria,Resolved,exact_accepted,1.00,7388975,toona sinensis,toona sinensis,Resolved,exact_accepted,1.00,7271504
Relevant,abstract,abstract,0,10.1016/j.fitote.2019.104243,panax notoginseng,leptosphaeria sp. xl026,leaves,present,endophytic,isolated from leaves,(not provided),(not provided),abstract-csv,doi_10.1016_j.fitote.2019.104243,Relevant,Abstract,Abstract,Presence,10.1016/j.fitote.2019.104243,0,doi:10.1016/j.fitote.2019.104243,int_6a20327dd109db72,leptosphaeria sp. xl026,leptosphaeria,Resolved,exact_accepted,1.00,7981442,panax notoginseng,panax notoginseng,Resolved,exact_accepted,1.00,8877811
Relevant,abstract,abstract,0,10.18006/2019.7(4).396.402,curcuma longa,fusarium solani,not specified in the text,present,endophytic,isolated from medicinal plant curcuma longa,not specified in the text,india,abstract-csv,doi_10.18006_2019.7(4).396.402,Relevant,Abstract,Abstract,Presence,10.18006/2019.7(4).396.402,0,doi:10.18006/2019.7(4).396.402,int_4406d668e0381dbd,fusarium solani,fusarium solani,Resolved,exact_accepted,1.00,9581851,curcuma longa,curcuma longa,Resolved,exact_accepted,1.00,2757624
Relevant,abstract,abstract,0,10.19540/j.cnki.cjcmm.20190527.101,huperzia serrata,['colletotrichum (species not specified)',"stem, leaf, root",present,endophytic,isolated from stems and leaves; one strain belongs to basidiomycota,(not specified in text),(not specified in text),abstract-csv,doi_10.19540_j.cnki.cjcmm.20190527.101,Relevant,Abstract,Abstract,Presence,10.19540/j.cnki.cjcmm.20190527.101,0,doi:10.19540/j.cnki.cjcmm.20190527.101,int_67584c40d69b6fd6,['colletotrichum (species not specified)',colletotrichum,Resolved,exact_accepted,1.00,2563219,huperzia serrata,huperzia serrata,Resolved,exact_accepted,1.00,2688470
Relevant,abstract,abstract,0,10.19540/j.cnki.cjcmm.20190527.101,huperzia serrata,'basidiomycota'],"stem, leaf, root",present,endophytic,isolated from stems and leaves; one strain belongs to basidiomycota,(not specified in text),(not specified in text),abstract-csv,doi_10.19540_j.cnki.cjcmm.20190527.101,Relevant,Abstract,Abstract,Presence,10.19540/j.cnki.cjcmm.20190527.101,0,doi:10.19540/j.cnki.cjcmm.20190527.101,int_fcb1a3c9c77fb690,'basidiomycota'],basidiomycota,Resolved,exact_accepted,1.00,34,huperzia serrata,huperzia serrata,Resolved,exact_accepted,1.00,2688470
Relevant,abstract,abstract,0,10.1080/22311866.2019.1688684,cymbidium aloifolium l.,colletotrichum gloeosporioides (car4),NA,present,"endophytic, producer of phytohormones",isolated from cymbidium aloifolium and exhibited increased germination and growth in macrotyloma uniflorum and vigna unguiculata.,NA,NA,abstract-csv,doi_10.1080_22311866.2019.1688684,Relevant,Abstract,Abstract,Presence,10.1080/22311866.2019.1688684,0,doi:10.1080/22311866.2019.1688684,int_90cad80cf2787be4,colletotrichum gloeosporioides (car4),colletotrichum gloeosporioides,Resolved,exact_accepted,1.00,2569005,cymbidium aloifolium l.,cymbidium aloifolium,Resolved,exact_accepted,1.00,5305656
Relevant,abstract,abstract,0,10.3389/fmicb.2019.02076,NA,neurospora crassa,NA,present,pathogenic,model fungal species capable of exhibiting endophytic or phytopathogenic behavior according to given circumstances. study focuses on regulation of gene expression and impact on virulence.,NA,NA,abstract-csv,doi_10.3389_fmicb.2019.02076,Relevant,Abstract,Abstract,Presence,10.3389/fmicb.2019.02076,0,doi:10.3389/fmicb.2019.02076,int_ea36f1a3b256f0f1,neurospora crassa,neurospora crassa,Resolved,exact_accepted,1.00,5253986,NA,,Unresolved,none,0.00,
Relevant,abstract,abstract,0,10.1111/ppa.13066,allium sativum (garlic),sclerotium cepivorum,bulbs,present,pathogenic,causal agent of white rot disease,NA,china,abstract-csv,doi_10.1111_ppa.13066,Relevant,Abstract,Abstract,Presence,10.1111/ppa.13066,0,doi:10.1111/ppa.13066,int_acbfc6127402b40c,sclerotium cepivorum,stromatinia cepivora,Resolved,synonym_map,0.95,2583260,allium sativum (garlic),allium sativum,Resolved,exact_accepted,1.00,2856681
Relevant,abstract,abstract,0,10.1007/s42535-019-00043-2,oryza sativa l.,diaporthe phaseolorum,NA,present,endophytic,"isolated from medicinal plants, tested for growth promotion in rice and cicer arietinum",NA,NA,abstract-csv,doi_10.1007_s42535-019-00043-2,Relevant,Abstract,Abstract,Presence,10.1007/s42535-019-00043-2,0,doi:10.1007/s42535-019-00043-2,int_da8ec7b75dd17e37,diaporthe phaseolorum,diaporthe phaseolorum,Resolved,exact_accepted,1.00,3444449,oryza sativa l.,oryza sativa,Resolved,exact_accepted,1.00,2703459
Relevant,abstract,abstract,0,10.1007/s12668-019-00631-1,not mentioned,botryodiplodia theobromae,not mentioned,present,endophytic,isolated from the fungus mycelium exposed to silver salt solution,not mentioned,not mentioned,abstract-csv,doi_10.1007_s12668-019-00631-1,Relevant,Abstract,Abstract,Presence,10.1007/s12668-019-00631-1,0,doi:10.1007/s12668-019-00631-1,int_4dce806f562f8888,botryodiplodia theobromae,lasiodiplodia theobromae,Resolved,synonym_map,0.95,2611222,not mentioned,,Unresolved,none,0.00,
Relevant,abstract,abstract,0,10.1016/j.mycmed.2019.07.005,artemisia annua,candida albicans atcc 90028,NA,present,pathogenic,used as test subjects for the antifungal activity of artemisia annua synthesized silver nanoparticles,NA,NA,abstract-csv,doi_10.1016_j.mycmed.2019.07.005,Relevant,Abstract,Abstract,Presence,10.1016/j.mycmed.2019.07.005,0,doi:10.1016/j.mycmed.2019.07.005,int_50a2bf3951ccca09,candida albicans atcc 90028,candida albicans,Resolved,exact_accepted,1.00,2599597,artemisia annua,artemisia annua,Resolved,exact_accepted,1.00,8373355
Relevant,abstract,abstract,0,10.1016/j.mycmed.2019.07.005,artemisia annua,candida tropicalis atcc 750,NA,present,pathogenic,used as test subjects for the antifungal activity of artemisia annua synthesized silver nanoparticles,NA,NA,abstract-csv,doi_10.1016_j.mycmed.2019.07.005,Relevant,Abstract,Abstract,Presence,10.1016/j.mycmed.2019.07.005,0,doi:10.1016/j.mycmed.2019.07.005,int_7ef82260470b563e,candida tropicalis atcc 750,candida tropicalis,Resolved,exact_accepted,1.00,2599567,artemisia annua,artemisia annua,Resolved,exact_accepted,1.00,8373355
Relevant,abstract,abstract,0,10.1016/j.mycmed.2019.07.005,artemisia annua,candida glabrata atcc 90030,NA,present,pathogenic,used as test subjects for the antifungal activity of artemisia annua synthesized silver nanoparticles,NA,NA,abstract-csv,doi_10.1016_j.mycmed.2019.07.005,Relevant,Abstract,Abstract,Presence,10.1016/j.mycmed.2019.07.005,0,doi:10.1016/j.mycmed.2019.07.005,int_40f39619b8b899d8,candida glabrata atcc 90030,nakaseomyces glabratus,Resolved,synonym_map,0.95,12245577,artemisia annua,artemisia annua,Resolved,exact_accepted,1.00,8373355
Relevant,full-text,full-text,6,10.7324/jabb.2019.70504,croton tiglium (euphorbiaceae),glomus clarum (glomeromycota),root,present,mycorrhizal,"isolated from root samples collected from home gardens of tripura, northeast india","home garden ecosystem, tripura, northeast india",india,full-text,doi_10.7324_jabb.2019.70504,Relevant,Full-Text,Full-Text,Presence,10.7324/jabb.2019.70504,6,doi:10.7324/jabb.2019.70504,int_986249fad7c10fcf,glomus clarum (glomeromycota),rhizophagus clarus,Resolved,synonym_map,0.95,7471482,croton tiglium (euphorbiaceae),croton tiglium,Resolved,exact_accepted,1.00,3057656
Relevant,abstract,abstract,0,10.1007/s00284-019-01721-9,citrus reticulata blanco (tangerine),hanseniaspora opuntiae (cryb1,peel,present,endophytic,isolated from tangerine peel. genotyped through clustering with d1/d2 and its1-5.8s-its2 sequences from genbank. capable of indole-3-acetic acid (iaa) production.,(not specified),(not specified),abstract-csv,doi_10.1007_s00284-019-01721-9,Relevant,Abstract,Abstract,Presence,10.1007/s00284-019-01721-9,0,doi:10.1007/s00284-019-01721-9,int_46a2b9a571e50b86,hanseniaspora opuntiae (cryb1,hanseniaspora opuntiae,Resolved,exact_accepted,1.00,3480765,citrus reticulata blanco (tangerine),citrus reticulata,Resolved,exact_accepted,1.00,3190172
Relevant,abstract,abstract,0,10.1007/s00284-019-01721-9,citrus reticulata blanco (tangerine),cryb7),peel,present,endophytic,isolated from tangerine peel. genotyped through clustering with d1/d2 and its1-5.8s-its2 sequences from genbank. capable of indole-3-acetic acid (iaa) production.,(not specified),(not specified),abstract-csv,doi_10.1007_s00284-019-01721-9,Relevant,Abstract,Abstract,Presence,10.1007/s00284-019-01721-9,0,doi:10.1007/s00284-019-01721-9,int_135b77cb90b3f1ce,cryb7),,Unresolved,no_match,0.00,,citrus reticulata blanco (tangerine),citrus reticulata,Resolved,exact_accepted,1.00,3190172
Relevant,abstract,abstract,0,10.3390/toxins11090503,rauwolfia (species not specified in abstract),cladosporium species,leaves,present,endophytic,isolated from surface-sterilized leaves,(not specified),(not specified),abstract-csv,doi_10.3390_toxins11090503,Relevant,Abstract,Abstract,Presence,10.3390/toxins11090503,0,doi:10.3390/toxins11090503,int_67aa836ea5092aa7,cladosporium species,,Unresolved,no_match,0.00,,rauwolfia (species not specified in abstract),citharexylum,Resolved,synonym_map,0.95,7853269
Relevant,abstract,abstract,0,10.3864/j.issn.0578-1752.2019.15.015,astragalus (locoweed),alternaria section undifilum oxytropis,NA,present,endophytic,isolated from locoweed,grassland,NA,abstract-csv,doi_10.3864_j.issn.0578-1752.2019.15.015,Relevant,Abstract,Abstract,Presence,10.3864/j.issn.0578-1752.2019.15.015,0,doi:10.3864/j.issn.0578-1752.2019.15.015,int_179572e86aaa2d98,alternaria section undifilum oxytropis,,Unresolved,no_match,0.00,,astragalus (locoweed),astragalus,Resolved,exact_accepted,1.00,2933951
Relevant,abstract,abstract,0,10.4103/ijmm.ijmm_19_96,human,diaporthe,NA,present,pathogenic,occurred in a post-renal transplant patient on immunosuppressants,NA,NA,abstract-csv,doi_10.4103_ijmm.ijmm_19_96,Relevant,Abstract,Abstract,Presence,10.4103/ijmm.ijmm_19_96,0,doi:10.4103/ijmm.ijmm_19_96,int_9f9a4546b2e9279f,diaporthe,diaporthe,Resolved,exact_accepted,1.00,2566075,human,,Unresolved,no_match,0.00,
Relevant,abstract,abstract,0,10.1007/s40011-018-0982-0,piper nigrum l.,diaporthe sp. pf20,not specified in text,present,endophytic,isolated from piper nigrum l.,NA,india,abstract-csv,doi_10.1007_s40011-018-0982-0,Relevant,Abstract,Abstract,Presence,10.1007/s40011-018-0982-0,0,doi:10.1007/s40011-018-0982-0,int_4ea794d70da66f71,diaporthe sp. pf20,diaporthe,Resolved,exact_accepted,1.00,2566075,piper nigrum l.,piper nigrum,Resolved,exact_accepted,1.00,3086357
Relevant,abstract,abstract,0,10.19540/j.cnki.cjcmm.20190301.012,dysosma versipellis,zasmidium syzygii,in vitro roots,present,endophytic,isolated as an endophytic fungal elicitor,NA,NA,abstract-csv,doi_10.19540_j.cnki.cjcmm.20190301.012,Relevant,Abstract,Abstract,Presence,10.19540/j.cnki.cjcmm.20190301.012,0,doi:10.19540/j.cnki.cjcmm.20190301.012,int_89dc4142eebb3663,zasmidium syzygii,zasmidium syzygii,Resolved,exact_accepted,1.00,8412093,dysosma versipellis,dysosma versipellis,Resolved,exact_accepted,1.00,8336561
Relevant,full-text,full-text,5,10.7324/japs.2019.90610,scyphiphora hydrophyllacea c. f. gaertn,['penicillium chrysogenum'],"leaves, bark, roots",present,endophytic,"isolated from surface-sterilized leaves, bark, and roots",mangrove,indonesia,full-text,doi_10.7324_japs.2019.90610,Relevant,Full-Text,Full-Text,Presence,10.7324/japs.2019.90610,5,doi:10.7324/japs.2019.90610,int_25ae55b1bc8c4c19,['penicillium chrysogenum'],,Unresolved,empty,0.00,,scyphiphora hydrophyllacea c. f. gaertn,,Unresolved,no_match,0.00,
Relevant,abstract,abstract,0,10.1007/s12223-018-00673-0,emblica officinalis,none (study focuses on actinobacteria),"root, stem, leaf",present,endophytic,"isolated from root, stem, and leaf tissues of six selected medicinal plants from three different protected areas",evergreen forest,"assam, india",abstract-csv,doi_10.1007_s12223-018-00673-0,Relevant,Abstract,Abstract,Presence,10.1007/s12223-018-00673-0,0,doi:10.1007/s12223-018-00673-0,int_bac1b32d31807e7b,none (study focuses on actinobacteria),,Unresolved,empty,0.00,,emblica officinalis,phyllanthus emblica,Resolved,synonym_map,0.95,5381660
Relevant,abstract,abstract,0,10.1007/s12223-018-00673-0,terminalia chebula,none (study focuses on actinobacteria),"root, stem, leaf",present,endophytic,"isolated from root, stem, and leaf tissues of six selected medicinal plants from three different protected areas",evergreen forest,"assam, india",abstract-csv,doi_10.1007_s12223-018-00673-0,Relevant,Abstract,Abstract,Presence,10.1007/s12223-018-00673-0,0,doi:10.1007/s12223-018-00673-0,int_df206199b314e80f,none (study focuses on actinobacteria),,Unresolved,empty,0.00,,terminalia chebula,terminalia chebula,Resolved,exact_accepted,1.00,3189388
Relevant,abstract,abstract,0,10.1007/s12223-018-00673-0,t. arjuna,none (study focuses on actinobacteria),"root, stem, leaf",present,endophytic,"isolated from root, stem, and leaf tissues of six selected medicinal plants from three different protected areas",evergreen forest,"assam, india",abstract-csv,doi_10.1007_s12223-018-00673-0,Relevant,Abstract,Abstract,Presence,10.1007/s12223-018-00673-0,0,doi:10.1007/s12223-018-00673-0,int_9679a195e7160355,none (study focuses on actinobacteria),,Unresolved,empty,0.00,,t. arjuna,terminalia arjuna,Resolved,abbreviation_context_first,0.75,3699548
Relevant,abstract,abstract,0,10.1007/s12223-018-00673-0,murraya koenigii,none (study focuses on actinobacteria),"root, stem, leaf",present,endophytic,"isolated from root, stem, and leaf tissues of six selected medicinal plants from three different protected areas",evergreen forest,"assam, india",abstract-csv,doi_10.1007_s12223-018-00673-0,Relevant,Abstract,Abstract,Presence,10.1007/s12223-018-00673-0,0,doi:10.1007/s12223-018-00673-0,int_edfd24446af108d0,none (study focuses on actinobacteria),,Unresolved,empty,0.00,,murraya koenigii,murraya koenigii,Resolved,exact_accepted,1.00,5421333
Relevant,abstract,abstract,0,10.1007/s12223-018-00673-0,rauwolfia serpentina,none (study focuses on actinobacteria),"root, stem, leaf",present,endophytic,"isolated from root, stem, and leaf tissues of six selected medicinal plants from three different protected areas",evergreen forest,"assam, india",abstract-csv,doi_10.1007_s12223-018-00673-0,Relevant,Abstract,Abstract,Presence,10.1007/s12223-018-00673-0,0,doi:10.1007/s12223-018-00673-0,int_5c4911095e087ee8,none (study focuses on actinobacteria),,Unresolved,empty,0.00,,rauwolfia serpentina,,Unresolved,no_match,0.00,
Relevant,abstract,abstract,0,10.1007/s12223-018-00673-0,azadirachta indica,none (study focuses on actinobacteria),"root, stem, leaf",present,endophytic,"isolated from root, stem, and leaf tissues of six selected medicinal plants from three different protected areas",evergreen forest,"assam, india",abstract-csv,doi_10.1007_s12223-018-00673-0,Relevant,Abstract,Abstract,Presence,10.1007/s12223-018-00673-0,0,doi:10.1007/s12223-018-00673-0,int_ef31b6c0f53554b1,none (study focuses on actinobacteria),,Unresolved,empty,0.00,,azadirachta indica,azadirachta indica,Resolved,exact_accepted,1.00,3190474
Relevant,abstract,abstract,0,10.1007/s13199-018-00594-z,hymenophyllaceae (filmy ferns),arbuscular mycorrhizal fungi (amf),root,present,mycorrhizal,"originally form a symbiosis involving amf, but may be absent in fully adapted epiphytic lineages.",NA,NA,abstract-csv,doi_10.1007_s13199-018-00594-z,Relevant,Abstract,Abstract,Presence,10.1007/s13199-018-00594-z,0,doi:10.1007/s13199-018-00594-z,int_1c0130b9b7d56efb,arbuscular mycorrhizal fungi (amf),,Unresolved,descriptor_non_taxon,0.00,,hymenophyllaceae (filmy ferns),hymenophyllaceae,Resolved,exact_accepted,1.00,2372
Relevant,abstract,abstract,0,10.5958/2249-4677.2019.00090.2,prunus armeniaca (apricot) and prunus persica (peach),epicoccum nigrum,NA,present,biocontrol agent,isolated from trees recovered from european stone fruit yellows disease. demonstrated antagonistic activity against phytoplasmas.,NA,NA,abstract-csv,doi_10.5958_2249-4677.2019.00090.2,Relevant,Abstract,Abstract,Presence,10.5958/2249-4677.2019.00090.2,0,doi:10.5958/2249-4677.2019.00090.2,int_14248bd26e95fb27,epicoccum nigrum,epicoccum nigrum,Resolved,exact_accepted,1.00,2617206,prunus armeniaca (apricot) and prunus persica (peach),prunus armeniaca; prunus persica,Resolved,exact_accepted,1.00,7818643; 8149923
Relevant,abstract,abstract,0,10.5958/0974-360x.2019.00594.8,mentha,trichoderma harzianum,NA,present,endophytic,isolated from medicinal plants with oral hygiene properties,NA,NA,abstract-csv,doi_10.5958_0974-360x.2019.00594.8,Relevant,Abstract,Abstract,Presence,10.5958/0974-360x.2019.00594.8,0,doi:10.5958/0974-360x.2019.00594.8,int_6e089b4df93db8fe,trichoderma harzianum,trichoderma harzianum,Resolved,exact_accepted,1.00,5251352,mentha,mentha,Resolved,exact_accepted,1.00,2927173
Relevant,abstract,abstract,0,10.13346/j.mycosystema.180308,oryza granulata (wild rice),falciphora oryzae,root,present,biocontrol agent,"isolated from oryza granulata and rice roots, found to protect plants from xanthomonas oryzae pv. oryzae (xoo)",NA,NA,abstract-csv,doi_10.13346_j.mycosystema.180308,Relevant,Abstract,Abstract,Presence,10.13346/j.mycosystema.180308,0,doi:10.13346/j.mycosystema.180308,int_022a575304d0b0e1,falciphora oryzae,falciphora oryzae,Resolved,exact_accepted,1.00,9803420,oryza granulata (wild rice),oryza granulata,Resolved,exact_accepted,1.00,8388459
Relevant,abstract,abstract,0,10.19045/bspab.2019.80071,mangifera indica,not specified in the text,leaves,present,endophytic,isolated from leaves of mango (mangifera indica),NA,NA,abstract-csv,doi_10.19045_bspab.2019.80071,Relevant,Abstract,Abstract,Presence,10.19045/bspab.2019.80071,0,doi:10.19045/bspab.2019.80071,int_b9c33290275a76c7,not specified in the text,,Unresolved,empty,0.00,,mangifera indica,mangifera indica,Resolved,exact_accepted,1.00,3190638
Relevant,abstract,abstract,0,10.1016/j.ecoenv.2019.02.072,oryza sativa (rice),endophyte (species not specified in the text),"leaves, roots",present,endophytic,isolated from rice under pb stress conditions,NA,NA,abstract-csv,doi_10.1016_j.ecoenv.2019.02.072,Relevant,Abstract,Abstract,Presence,10.1016/j.ecoenv.2019.02.072,0,doi:10.1016/j.ecoenv.2019.02.072,int_2a56ea3fa52f1009,endophyte (species not specified in the text),,Unresolved,descriptor_non_taxon,0.00,,oryza sativa (rice),oryza sativa,Resolved,exact_accepted,1.00,2703459
Relevant,abstract,abstract,0,10.5958/2249-524x.2019.00013.x,malus domestica (apple),venturia inaequalis (apple scab fungus),leaf,present,pathogenic,"the text does not provide specific context about the interaction, but it mentions the apple scab fungus is present on leaves of apple trees.",temperate agro-climatic conditions (kashmir),india,abstract-csv,doi_10.5958_2249-524x.2019.00013.x,Relevant,Abstract,Abstract,Presence,10.5958/2249-524x.2019.00013.x,0,doi:10.5958/2249-524x.2019.00013.x,int_01610435a7afdcba,venturia inaequalis (apple scab fungus),venturia inaequalis,Resolved,exact_accepted,1.00,5262796,malus domestica (apple),malus domestica,Resolved,exact_accepted,1.00,3001244
Relevant,full-text,full-text,11,10.1186/s11658-019-0164-y,taxus brevifolia,unspecified (endophytic fungi mentioned for paclitaxel synthesis),NA,present,endophytic,genetically modified endophytic fungi used for paclitaxel extraction,NA,china,full-text,doi_10.1186_s11658-019-0164-y,Relelevant,Full-Text,Full-Text,Presence,10.1186/s11658-019-0164-y,11,doi:10.1186/s11658-019-0164-y,int_d41d8c2355718fae,unspecified (endophytic fungi mentioned for paclitaxel synthesis),,Unresolved,empty,0.00,,taxus brevifolia,taxus brevifolia,Resolved,exact_accepted,1.00,5284555
Relevant,abstract,abstract,0,10.1080/10549811.2019.1570467,quercus virginiana (fagaceae),[sistotrema sp.,root,present,ectomycorrhizal,isolated as ectomycorrhizal symbionts from root of q.virginiana seedlings,landscaping and coastal shelter forests (china),china,abstract-csv,doi_10.1080_10549811.2019.1570467,Relevant,Abstract,Abstract,Presence,10.1080/10549811.2019.1570467,0,doi:10.1080/10549811.2019.1570467,int_094973336726b2c8,[sistotrema sp.,sistotrema,Resolved,exact_accepted,1.00,10494302,quercus virginiana (fagaceae),quercus virginiana,Resolved,exact_accepted,1.00,2878092
Relevant,abstract,abstract,0,10.1080/10549811.2019.1570467,quercus virginiana (fagaceae),cantharellales],root,present,ectomycorrhizal,isolated as ectomycorrhizal symbionts from root of q.virginiana seedlings,landscaping and coastal shelter forests (china),china,abstract-csv,doi_10.1080_10549811.2019.1570467,Relevant,Abstract,Abstract,Presence,10.1080/10549811.2019.1570467,0,doi:10.1080/10549811.2019.1570467,int_2fe3a7ac6ce563c7,cantharellales],,Unresolved,no_match,0.00,,quercus virginiana (fagaceae),quercus virginiana,Resolved,exact_accepted,1.00,2878092
Relevant,full-text,full-text,12,10.1186/s12864-019-5911-y,citrus sp.,phyllosticta citricarpa mcalpine,NA,present,pathogenic,responsible for causing citrus black spot,NA,global,full-text,doi_10.1186_s12864-019-5911-y,Relevant,Full-Text,Full-Text,Presence,10.1186/s12864-019-5911-y,12,doi:10.1186/s12864-019-5911-y,int_e978963b0c4e6990,phyllosticta citricarpa mcalpine,phyllosticta citricarpa,Resolved,exact_accepted,1.00,2611486,citrus sp.,citrus,Resolved,exact_accepted,1.00,3190155
Relevant,abstract,abstract,0,10.1016/j.phytol.2019.03.014,acanthus ebracteatus vahl,pseudocosmospora sp. bm-1-1,NA,present,endophytic,isolated from the host plant,NA,NA,abstract-csv,doi_10.1016_j.phytol.2019.03.014,Relevant,Abstract,Abstract,Presence,10.1016/j.phytol.2019.03.014,0,doi:10.1016/j.phytol.2019.03.014,int_53a5d6dcf03ce0db,pseudocosmospora sp. bm-1-1,pseudocosmospora,Resolved,exact_accepted,1.00,7597489,acanthus ebracteatus vahl,acanthus ebracteatus,Resolved,exact_accepted,1.00,5415454
Relevant,abstract,abstract,0,10.22092/jmpb.2019.119381,kelussia odoratissima mozaff.,piriformospora indica,NA,present,endophytic,"root-colonizing endophyte, promoting plant growth and resistance to stresses.",NA,iran,abstract-csv,doi_10.22092_jmpb.2019.119381,Relevant,Abstract,Abstract,Presence,10.22092/jmpb.2019.119381,0,doi:10.22092/jmpb.2019.119381,int_620813206f1ecf1e,piriformospora indica,serendipita indica,Resolved,synonym_map,0.95,9711144,kelussia odoratissima mozaff.,kelussia odoratissima,Resolved,exact_accepted,1.00,3632059
Relevant,full-text,full-text,8,10.20884/1.jm.2019.14.1.503,syzygium samarangense l.,lasiodiplodia venezuelensis (strain cbs 129753),leaves,present,"endophytic, with antioxidant activity",isolated from leaves and cultivated in potato-dextrose broth medium for four weeks.,NA,indonesia,full-text,doi_10.20884_1.jm.2019.14.1.503,Relevant,Full-Text,Full-Text,Presence,10.20884/1.jm.2019.14.1.503,8,doi:10.20884/1.jm.2019.14.1.503,int_34390eaed8277cda,lasiodiplodia venezuelensis (strain cbs 129753),lasiodiplodia venezuelensis,Resolved,exact_accepted,1.00,3517919,syzygium samarangense l.,syzygium samarangense,Resolved,exact_accepted,1.00,3183180
Relevant,abstract,abstract,0,10.13343/j.cnki.wsxb.20180325,blumea balsamifera (l.) dc.,diaporthe sp.,NA,present,endophytic,isolated from blumea balsamifera (l.) dc.,NA,NA,abstract-csv,doi_10.13343_j.cnki.wsxb.20180325,Relevant,Abstract,Abstract,Presence,10.13343/j.cnki.wsxb.20180325,0,doi:10.13343/j.cnki.wsxb.20180325,int_8cb99f30e3ad45b4,diaporthe sp.,diaporthe,Resolved,exact_accepted,1.00,2566075,blumea balsamifera (l.) dc.,blumea balsamifera,Resolved,exact_accepted,1.00,5395786
Relevant,abstract,abstract,0,10.13057/biodiv/d200503,centella asiatica,aspergillus austroafricanus,"stolons, leaves, roots, petioles",present,endophytic,"isolated from stolons, leaves, roots, and petioles.",not specified in text,bengkulu (indonesia) and malaysia,abstract-csv,doi_10.13057_biodiv_d200503,Relevant,Abstract,Abstract,Presence,10.13057/biodiv/d200503,0,doi:10.13057/biodiv/d200503,int_327024557ca1e025,aspergillus austroafricanus,aspergillus austroafricanus,Resolved,exact_accepted,1.00,7561057,centella asiatica,,Unresolved,no_match,0.00,
Relevant,abstract,abstract,0,10.13057/biodiv/d200503,centella asiatica,aspergillus oryzae,"stolons, leaves, roots, petioles",present,endophytic,"isolated from stolons, leaves, roots, and petioles.",not specified in text,bengkulu (indonesia) and malaysia,abstract-csv,doi_10.13057_biodiv_d200503,Relevant,Abstract,Abstract,Presence,10.13057/biodiv/d200503,0,doi:10.13057/biodiv/d200503,int_466774715207bf13,aspergillus oryzae,aspergillus flavus,Resolved,synonym_map,0.95,5259820,centella asiatica,,Unresolved,no_match,0.00,
Relevant,abstract,abstract,0,10.13057/biodiv/d200503,centella asiatica,acrocalymma vagum,"stolons, leaves, roots, petioles",present,endophytic,"isolated from stolons, leaves, roots, and petioles.",not specified in text,bengkulu (indonesia) and malaysia,abstract-csv,doi_10.13057_biodiv_d200503,Relevant,Abstract,Abstract,Presence,10.13057/biodiv/d200503,0,doi:10.13057/biodiv/d200503,int_a0e5fce6852e5e57,acrocalymma vagum,acrocalymma vagum,Resolved,exact_accepted,1.00,9656174,centella asiatica,,Unresolved,no_match,0.00,
Relevant,abstract,abstract,0,10.13057/biodiv/d200503,centella asiatica,ceratobasidium cornigerum,"stolons, leaves, roots, petioles",present,endophytic,"isolated from stolons, leaves, roots, and petioles.",not specified in text,bengkulu (indonesia) and malaysia,abstract-csv,doi_10.13057_biodiv_d200503,Relevant,Abstract,Abstract,Presence,10.13057/biodiv/d200503,0,doi:10.13057/biodiv/d200503,int_5f408b3280477ef4,ceratobasidium cornigerum,ceratobasidium cornigerum,Resolved,exact_accepted,1.00,2555120,centella asiatica,,Unresolved,no_match,0.00,
Relevant,abstract,abstract,0,10.13057/biodiv/d200503,centella asiatica,ceratobasidium sp.,"stolons, leaves, roots, petioles",present,endophytic,"isolated from stolons, leaves, roots, and petioles.",not specified in text,bengkulu (indonesia) and malaysia,abstract-csv,doi_10.13057_biodiv_d200503,Relevant,Abstract,Abstract,Presence,10.13057/biodiv/d200503,0,doi:10.13057/biodiv/d200503,int_e6faee6408e21eda,ceratobasidium sp.,ceratobasidium,Resolved,exact_accepted,1.00,2518461,centella asiatica,,Unresolved,no_match,0.00,
Relevant,abstract,abstract,0,10.13057/biodiv/d200503,centella asiatica,chaetomium globosum,"stolons, leaves, roots, petioles",present,endophytic,"isolated from stolons, leaves, roots, and petioles.",not specified in text,bengkulu (indonesia) and malaysia,abstract-csv,doi_10.13057_biodiv_d200503,Relevant,Abstract,Abstract,Presence,10.13057/biodiv/d200503,0,doi:10.13057/biodiv/d200503,int_82fe2c75915521da,chaetomium globosum,chaetomium globosum,Resolved,exact_accepted,1.00,2573741,centella asiatica,,Unresolved,no_match,0.00,
Relevant,abstract,abstract,0,10.13057/biodiv/d200503,centella asiatica,colletotrichum karstii,"stolons, leaves, roots, petioles",present,endophytic,"isolated from stolons, leaves, roots, and petioles.",not specified in text,bengkulu (indonesia) and malaysia,abstract-csv,doi_10.13057_biodiv_d200503,Relevant,Abstract,Abstract,Presence,10.13057/biodiv/d200503,0,doi:10.13057/biodiv/d200503,int_b7d0c27ea1cf360d,colletotrichum karstii,,Unresolved,no_match,0.00,,centella asiatica,,Unresolved,no_match,0.00,
Relevant,abstract,abstract,0,10.13057/biodiv/d200503,centella asiatica,c. gigasporium,"stolons, leaves, roots, petioles",present,endophytic,"isolated from stolons, leaves, roots, and petioles.",not specified in text,bengkulu (indonesia) and malaysia,abstract-csv,doi_10.13057_biodiv_d200503,Relevant,Abstract,Abstract,Presence,10.13057/biodiv/d200503,0,doi:10.13057/biodiv/d200503,int_c9956d69da2556c2,c. gigasporium,,Unresolved,no_match,0.00,,centella asiatica,,Unresolved,no_match,0.00,
Relevant,abstract,abstract,0,10.13057/biodiv/d200503,centella asiatica,c. tabaci,"stolons, leaves, roots, petioles",present,endophytic,"isolated from stolons, leaves, roots, and petioles.",not specified in text,bengkulu (indonesia) and malaysia,abstract-csv,doi_10.13057_biodiv_d200503,Relevant,Abstract,Abstract,Presence,10.13057/biodiv/d200503,0,doi:10.13057/biodiv/d200503,int_4dc44b8b67e92139,c. tabaci,,Unresolved,no_match,0.00,,centella asiatica,,Unresolved,no_match,0.00,
Relevant,abstract,abstract,0,10.13057/biodiv/d200503,centella asiatica,colletotrichum siamense,"stolons, leaves, roots, petioles",present,endophytic,"isolated from stolons, leaves, roots, and petioles.",not specified in text,bengkulu (indonesia) and malaysia,abstract-csv,doi_10.13057_biodiv_d200503,Relevant,Abstract,Abstract,Presence,10.13057/biodiv/d200503,0,doi:10.13057/biodiv/d200503,int_47fce92a27c4d40b,colletotrichum siamense,colletotrichum siamense,Resolved,exact_accepted,1.00,8184256,centella asiatica,,Unresolved,no_match,0.00,
Relevant,abstract,abstract,0,10.13057/biodiv/d200503,centella asiatica,eutypella sp.,"stolons, leaves, roots, petioles",present,endophytic,"isolated from stolons, leaves, roots, and petioles.",not specified in text,bengkulu (indonesia) and malaysia,abstract-csv,doi_10.13057_biodiv_d200503,Relevant,Abstract,Abstract,Presence,10.13057/biodiv/d200503,0,doi:10.13057/biodiv/d200503,int_8065758069af2659,eutypella sp.,eutypella,Resolved,exact_accepted,1.00,2565977,centella asiatica,,Unresolved,no_match,0.00,
Relevant,abstract,abstract,0,10.13057/biodiv/d200503,centella asiatica,fusarium solani,"stolons, leaves, roots, petioles",present,endophytic,"isolated from stolons, leaves, roots, and petioles.",not specified in text,bengkulu (indonesia) and malaysia,abstract-csv,doi_10.13057_biodiv_d200503,Relevant,Abstract,Abstract,Presence,10.13057/biodiv/d200503,0,doi:10.13057/biodiv/d200503,int_f1219152513a4663,fusarium solani,fusarium solani,Resolved,exact_accepted,1.00,9581851,centella asiatica,,Unresolved,no_match,0.00,
Relevant,abstract,abstract,0,10.13057/biodiv/d200503,centella asiatica,f. oxysporum,"stolons, leaves, roots, petioles",present,endophytic,"isolated from stolons, leaves, roots, and petioles.",not specified in text,bengkulu (indonesia) and malaysia,abstract-csv,doi_10.13057_biodiv_d200503,Relevant,Abstract,Abstract,Presence,10.13057/biodiv/d200503,0,doi:10.13057/biodiv/d200503,int_b75b1e82191aa2de,f. oxysporum,fusarium oxysporum,Resolved,abbreviation_context_first,0.75,5251961,centella asiatica,,Unresolved,no_match,0.00,
Relevant,abstract,abstract,0,10.13057/biodiv/d200503,centella asiatica,f. falciforme,"stolons, leaves, roots, petioles",present,endophytic,"isolated from stolons, leaves, roots, and petioles.",not specified in text,bengkulu (indonesia) and malaysia,abstract-csv,doi_10.13057_biodiv_d200503,Relevant,Abstract,Abstract,Presence,10.13057/biodiv/d200503,0,doi:10.13057/biodiv/d200503,int_23d495539e130a24,f. falciforme,falcatifolium falciforme,Resolved,abbreviation_context_first,0.55,2687745,centella asiatica,,Unresolved,no_match,0.00,
Relevant,abstract,abstract,0,10.13057/biodiv/d200503,centella asiatica,f. keratoplasticum,"stolons, leaves, roots, petioles",present,endophytic,"isolated from stolons, leaves, roots, and petioles.",not specified in text,bengkulu (indonesia) and malaysia,abstract-csv,doi_10.13057_biodiv_d200503,Relevant,Abstract,Abstract,Presence,10.13057/biodiv/d200503,0,doi:10.13057/biodiv/d200503,int_c615686d6e69702f,f. keratoplasticum,fusarium keratoplasticum,Resolved,abbreviation_context_first,0.75,7700331,centella asiatica,,Unresolved,no_match,0.00,
Relevant,abstract,abstract,0,10.13057/biodiv/d200503,centella asiatica,f. striatum,"stolons, leaves, roots, petioles",present,endophytic,"isolated from stolons, leaves, roots, and petioles.",not specified in text,bengkulu (indonesia) and malaysia,abstract-csv,doi_10.13057_biodiv_d200503,Relevant,Abstract,Abstract,Presence,10.13057/biodiv/d200503,0,doi:10.13057/biodiv/d200503,int_1101f238d524d5a8,f. striatum,,Unresolved,no_match,0.00,,centella asiatica,,Unresolved,no_match,0.00,
Relevant,abstract,abstract,0,10.13057/biodiv/d200503,centella asiatica,fusarium sp.,"stolons, leaves, roots, petioles",present,endophytic,"isolated from stolons, leaves, roots, and petioles.",not specified in text,bengkulu (indonesia) and malaysia,abstract-csv,doi_10.13057_biodiv_d200503,Relevant,Abstract,Abstract,Presence,10.13057/biodiv/d200503,0,doi:10.13057/biodiv/d200503,int_b95ce3b09c665983,fusarium sp.,fusarium,Resolved,exact_accepted,1.00,2554026,centella asiatica,,Unresolved,no_match,0.00,
Relevant,abstract,abstract,0,10.13057/biodiv/d200503,centella asiatica,penicillium capsulatum,"stolons, leaves, roots, petioles",present,endophytic,"isolated from stolons, leaves, roots, and petioles.",not specified in text,bengkulu (indonesia) and malaysia,abstract-csv,doi_10.13057_biodiv_d200503,Relevant,Abstract,Abstract,Presence,10.13057/biodiv/d200503,0,doi:10.13057/biodiv/d200503,int_0fa63c34eaf8ae7c,penicillium capsulatum,penicillium capsulatum,Resolved,exact_accepted,1.00,2597767,centella asiatica,,Unresolved,no_match,0.00,
Relevant,abstract,abstract,0,10.13057/biodiv/d200503,centella asiatica,phoma multirostrata,"stolons, leaves, roots, petioles",present,endophytic,"isolated from stolons, leaves, roots, and petioles.",not specified in text,bengkulu (indonesia) and malaysia,abstract-csv,doi_10.13057_biodiv_d200503,Relevant,Abstract,Abstract,Presence,10.13057/biodiv/d200503,0,doi:10.13057/biodiv/d200503,int_9a44cad024c42628,phoma multirostrata,ectophoma multirostrata,Resolved,synonym_map,0.95,10815704,centella asiatica,,Unresolved,no_match,0.00,
Relevant,abstract,abstract,0,10.13057/biodiv/d200503,centella asiatica,perenniporia tephropora,"stolons, leaves, roots, petioles",present,endophytic,"isolated from stolons, leaves, roots, and petioles.",not specified in text,bengkulu (indonesia) and malaysia,abstract-csv,doi_10.13057_biodiv_d200503,Relevant,Abstract,Abstract,Presence,10.13057/biodiv/d200503,0,doi:10.13057/biodiv/d200503,int_b0461f8b71df4e90,perenniporia tephropora,,Unresolved,no_match,0.00,,centella asiatica,,Unresolved,no_match,0.00,
Relevant,abstract,abstract,0,10.13057/biodiv/d200503,centella asiatica,perenniporia sp.,"stolons, leaves, roots, petioles",present,endophytic,"isolated from stolons, leaves, roots, and petioles.",not specified in text,bengkulu (indonesia) and malaysia,abstract-csv,doi_10.13057_biodiv_d200503,Relevant,Abstract,Abstract,Presence,10.13057/biodiv/d200503,0,doi:10.13057/biodiv/d200503,int_a525fdc91f7a3136,perenniporia sp.,perenniporia,Resolved,exact_accepted,1.00,2541161,centella asiatica,,Unresolved,no_match,0.00,
Relevant,abstract,abstract,0,10.13057/biodiv/d200503,centella asiatica,phanerochaete chrysosporium,"stolons, leaves, roots, petioles",present,endophytic,"isolated from stolons, leaves, roots, and petioles.",not specified in text,bengkulu (indonesia) and malaysia,abstract-csv,doi_10.13057_biodiv_d200503,Relevant,Abstract,Abstract,Presence,10.13057/biodiv/d200503,0,doi:10.13057/biodiv/d200503,int_4627d4cfeaa96ae8,phanerochaete chrysosporium,phanerodontia chrysosporium,Resolved,synonym_map,0.95,5955153,centella asiatica,,Unresolved,no_match,0.00,
Relevant,abstract,abstract,0,10.13057/biodiv/d200503,centella asiatica,phanerochaete stereoides,"stolons, leaves, roots, petioles",present,endophytic,"isolated from stolons, leaves, roots, and petioles.",not specified in text,bengkulu (indonesia) and malaysia,abstract-csv,doi_10.13057_biodiv_d200503,Relevant,Abstract,Abstract,Presence,10.13057/biodiv/d200503,0,doi:10.13057/biodiv/d200503,int_50a1db339944794d,phanerochaete stereoides,phanerochaete stereoides,Resolved,exact_accepted,1.00,3362775,centella asiatica,,Unresolved,no_match,0.00,
Relevant,abstract,abstract,0,10.13057/biodiv/d200503,centella asiatica,phyllosticta capitalensis,"stolons, leaves, roots, petioles",present,endophytic,"isolated from stolons, leaves, roots, and petioles.",not specified in text,bengkulu (indonesia) and malaysia,abstract-csv,doi_10.13057_biodiv_d200503,Relevant,Abstract,Abstract,Presence,10.13057/biodiv/d200503,0,doi:10.13057/biodiv/d200503,int_339d65a6adfdacf4,phyllosticta capitalensis,phyllosticta capitalensis,Resolved,exact_accepted,1.00,2612180,centella asiatica,,Unresolved,no_match,0.00,
Relevant,abstract,abstract,0,10.13057/biodiv/d200503,centella asiatica,phomopsis asparagi,"stolons, leaves, roots, petioles",present,endophytic,"isolated from stolons, leaves, roots, and petioles.",not specified in text,bengkulu (indonesia) and malaysia,abstract-csv,doi_10.13057_biodiv_d200503,Relevant,Abstract,Abstract,Presence,10.13057/biodiv/d200503,0,doi:10.13057/biodiv/d200503,int_f951e962ac6b83de,phomopsis asparagi,phomopsis asparagi,Resolved,exact_accepted,1.00,5253360,centella asiatica,,Unresolved,no_match,0.00,
Relevant,abstract,abstract,0,10.13057/biodiv/d200503,centella asiatica,peroneutypa scoparia,"stolons, leaves, roots, petioles",present,endophytic,"isolated from stolons, leaves, roots, and petioles.",not specified in text,bengkulu (indonesia) and malaysia,abstract-csv,doi_10.13057_biodiv_d200503,Relevant,Abstract,Abstract,Presence,10.13057/biodiv/d200503,0,doi:10.13057/biodiv/d200503,int_58987aea3ac02eb3,peroneutypa scoparia,peroneutypa scoparia,Resolved,exact_accepted,1.00,2575310,centella asiatica,,Unresolved,no_match,0.00,
Relevant,abstract,abstract,0,10.13057/biodiv/d200503,centella asiatica,phialemoniopsis sp.,"stolons, leaves, roots, petioles",present,endophytic,"isolated from stolons, leaves, roots, and petioles.",not specified in text,bengkulu (indonesia) and malaysia,abstract-csv,doi_10.13057_biodiv_d200503,Relevant,Abstract,Abstract,Presence,10.13057/biodiv/d200503,0,doi:10.13057/biodiv/d200503,int_dafb0bbdf14c71cc,phialemoniopsis sp.,phialemoniopsis,Resolved,exact_accepted,1.00,7763317,centella asiatica,,Unresolved,no_match,0.00,
Relevant,abstract,abstract,0,10.13057/biodiv/d200503,centella asiatica,mycochaetophora gentinae,"stolons, leaves, roots, petioles",present,endophytic,"isolated from stolons, leaves, roots, and petioles.",not specified in text,bengkulu (indonesia) and malaysia,abstract-csv,doi_10.13057_biodiv_d200503,Relevant,Abstract,Abstract,Presence,10.13057/biodiv/d200503,0,doi:10.13057/biodiv/d200503,int_051aa6ca315f1c83,mycochaetophora gentinae,,Unresolved,no_match,0.00,,centella asiatica,,Unresolved,no_match,0.00,
Relevant,abstract,abstract,0,10.13057/biodiv/d200503,centella asiatica,talaromyces sp.,"stolons, leaves, roots, petioles",present,endophytic,"isolated from stolons, leaves, roots, and petioles.",not specified in text,bengkulu (indonesia) and malaysia,abstract-csv,doi_10.13057_biodiv_d200503,Relevant,Abstract,Abstract,Presence,10.13057/biodiv/d200503,0,doi:10.13057/biodiv/d200503,int_86fbf169d92c5cf6,talaromyces sp.,talaromyces,Resolved,exact_accepted,1.00,2598197,centella asiatica,,Unresolved,no_match,0.00,
Relevant,abstract,abstract,0,10.13057/biodiv/d200503,centella asiatica,earliella scabrosa,"stolons, leaves, roots, petioles",present,endophytic,"isolated from stolons, leaves, roots, and petioles.",not specified in text,bengkulu (indonesia) and malaysia,abstract-csv,doi_10.13057_biodiv_d200503,Relevant,Abstract,Abstract,Presence,10.13057/biodiv/d200503,0,doi:10.13057/biodiv/d200503,int_00fe2e0358cd4122,earliella scabrosa,earliella scabrosa,Resolved,exact_accepted,1.00,2549396,centella asiatica,,Unresolved,no_match,0.00,
Relevant,abstract,abstract,0,10.13057/biodiv/d200503,centella asiatica,trichaptum sp.,"stolons, leaves, roots, petioles",present,endophytic,"isolated from stolons, leaves, roots, and petioles.",not specified in text,bengkulu (indonesia) and malaysia,abstract-csv,doi_10.13057_biodiv_d200503,Relevant,Abstract,Abstract,Presence,10.13057/biodiv/d200503,0,doi:10.13057/biodiv/d200503,int_656a97471362b3d3,trichaptum sp.,trichaptum,Resolved,exact_accepted,1.00,2519062,centella asiatica,,Unresolved,no_match,0.00,
Relevant,abstract,abstract,0,10.25260/ea.19.29.1.0.764,schedonorus arundinaceus (festuca alta),coenophiala spp. (endophyte fungus),apoplast of aboveground tissues,present,endophytic,grows in the apoplast of aboveground tissues and is vertically transmitted through seeds. interrupted by almagor treatment.,pasture,argentina,abstract-csv,doi_10.25260_ea.19.29.1.0.764,Relevant,Abstract,Abstract,Presence,10.25260/ea.19.29.1.0.764,0,doi:10.25260/ea.19.29.1.0.764,int_8f5167e94c883c7e,coenophiala spp. (endophyte fungus),,Unresolved,no_match,0.00,,schedonorus arundinaceus (festuca alta),lolium arundinaceum,Resolved,synonym_map,0.95,2706231
Relevant,full-text,full-text,19,10.1186/s12917-019-1854-4,canis lupus familiaris (dog),none specified in text,"skin, ear",present,NA,used for treatment of skin diseases and wounds,NA,NA,full-text,doi_10.1186_s12917-019-1854-4,Relevant,Full-Text,Full-Text,Presence,10.1186/s12917-019-1854-4,19,doi:10.1186/s12917-019-1854-4,int_c332f1724051931e,none specified in text,,Unresolved,no_match,0.00,,canis lupus familiaris (dog),,Unresolved,no_match,0.00,
Relevant,abstract,abstract,0,10.2478/pfs-2019-0008,platycladus orientalis (cupressaceae),coniochaeta endophytica sp. nov.,photosynthetic tissue,present,endophytic,isolated from healthy photosynthetic tissue,not provided in the text,"arizona, usa (main location), north carolina (additional location)",abstract-csv,doi_10.2478_pfs-2019-0008,Relevant,Abstract,Abstract,Presence,10.2478/pfs-2019-0008,0,doi:10.2478/pfs-2019-0008,int_aae593f2e99132e3,coniochaeta endophytica sp. nov.,coniochaeta endophytica,Resolved,exact_accepted,1.00,10797167,platycladus orientalis (cupressaceae),platycladus orientalis,Resolved,exact_accepted,1.00,2684855
Relevant,abstract,abstract,0,10.1016/j.mseb.2019.04.017,nothapodytes foetida,cochliobolus geniculatus,leaf,present,endophytic,isolated from leaves.,NA,NA,abstract-csv,doi_10.1016_j.mseb.2019.04.017,Relevant,Abstract,Abstract,Presence,10.1016/j.mseb.2019.04.017,0,doi:10.1016/j.mseb.2019.04.017,int_57a671061a12b3f5,cochliobolus geniculatus,cochliobolus geniculatus,Resolved,exact_accepted,1.00,2615939,nothapodytes foetida,nothapodytes nimmoniana,Resolved,synonym_map,0.95,3596916
Relevant,abstract,abstract,0,10.19540/j.cnki.cjcmm.20181226.005,eucommia ulmoides,unclassified genus of nectriaceae (sichuan wangcang bark),bark,present,endophytic,"isolated from bark, dominant genus in sichuan wangcang bark with a relative abundance of 54.79%",NA,"sichuan province, china",abstract-csv,doi_10.19540_j.cnki.cjcmm.20181226.005,Relevant,Abstract,Abstract,Presence,10.19540/j.cnki.cjcmm.20181226.005,0,doi:10.19540/j.cnki.cjcmm.20181226.005,int_e986b70a51d8b759,unclassified genus of nectriaceae (sichuan wangcang bark),,Unresolved,no_match,0.00,,eucommia ulmoides,eucommia ulmoides,Resolved,exact_accepted,1.00,3723584
Relevant,abstract,abstract,0,10.13422/j.cnki.syfjx.20190105,scutellaria,penicillium sp.,root,present,endophytic,isolated from surface-sterilized roots and transformed baicalin into baicalein and oroxylin a,NA,NA,abstract-csv,doi_10.13422_j.cnki.syfjx.20190105,Relevant,Abstract,Abstract,Presence,10.13422/j.cnki.syfjx.20190105,0,doi:10.13422/j.cnki.syfjx.20190105,int_e7fe52d5dd4925d1,penicillium sp.,penicillium,Resolved,exact_accepted,1.00,7635114,scutellaria,scutellaria,Resolved,exact_accepted,1.00,2926730
Relevant,abstract,abstract,0,10.19540/j.cnki.cjcmm.20190301.008,scrophularia ningpoensis,[{'strain': 'zj17',"['root', 'main stem', 'branch', 'leaf']",present,endophytic,isolated from various tissues of scrophularia ningpoensis,(not provided in text),"zhejiang, china",abstract-csv,doi_10.19540_j.cnki.cjcmm.20190301.008,Relevant,Abstract,Abstract,Presence,10.19540/j.cnki.cjcmm.20190301.008,0,doi:10.19540/j.cnki.cjcmm.20190301.008,int_7d95eeb74c77de45,[{'strain': 'zj17',,Unresolved,no_match,0.00,,scrophularia ningpoensis,scrophularia ningpoensis,Resolved,exact_accepted,1.00,3736706
Relevant,abstract,abstract,0,10.19540/j.cnki.cjcmm.20190301.008,scrophularia ningpoensis,'genus': 'alternaria',"['root', 'main stem', 'branch', 'leaf']",present,endophytic,isolated from various tissues of scrophularia ningpoensis,(not provided in text),"zhejiang, china",abstract-csv,doi_10.19540_j.cnki.cjcmm.20190301.008,Relevant,Abstract,Abstract,Presence,10.19540/j.cnki.cjcmm.20190301.008,0,doi:10.19540/j.cnki.cjcmm.20190301.008,int_c12e123fd3f87248,'genus': 'alternaria',,Unresolved,no_match,0.00,,scrophularia ningpoensis,scrophularia ningpoensis,Resolved,exact_accepted,1.00,3736706
Relevant,abstract,abstract,0,10.19540/j.cnki.cjcmm.20190301.008,scrophularia ningpoensis,'species': 'gaisen'},"['root', 'main stem', 'branch', 'leaf']",present,endophytic,isolated from various tissues of scrophularia ningpoensis,(not provided in text),"zhejiang, china",abstract-csv,doi_10.19540_j.cnki.cjcmm.20190301.008,Relevant,Abstract,Abstract,Presence,10.19540/j.cnki.cjcmm.20190301.008,0,doi:10.19540/j.cnki.cjcmm.20190301.008,int_5cc7cd571ead8b98,'species': 'gaisen'},,Unresolved,no_match,0.00,,scrophularia ningpoensis,scrophularia ningpoensis,Resolved,exact_accepted,1.00,3736706
Relevant,abstract,abstract,0,10.19540/j.cnki.cjcmm.20190301.008,scrophularia ningpoensis,{'strain': 'zj25',"['root', 'main stem', 'branch', 'leaf']",present,endophytic,isolated from various tissues of scrophularia ningpoensis,(not provided in text),"zhejiang, china",abstract-csv,doi_10.19540_j.cnki.cjcmm.20190301.008,Relevant,Abstract,Abstract,Presence,10.19540/j.cnki.cjcmm.20190301.008,0,doi:10.19540/j.cnki.cjcmm.20190301.008,int_afdc82f5299d11d6,{'strain': 'zj25',,Unresolved,no_match,0.00,,scrophularia ningpoensis,scrophularia ningpoensis,Resolved,exact_accepted,1.00,3736706
Relevant,abstract,abstract,0,10.19540/j.cnki.cjcmm.20190301.008,scrophularia ningpoensis,'genus': 'alternaria',"['root', 'main stem', 'branch', 'leaf']",present,endophytic,isolated from various tissues of scrophularia ningpoensis,(not provided in text),"zhejiang, china",abstract-csv,doi_10.19540_j.cnki.cjcmm.20190301.008,Relevant,Abstract,Abstract,Presence,10.19540/j.cnki.cjcmm.20190301.008,0,doi:10.19540/j.cnki.cjcmm.20190301.008,int_7bdb43002e3e337a,'genus': 'alternaria',,Unresolved,no_match,0.00,,scrophularia ningpoensis,scrophularia ningpoensis,Resolved,exact_accepted,1.00,3736706
Relevant,abstract,abstract,0,10.19540/j.cnki.cjcmm.20190301.008,scrophularia ningpoensis,'species': 'alternate'}],"['root', 'main stem', 'branch', 'leaf']",present,endophytic,isolated from various tissues of scrophularia ningpoensis,(not provided in text),"zhejiang, china",abstract-csv,doi_10.19540_j.cnki.cjcmm.20190301.008,Relevant,Abstract,Abstract,Presence,10.19540/j.cnki.cjcmm.20190301.008,0,doi:10.19540/j.cnki.cjcmm.20190301.008,int_b5c86e229ae414b3,'species': 'alternate'}],,Unresolved,no_match,0.00,,scrophularia ningpoensis,scrophularia ningpoensis,Resolved,exact_accepted,1.00,3736706
Relevant,abstract,abstract,0,10.19540/j.cnki.cjcmm.20190129.008,eleutherococcus senticosus,dt fungi fraction,NA,present,endophytic,fungi fraction isolated from eleutherococcus senticosus,NA,NA,abstract-csv,doi_10.19540_j.cnki.cjcmm.20190129.008,Relevant,Abstract,Abstract,Presence,10.19540/j.cnki.cjcmm.20190129.008,0,doi:10.19540/j.cnki.cjcmm.20190129.008,int_b415a2a0d322671a,dt fungi fraction,,Unresolved,no_match,0.00,,eleutherococcus senticosus,eleutherococcus senticosus,Resolved,exact_accepted,1.00,3035369
Relevant,abstract,abstract,0,10.1007/s40011-017-0924-2,chlorophytum borivilianum sant and fern.,[fusarium proliferatum,leaf,present,"endophytic, pathogenic (rhizoctonia bataticola, setosphaeria rostrata, bipolaris maydis, diaporthe phaseolorum, fusarium solani, macrophomina phaseolina)",isolated from leaf tissues of chlorophytum borivilianum,NA,india (delhi and hyderabad),abstract-csv,doi_10.1007_s40011-017-0924-2,Relevant,Abstract,Abstract,Presence,10.1007/s40011-017-0924-2,0,doi:10.1007/s40011-017-0924-2,int_edb45a0490d6838b,[fusarium proliferatum,fusarium proliferatum,Resolved,exact_accepted,1.00,5252126,chlorophytum borivilianum sant and fern.,chlorophytum borivilianum,Partially_Resolved,exact_accepted; no_match,0.50,2774899
Relevant,abstract,abstract,0,10.1007/s40011-017-0924-2,chlorophytum borivilianum sant and fern.,rhizoctonia bataticola,leaf,present,"endophytic, pathogenic (rhizoctonia bataticola, setosphaeria rostrata, bipolaris maydis, diaporthe phaseolorum, fusarium solani, macrophomina phaseolina)",isolated from leaf tissues of chlorophytum borivilianum,NA,india (delhi and hyderabad),abstract-csv,doi_10.1007_s40011-017-0924-2,Relevant,Abstract,Abstract,Presence,10.1007/s40011-017-0924-2,0,doi:10.1007/s40011-017-0924-2,int_c22ceace29dc41e7,rhizoctonia bataticola,macrophomina phaseolina,Resolved,synonym_map,0.95,2611508,chlorophytum borivilianum sant and fern.,chlorophytum borivilianum,Partially_Resolved,exact_accepted; no_match,0.50,2774899
Relevant,abstract,abstract,0,10.1007/s40011-017-0924-2,chlorophytum borivilianum sant and fern.,setosphaeria rostrata,leaf,present,"endophytic, pathogenic (rhizoctonia bataticola, setosphaeria rostrata, bipolaris maydis, diaporthe phaseolorum, fusarium solani, macrophomina phaseolina)",isolated from leaf tissues of chlorophytum borivilianum,NA,india (delhi and hyderabad),abstract-csv,doi_10.1007_s40011-017-0924-2,Relevant,Abstract,Abstract,Presence,10.1007/s40011-017-0924-2,0,doi:10.1007/s40011-017-0924-2,int_4b0f86544a010851,setosphaeria rostrata,exserohilum rostratum,Resolved,synonym_map,0.95,2617004,chlorophytum borivilianum sant and fern.,chlorophytum borivilianum,Partially_Resolved,exact_accepted; no_match,0.50,2774899
Relevant,abstract,abstract,0,10.1007/s40011-017-0924-2,chlorophytum borivilianum sant and fern.,bipolaris maydis,leaf,present,"endophytic, pathogenic (rhizoctonia bataticola, setosphaeria rostrata, bipolaris maydis, diaporthe phaseolorum, fusarium solani, macrophomina phaseolina)",isolated from leaf tissues of chlorophytum borivilianum,NA,india (delhi and hyderabad),abstract-csv,doi_10.1007_s40011-017-0924-2,Relevant,Abstract,Abstract,Presence,10.1007/s40011-017-0924-2,0,doi:10.1007/s40011-017-0924-2,int_cdb01852eb53e62e,bipolaris maydis,cochliobolus heterostrophus,Resolved,synonym_map,0.95,2615946,chlorophytum borivilianum sant and fern.,chlorophytum borivilianum,Partially_Resolved,exact_accepted; no_match,0.50,2774899
Relevant,abstract,abstract,0,10.1007/s40011-017-0924-2,chlorophytum borivilianum sant and fern.,diaporthe phaseolorum,leaf,present,"endophytic, pathogenic (rhizoctonia bataticola, setosphaeria rostrata, bipolaris maydis, diaporthe phaseolorum, fusarium solani, macrophomina phaseolina)",isolated from leaf tissues of chlorophytum borivilianum,NA,india (delhi and hyderabad),abstract-csv,doi_10.1007_s40011-017-0924-2,Relevant,Abstract,Abstract,Presence,10.1007/s40011-017-0924-2,0,doi:10.1007/s40011-017-0924-2,int_1b556f69dfb12625,diaporthe phaseolorum,diaporthe phaseolorum,Resolved,exact_accepted,1.00,3444449,chlorophytum borivilianum sant and fern.,chlorophytum borivilianum,Partially_Resolved,exact_accepted; no_match,0.50,2774899
Relevant,abstract,abstract,0,10.1007/s40011-017-0924-2,chlorophytum borivilianum sant and fern.,fusarium solani,leaf,present,"endophytic, pathogenic (rhizoctonia bataticola, setosphaeria rostrata, bipolaris maydis, diaporthe phaseolorum, fusarium solani, macrophomina phaseolina)",isolated from leaf tissues of chlorophytum borivilianum,NA,india (delhi and hyderabad),abstract-csv,doi_10.1007_s40011-017-0924-2,Relevant,Abstract,Abstract,Presence,10.1007/s40011-017-0924-2,0,doi:10.1007/s40011-017-0924-2,int_5906fc2ca96f5c3c,fusarium solani,fusarium solani,Resolved,exact_accepted,1.00,9581851,chlorophytum borivilianum sant and fern.,chlorophytum borivilianum,Partially_Resolved,exact_accepted; no_match,0.50,2774899
Relevant,abstract,abstract,0,10.1007/s40011-017-0924-2,chlorophytum borivilianum sant and fern.,macrophomina phaseolina],leaf,present,"endophytic, pathogenic (rhizoctonia bataticola, setosphaeria rostrata, bipolaris maydis, diaporthe phaseolorum, fusarium solani, macrophomina phaseolina)",isolated from leaf tissues of chlorophytum borivilianum,NA,india (delhi and hyderabad),abstract-csv,doi_10.1007_s40011-017-0924-2,Relevant,Abstract,Abstract,Presence,10.1007/s40011-017-0924-2,0,doi:10.1007/s40011-017-0924-2,int_f666ed2f41c2a7ed,macrophomina phaseolina],macrophomina phaseolina,Resolved,exact_accepted,1.00,2611508,chlorophytum borivilianum sant and fern.,chlorophytum borivilianum,Partially_Resolved,exact_accepted; no_match,0.50,2774899
Relevant,full-text,full-text,5,10.7324/japs.2019.90302,padina sp.,trichoderma harzianum,NA,present,"endophytic, antimicrobial activity",isolated from marine brown algae padina sp.,marine,indonesia,full-text,doi_10.7324_japs.2019.90302,Relevant,Full-Text,Full-Text,Presence,10.7324/japs.2019.90302,5,doi:10.7324/japs.2019.90302,int_e0e3e14203247956,trichoderma harzianum,trichoderma harzianum,Resolved,exact_accepted,1.00,5251352,padina sp.,,Unresolved,no_match,0.00,
Relevant,abstract,abstract,0,10.17582/journal.sja/2019/35.1.109.115,helianthus annuus (sunflower),a. niger,NA,present,endophytic,inoculation of sunflower with endophytic fungi alters soil physico-chemical properties to nullify drought stress,NA,NA,abstract-csv,doi_10.17582_journal.sja_2019_35.1.109.115,Relevant,Abstract,Abstract,Presence,10.17582/journal.sja/2019/35.1.109.115,0,doi:10.17582/journal.sja/2019/35.1.109.115,int_1cb08103cad021f9,a. niger,abrothallus niger,Resolved,abbreviation_context_first,0.55,10888143,helianthus annuus (sunflower),helianthus annuus,Resolved,exact_accepted,1.00,9206251
Relevant,abstract,abstract,0,10.7501/j.issn.0253-2670.2019.04.025,scrophularia ningpoensis,diaporthe (strain isolated from zhejiang province),not specified in the text,present,endophytic,isolated from s. ningpoensis in zhejiang province,NA,china,abstract-csv,doi_10.7501_j.issn.0253-2670.2019.04.025,Relevant,Abstract,Abstract,Presence,10.7501/j.issn.0253-2670.2019.04.025,0,doi:10.7501/j.issn.0253-2670.2019.04.025,int_4cdcb933f9cb3d1e,diaporthe (strain isolated from zhejiang province),diaporthe,Resolved,exact_accepted,1.00,2566075,scrophularia ningpoensis,scrophularia ningpoensis,Resolved,exact_accepted,1.00,3736706
Relevant,abstract,abstract,0,10.13057/biodiv/d200236,melaleuca cajuputi powell,aspergillus (unspecified species),leaf waste,present,endophytic,isolated from two-month-old cajuput leaf waste.,NA,indonesia,abstract-csv,doi_10.13057_biodiv_d200236,Relevant,Abstract,Abstract,Presence,10.13057/biodiv/d200236,0,doi:10.13057/biodiv/d200236,int_85af96928e56c3cb,aspergillus (unspecified species),aspergillus,Resolved,exact_accepted,1.00,8884233,melaleuca cajuputi powell,melaleuca cajuputi,Resolved,exact_accepted,1.00,5415885
Relevant,abstract,abstract,0,10.1007/s42360-018-0086-z,sorghum bicolor (sweet sorghum),exserohilum turcicum,leaf,present,pathogenic,causing leaf blight,NA,india,abstract-csv,doi_10.1007_s42360-018-0086-z,Relevant,Abstract,Abstract,Presence,10.1007/s42360-018-0086-z,0,doi:10.1007/s42360-018-0086-z,int_16eeebf075b36f2a,exserohilum turcicum,exserohilum turcicum,Resolved,exact_accepted,1.00,2616982,sorghum bicolor (sweet sorghum),sorghum bicolor,Resolved,exact_accepted,1.00,2705181
Relevant,abstract,abstract,0,10.19540/j.cnki.cjcmm.20181204.007,chelidonium majus,['colletotrichum (l1,"roots, stems, leaves",present,endophytic,"isolated from roots, stems and leaves by traditional method",NA,NA,abstract-csv,doi_10.19540_j.cnki.cjcmm.20181204.007,Relevant,Abstract,Abstract,Presence,10.19540/j.cnki.cjcmm.20181204.007,0,doi:10.19540/j.cnki.cjcmm.20181204.007,int_54fabecf5472b07a,['colletotrichum (l1,,Unresolved,no_match,0.00,,chelidonium majus,chelidonium majus,Resolved,exact_accepted,1.00,5334186
Relevant,abstract,abstract,0,10.19540/j.cnki.cjcmm.20181204.007,chelidonium majus,l2,"roots, stems, leaves",present,endophytic,"isolated from roots, stems and leaves by traditional method",NA,NA,abstract-csv,doi_10.19540_j.cnki.cjcmm.20181204.007,Relevant,Abstract,Abstract,Presence,10.19540/j.cnki.cjcmm.20181204.007,0,doi:10.19540/j.cnki.cjcmm.20181204.007,int_82905c86414066ed,l2,,Unresolved,no_match,0.00,,chelidonium majus,chelidonium majus,Resolved,exact_accepted,1.00,5334186
Relevant,abstract,abstract,0,10.19540/j.cnki.cjcmm.20181204.007,chelidonium majus,l3,"roots, stems, leaves",present,endophytic,"isolated from roots, stems and leaves by traditional method",NA,NA,abstract-csv,doi_10.19540_j.cnki.cjcmm.20181204.007,Relevant,Abstract,Abstract,Presence,10.19540/j.cnki.cjcmm.20181204.007,0,doi:10.19540/j.cnki.cjcmm.20181204.007,int_49f99b4a3071661f,l3,,Unresolved,no_match,0.00,,chelidonium majus,chelidonium majus,Resolved,exact_accepted,1.00,5334186
Relevant,abstract,abstract,0,10.19540/j.cnki.cjcmm.20181204.007,chelidonium majus,s1,"roots, stems, leaves",present,endophytic,"isolated from roots, stems and leaves by traditional method",NA,NA,abstract-csv,doi_10.19540_j.cnki.cjcmm.20181204.007,Relevant,Abstract,Abstract,Presence,10.19540/j.cnki.cjcmm.20181204.007,0,doi:10.19540/j.cnki.cjcmm.20181204.007,int_0bed8e034db26e67,s1,,Unresolved,no_match,0.00,,chelidonium majus,chelidonium majus,Resolved,exact_accepted,1.00,5334186
Relevant,abstract,abstract,0,10.19540/j.cnki.cjcmm.20181204.007,chelidonium majus,s3,"roots, stems, leaves",present,endophytic,"isolated from roots, stems and leaves by traditional method",NA,NA,abstract-csv,doi_10.19540_j.cnki.cjcmm.20181204.007,Relevant,Abstract,Abstract,Presence,10.19540/j.cnki.cjcmm.20181204.007,0,doi:10.19540/j.cnki.cjcmm.20181204.007,int_ccbaa649485dd8aa,s3,,Unresolved,no_match,0.00,,chelidonium majus,chelidonium majus,Resolved,exact_accepted,1.00,5334186
Relevant,abstract,abstract,0,10.19540/j.cnki.cjcmm.20181204.007,chelidonium majus,s4,"roots, stems, leaves",present,endophytic,"isolated from roots, stems and leaves by traditional method",NA,NA,abstract-csv,doi_10.19540_j.cnki.cjcmm.20181204.007,Relevant,Abstract,Abstract,Presence,10.19540/j.cnki.cjcmm.20181204.007,0,doi:10.19540/j.cnki.cjcmm.20181204.007,int_05de281644108178,s4,,Unresolved,no_match,0.00,,chelidonium majus,chelidonium majus,Resolved,exact_accepted,1.00,5334186
Relevant,abstract,abstract,0,10.19540/j.cnki.cjcmm.20181204.007,chelidonium majus,s5)',"roots, stems, leaves",present,endophytic,"isolated from roots, stems and leaves by traditional method",NA,NA,abstract-csv,doi_10.19540_j.cnki.cjcmm.20181204.007,Relevant,Abstract,Abstract,Presence,10.19540/j.cnki.cjcmm.20181204.007,0,doi:10.19540/j.cnki.cjcmm.20181204.007,int_16e4d7fb4a29cdec,s5)',,Unresolved,no_match,0.00,,chelidonium majus,chelidonium majus,Resolved,exact_accepted,1.00,5334186
Relevant,abstract,abstract,0,10.19540/j.cnki.cjcmm.20181204.007,chelidonium majus,'fusarium (r1,"roots, stems, leaves",present,endophytic,"isolated from roots, stems and leaves by traditional method",NA,NA,abstract-csv,doi_10.19540_j.cnki.cjcmm.20181204.007,Relevant,Abstract,Abstract,Presence,10.19540/j.cnki.cjcmm.20181204.007,0,doi:10.19540/j.cnki.cjcmm.20181204.007,int_804ad5925e17087f,'fusarium (r1,,Unresolved,no_match,0.00,,chelidonium majus,chelidonium majus,Resolved,exact_accepted,1.00,5334186
Relevant,abstract,abstract,0,10.19540/j.cnki.cjcmm.20181204.007,chelidonium majus,r2,"roots, stems, leaves",present,endophytic,"isolated from roots, stems and leaves by traditional method",NA,NA,abstract-csv,doi_10.19540_j.cnki.cjcmm.20181204.007,Relevant,Abstract,Abstract,Presence,10.19540/j.cnki.cjcmm.20181204.007,0,doi:10.19540/j.cnki.cjcmm.20181204.007,int_71fe847d98cbd62d,r2,,Unresolved,no_match,0.00,,chelidonium majus,chelidonium majus,Resolved,exact_accepted,1.00,5334186
Relevant,abstract,abstract,0,10.19540/j.cnki.cjcmm.20181204.007,chelidonium majus,r3)'],"roots, stems, leaves",present,endophytic,"isolated from roots, stems and leaves by traditional method",NA,NA,abstract-csv,doi_10.19540_j.cnki.cjcmm.20181204.007,Relevant,Abstract,Abstract,Presence,10.19540/j.cnki.cjcmm.20181204.007,0,doi:10.19540/j.cnki.cjcmm.20181204.007,int_2cf6a6b09e3457e2,r3)'],,Unresolved,no_match,0.00,,chelidonium majus,chelidonium majus,Resolved,exact_accepted,1.00,5334186
Relevant,abstract,abstract,0,10.7501/j.issn.0253-2670.2019.05.030,paris polyphylla var. chinensis,roseodiscus (dominant endophyte in rhizome),rhizome,present,endophytic,isolated from rhizome,NA,NA,abstract-csv,doi_10.7501_j.issn.0253-2670.2019.05.030,Relevant,Abstract,Abstract,Presence,10.7501/j.issn.0253-2670.2019.05.030,0,doi:10.7501/j.issn.0253-2670.2019.05.030,int_bd80b2cc4640bfc4,roseodiscus (dominant endophyte in rhizome),roseodiscus,Resolved,exact_accepted,1.00,10911592,paris polyphylla var. chinensis,paris polyphylla,Resolved,exact_accepted,1.00,5295929
Relevant,abstract,abstract,0,10.1080/14786419.2018.1452003,santalum album,colletotrichum sp.,leaf,present,endophytic,isolated from leaves,NA,NA,abstract-csv,doi_10.1080_14786419.2018.1452003,Relevant,Abstract,Abstract,Presence,10.1080/14786419.2018.1452003,0,doi:10.1080/14786419.2018.1452003,int_4cf47324285534c9,colletotrichum sp.,colletotrichum,Resolved,exact_accepted,1.00,2563219,santalum album,santalum album,Resolved,exact_accepted,1.00,2889785
Relevant,abstract,abstract,0,10.1016/j.chnaes.2018.06.005,cunninghamia lanceolata,serendipita indica,root,present,mutualistic,"symbiotic interaction, hyphae suspension solution added to roots of seedlings",not specified in the text,southern china,abstract-csv,doi_10.1016_j.chnaes.2018.06.005,Relevant,Abstract,Abstract,Presence,10.1016/j.chnaes.2018.06.005,0,doi:10.1016/j.chnaes.2018.06.005,int_6ac08f950a2e8572,serendipita indica,serendipita indica,Resolved,exact_accepted,1.00,9711144,cunninghamia lanceolata,cunninghamia lanceolata,Resolved,exact_accepted,1.00,5284278
Relevant,abstract,abstract,0,10.1016/j.micres.2018.11.003,vitis vinifera (grapevine),botrytis cinerea,inner grapevine tissues (in vivo) and leaves (in vitro),present,pathogenic,p. protegens mp12 exhibits antifungal activity against these phytopathogens.,warm-temperate deciduous forest,italy,abstract-csv,doi_10.1016_j.micres.2018.11.003,Relevant,Abstract,Abstract,Presence,10.1016/j.micres.2018.11.003,0,doi:10.1016/j.micres.2018.11.003,int_1d90a6e629e17a41,botrytis cinerea,botrytis cinerea,Resolved,exact_accepted,1.00,2583139,vitis vinifera (grapevine),vitis vinifera,Resolved,exact_accepted,1.00,5372392
Relevant,abstract,abstract,0,10.1016/j.micres.2018.11.003,vitis vinifera (grapevine),alternaria alternata,inner grapevine tissues (in vivo) and leaves (in vitro),present,pathogenic,p. protegens mp12 exhibits antifungal activity against these phytopathogens.,warm-temperate deciduous forest,italy,abstract-csv,doi_10.1016_j.micres.2018.11.003,Relevant,Abstract,Abstract,Presence,10.1016/j.micres.2018.11.003,0,doi:10.1016/j.micres.2018.11.003,int_ec3ac57aaeaec68b,alternaria alternata,alternaria alternata,Resolved,exact_accepted,1.00,2616163,vitis vinifera (grapevine),vitis vinifera,Resolved,exact_accepted,1.00,5372392
Relevant,abstract,abstract,0,10.1016/j.micres.2018.11.003,vitis vinifera (grapevine),aspergillus niger,inner grapevine tissues (in vivo) and leaves (in vitro),present,pathogenic,p. protegens mp12 exhibits antifungal activity against these phytopathogens.,warm-temperate deciduous forest,italy,abstract-csv,doi_10.1016_j.micres.2018.11.003,Relevant,Abstract,Abstract,Presence,10.1016/j.micres.2018.11.003,0,doi:10.1016/j.micres.2018.11.003,int_b249b86d3fed784f,aspergillus niger,aspergillus niger,Resolved,exact_accepted,1.00,3465658,vitis vinifera (grapevine),vitis vinifera,Resolved,exact_accepted,1.00,5372392
Relevant,abstract,abstract,0,10.1016/j.micres.2018.11.003,vitis vinifera (grapevine),penicillium expansum,inner grapevine tissues (in vivo) and leaves (in vitro),present,pathogenic,p. protegens mp12 exhibits antifungal activity against these phytopathogens.,warm-temperate deciduous forest,italy,abstract-csv,doi_10.1016_j.micres.2018.11.003,Relevant,Abstract,Abstract,Presence,10.1016/j.micres.2018.11.003,0,doi:10.1016/j.micres.2018.11.003,int_ec1cce6254b34c09,penicillium expansum,penicillium expansum,Resolved,exact_accepted,1.00,2597789,vitis vinifera (grapevine),vitis vinifera,Resolved,exact_accepted,1.00,5372392
Relevant,abstract,abstract,0,10.1016/j.micres.2018.11.003,vitis vinifera (grapevine),neofusicoccum parvum,inner grapevine tissues (in vivo) and leaves (in vitro),present,pathogenic,p. protegens mp12 exhibits antifungal activity against these phytopathogens.,warm-temperate deciduous forest,italy,abstract-csv,doi_10.1016_j.micres.2018.11.003,Relevant,Abstract,Abstract,Presence,10.1016/j.micres.2018.11.003,0,doi:10.1016/j.micres.2018.11.003,int_ab63b07403291bfb,neofusicoccum parvum,neofusicoccum parvum,Resolved,exact_accepted,1.00,2611893,vitis vinifera (grapevine),vitis vinifera,Resolved,exact_accepted,1.00,5372392
Relevant,abstract,abstract,0,10.1016/j.micres.2018.11.003,vitis vinifera (grapevine),phaeomoniella chlamydospora,inner grapevine tissues (in vivo) and leaves (in vitro),present,pathogenic,p. protegens mp12 exhibits antifungal activity against these phytopathogens.,warm-temperate deciduous forest,italy,abstract-csv,doi_10.1016_j.micres.2018.11.003,Relevant,Abstract,Abstract,Presence,10.1016/j.micres.2018.11.003,0,doi:10.1016/j.micres.2018.11.003,int_01fb381c9d03724f,phaeomoniella chlamydospora,phaeomoniella chlamydospora,Resolved,exact_accepted,1.00,2598633,vitis vinifera (grapevine),vitis vinifera,Resolved,exact_accepted,1.00,5372392
Relevant,abstract,abstract,0,10.1016/j.micres.2018.11.003,vitis vinifera (grapevine),phaeoacremonium aleophilum,inner grapevine tissues (in vivo) and leaves (in vitro),present,pathogenic,p. protegens mp12 exhibits antifungal activity against these phytopathogens.,warm-temperate deciduous forest,italy,abstract-csv,doi_10.1016_j.micres.2018.11.003,Relevant,Abstract,Abstract,Presence,10.1016/j.micres.2018.11.003,0,doi:10.1016/j.micres.2018.11.003,int_6ebb592b8bcec932,phaeoacremonium aleophilum,phaeoacremonium minimum,Resolved,synonym_map,0.95,9683310,vitis vinifera (grapevine),vitis vinifera,Resolved,exact_accepted,1.00,5372392
Relevant,abstract,abstract,0,10.7501/j.issn.0253-2670.2019.05.006,paeonia lactiflora,alternaria alternate,NA,present,endophytic,isolated from plant host,NA,NA,abstract-csv,doi_10.7501_j.issn.0253-2670.2019.05.006,Relevant,Abstract,Abstract,Presence,10.7501/j.issn.0253-2670.2019.05.006,0,doi:10.7501/j.issn.0253-2670.2019.05.006,int_087163419afbebdf,alternaria alternate,,Unresolved,no_match,0.00,,paeonia lactiflora,paeonia lactiflora,Resolved,exact_accepted,1.00,3083486
Relevant,abstract,abstract,0,10.1111/lam.13090,panax ginseng,flavobacterium sp.,NA,present,endophytic,isolated from panax ginseng,NA,NA,abstract-csv,doi_10.1111_lam.13090,Relevant,Abstract,Abstract,Presence,10.1111/lam.13090,0,doi:10.1111/lam.13090,int_fba445b6c655ddea,flavobacterium sp.,,Unresolved,no_match,0.00,,panax ginseng,panax ginseng,Resolved,exact_accepted,1.00,5372262
Relevant,abstract,abstract,0,10.1007/s10482-018-1157-y,sugarcane (saccharum spp.),bipolaris sacchari,NA,present,"pathogenic (for b. sacchari and c. paradoxa), unknown (for bacteria)",bacteria inhibit the growth of bipolaris sacchari and ceratocystis paradoxa,agricultural field,NA,abstract-csv,doi_10.1007_s10482-018-1157-y,Relevant,Abstract,Abstract,Presence,10.1007/s10482-018-1157-y,0,doi:10.1007/s10482-018-1157-y,int_2e96cb690f7f6b2b,bipolaris sacchari,bipolaris sacchari,Resolved,exact_accepted,1.00,2617187,sugarcane (saccharum spp.),,Unresolved,no_match,0.00,
Relevant,abstract,abstract,0,10.1007/s10482-018-1157-y,sugarcane (saccharum spp.),ceratocystis paradoxa,NA,present,"pathogenic (for b. sacchari and c. paradoxa), unknown (for bacteria)",bacteria inhibit the growth of bipolaris sacchari and ceratocystis paradoxa,agricultural field,NA,abstract-csv,doi_10.1007_s10482-018-1157-y,Relevant,Abstract,Abstract,Presence,10.1007/s10482-018-1157-y,0,doi:10.1007/s10482-018-1157-y,int_0ad2c6e9e4e8ef70,ceratocystis paradoxa,ceratocystis paradoxa,Resolved,exact_accepted,1.00,5252313,sugarcane (saccharum spp.),,Unresolved,no_match,0.00,
Relevant,abstract,abstract,0,10.1016/j.phytol.2018.11.012,tricyrtis maculate,phoma bellidis,rice fermentation extract (implicitly roots),present,endophytic,isolated from rice fermentation extract,NA,NA,abstract-csv,doi_10.1016_j.phytol.2018.11.012,Relevant,Abstract,Abstract,Presence,10.1016/j.phytol.2018.11.012,0,doi:10.1016/j.phytol.2018.11.012,int_a5d8b65108482191,phoma bellidis,didymella bellidis,Resolved,synonym_map,0.95,9733674,tricyrtis maculate,,Unresolved,no_match,0.00,
Relevant,abstract,abstract,0,10.17521/cjpe.2018.0242,achnatherum sibiricum,epichlo?,NA,present,endophytic,affects the intraspecific and interspecific competitive ability of the host plants.,NA,NA,abstract-csv,doi_10.17521_cjpe.2018.0242,Relevant,Abstract,Abstract,Presence,10.17521/cjpe.2018.0242,0,doi:10.17521/cjpe.2018.0242,int_0e720ca6ba3c51b9,epichlo?,,Unresolved,no_match,0.00,,achnatherum sibiricum,achnatherum sibiricum,Resolved,exact_accepted,1.00,4141276
Relevant,abstract,abstract,0,10.1007/s10123-018-00034-4,brassica oleracea var. capitata (cabbage),pathogenic fungus (not specified at species level),NA,present,antagonistic,"isolated from cabbage kimchi environment, able to inhibit pathogenic fungal spore formation",NA,NA,abstract-csv,doi_10.1007_s10123-018-00034-4,Relevant,Abstract,Abstract,Presence,10.1007/s10123-018-00034-4,0,doi:10.1007/s10123-018-00034-4,int_123e7c88d9501a8f,pathogenic fungus (not specified at species level),,Unresolved,no_match,0.00,,brassica oleracea var. capitata (cabbage),brassica oleracea,Resolved,exact_accepted,1.00,3042845
Relevant,abstract,abstract,0,10.3785/j.issn.1008-9209.2018.02.022,rehmannia glutinosa libosch,monascus sanguineus,NA,present,endophytic,isolated from medicinal plant rehmannia glutinosa libosch,NA,china,abstract-csv,doi_10.3785_j.issn.1008-9209.2018.02.022,Relevant,Abstract,Abstract,Presence,10.3785/j.issn.1008-9209.2018.02.022,0,doi:10.3785/j.issn.1008-9209.2018.02.022,int_2e24c71dfce952f2,monascus sanguineus,monascus sanguineus,Resolved,exact_accepted,1.00,5490513,rehmannia glutinosa libosch,rehmannia glutinosa,Resolved,exact_accepted,1.00,7516558
Relevant,full-text,full-text,7,10.7324/jabb.2019.70207,ocimum sanctum linn.,lasiodiplodia pseudotheobromae,leaf,present,endophytic,isolated from leaf tissue.,NA,malaysia,full-text,doi_10.7324_jabb.2019.70207,Relevant,Full-Text,Full-Text,Presence,10.7324/jabb.2019.70207,7,doi:10.7324/jabb.2019.70207,int_17a2f815462468bf,lasiodiplodia pseudotheobromae,lasiodiplodia pseudotheobromae,Resolved,exact_accepted,1.00,3517913,ocimum sanctum linn.,ocimum tenuiflorum,Resolved,synonym_map,0.95,2927100
Relevant,abstract,abstract,0,10.1007/s10526-018-09916-y,capsicum annuum l.,trichoderma asperellum (samuels,NA,present,biocontrol agent,isolated for controlling powdery mildew (leveillula taurica),greenhouse and field,NA,abstract-csv,doi_10.1007_s10526-018-09916-y,Relevant,Abstract,Abstract,Presence,10.1007/s10526-018-09916-y,0,doi:10.1007/s10526-018-09916-y,int_7e7f97066195cca1,trichoderma asperellum (samuels,trichoderma asperellum,Resolved,exact_accepted,1.00,5251325,capsicum annuum l.,capsicum annuum,Resolved,exact_accepted,1.00,2932944
Relevant,abstract,abstract,0,10.1007/s10526-018-09916-y,capsicum annuum l.,lieckf. & nirenberg),NA,present,biocontrol agent,isolated for controlling powdery mildew (leveillula taurica),greenhouse and field,NA,abstract-csv,doi_10.1007_s10526-018-09916-y,Relevant,Abstract,Abstract,Presence,10.1007/s10526-018-09916-y,0,doi:10.1007/s10526-018-09916-y,int_8ae0487fbce6b011,lieckf. & nirenberg),,Unresolved,no_match,0.00,,capsicum annuum l.,capsicum annuum,Resolved,exact_accepted,1.00,2932944
Relevant,abstract,abstract,0,10.7501/j.issn.0253-2670.2019.03.027,acanthopanax senticosus,endophytic fungi (five unspecified strains),seeds,present,endophytic,"isolated from acanthopanax senticosus seeds, promoted seed germination, and influenced hormone content and enzyme activity.",NA,NA,abstract-csv,doi_10.7501_j.issn.0253-2670.2019.03.027,Relevant,Abstract,Abstract,Presence,10.7501/j.issn.0253-2670.2019.03.027,0,doi:10.7501/j.issn.0253-2670.2019.03.027,int_ec23a63f911af1d6,endophytic fungi (five unspecified strains),,Unresolved,descriptor_non_taxon,0.00,,acanthopanax senticosus,eleutherococcus senticosus,Resolved,synonym_map,0.95,3035369
Relevant,full-text,full-text,13,10.5658/wood.2019.47.4.459,aquilaria malaccensis,apodus oryzae,NA,present,endophytic,isolated from agarwood-producing trees,tropical forest,indonesia,full-text,doi_10.5658_wood.2019.47.4.459,Relevant,Full-Text,Full-Text,Presence,10.5658/wood.2019.47.4.459,13,doi:10.5658/wood.2019.47.4.459,int_2e2aabfdd7ca595a,apodus oryzae,apodus oryzae,Resolved,exact_accepted,1.00,2573076,aquilaria malaccensis,aquilaria malaccensis,Resolved,exact_accepted,1.00,5524063
Relevant,abstract,abstract,0,10.16333/j.1001-6880.2019.3.013,kandelia candel,colletotrichum sp. scsio kcb3-2,NA,present,endophytic,isolated from mangrove plant kandelia candel,mangrove,NA,abstract-csv,doi_10.16333_j.1001-6880.2019.3.013,Relevant,Abstract,Abstract,Presence,10.16333/j.1001-6880.2019.3.013,0,doi:10.16333/j.1001-6880.2019.3.013,int_acf70c33a09cd37a,colletotrichum sp. scsio kcb3-2,colletotrichum,Resolved,exact_accepted,1.00,2563219,kandelia candel,kandelia candel,Resolved,exact_accepted,1.00,3874179
Relevant,full-text,full-text,17,10.7324/japs.2019.90116,artocarpus heterophyllus,pestalotiopsis microspora,stem,present,endophytic,isolated from surface-sterilized roots,"garden of school of pharmacy in bandung institute of technology, indonesia",indonesia,full-text,doi_10.7324_japs.2019.90116,Relevant,Full-Text,Full-Text,Presence,10.7324/japs.2019.90116,17,doi:10.7324/japs.2019.90116,int_c676820456704d80,pestalotiopsis microspora,pestalotiopsis microspora,Resolved,exact_accepted,1.00,2574966,artocarpus heterophyllus,artocarpus heterophyllus,Resolved,exact_accepted,1.00,2984565
Relevant,abstract,abstract,0,10.5943/sif/4/1/21,basella alba l.,alternaria (genus level),leaf,present,endophytic,"isolated from healthy and fresh leaves, vertical transmission observed",botanical garden,india,abstract-csv,doi_10.5943_sif_4_1_21,Relevant,Abstract,Abstract,Presence,10.5943/sif/4/1/21,0,doi:10.5943/sif/4/1/21,int_956cba1258cfa7b6,alternaria (genus level),alternaria,Resolved,exact_accepted,1.00,7388975,basella alba l.,basella alba,Resolved,exact_accepted,1.00,3083504
Relevant,abstract,abstract,0,10.16333/j.1001-6880.2019.4.012,tephrosia purpurea,purureocillium lilacinum (tpl04),leaves,present,endophytic,isolated from leaves,NA,NA,abstract-csv,doi_10.16333_j.1001-6880.2019.4.012,Relevant,Abstract,Abstract,Presence,10.16333/j.1001-6880.2019.4.012,0,doi:10.16333/j.1001-6880.2019.4.012,int_db1ea97c7b74d283,purureocillium lilacinum (tpl04),,Unresolved,no_match,0.00,,tephrosia purpurea,tephrosia purpurea,Resolved,exact_accepted,1.00,5342239
Relevant,abstract,abstract,0,10.13386/j.issn1002-0306.2019.08.021,astragalus membranaceus,aspergillus niger,root,present,endophytic,isolated from roots using histology method and identified by morphological and molecular biology methods,(not provided in text),(not provided in text),abstract-csv,doi_10.13386_j.issn1002-0306.2019.08.021,Relevant,Abstract,Abstract,Presence,10.13386/j.issn1002-0306.2019.08.021,0,doi:10.13386/j.issn1002-0306.2019.08.021,int_ed8af640a754f609,aspergillus niger,aspergillus niger,Resolved,exact_accepted,1.00,3465658,astragalus membranaceus,astragalus mongholicus,Resolved,synonym_map,0.95,5345341
Relevant,full-text,abstract,0,10.13057/biodiv/d200929,swietenia mahagoni l. jacq,cladosporium tenuissimum,leaf stalks,present,symbiotic,"isolated from leaf stalks of s. mahagoni, found to produce bioactive compounds in a symbiotic relationship",NA,indonesia,abstract-csv,doi_10.13057_biodiv_d200929,Relevant,Full-Text,Full-Text,Presence,10.13057/biodiv/d200929,0,doi:10.13057/biodiv/d200929,int_64c037303a2cc294,cladosporium tenuissimum,cladosporium tenuissimum,Resolved,exact_accepted,1.00,2620623,swietenia mahagoni l. jacq,swietenia mahagoni,Resolved,exact_accepted,1.00,3190485
Relevant,abstract,abstract,0,10.2174/1573407214666180312143655,calotropis procera l.,aspergillus nomius,"leaf, stem and root",present,endophytic,"isolated from calotropis procera leaves, stem and root",NA,NA,abstract-csv,doi_10.2174_1573407214666180312143655,Relevant,Abstract,Abstract,Presence,10.2174/1573407214666180312143655,0,doi:10.2174/1573407214666180312143655,int_f6b478bf9e4ab1bb,aspergillus nomius,aspergillus nomius,Resolved,exact_accepted,1.00,5259928,calotropis procera l.,calotropis procera,Resolved,exact_accepted,1.00,5414566
Relevant,abstract,abstract,0,10.11829/j.issn.1001-0629.2018-0440,hordeum (genus),epichlo? (genus),above-ground plant tissues,present,"endophytic, mutualistic",inhabit the plant without causing disease symptoms; improve host's ability to deal with biotic and abiotic stress,NA,china and abroad,abstract-csv,doi_10.11829_j.issn.1001-0629.2018-0440,Relevant,Abstract,Abstract,Presence,10.11829/j.issn.1001-0629.2018-0440,0,doi:10.11829/j.issn.1001-0629.2018-0440,int_e6e5189399993fe5,epichlo? (genus),,Unresolved,no_match,0.00,,hordeum (genus),hordeum,Resolved,exact_accepted,1.00,2706050
Relevant,full-text,full-text,7,10.7324/japs.2019.91111,curcuma mangga valeton & zijp,ceratobasidium ramicola ibrlcm127,rhizome,present,endophytic,isolated from rhizome of local medicinal plant,NA,malaysia,full-text,doi_10.7324_japs.2019.91111,Relevant,Full-Text,Full-Text,Presence,10.7324/japs.2019.91111,7,doi:10.7324/japs.2019.91111,int_3a5b7a5b07f2045d,ceratobasidium ramicola ibrlcm127,ceratobasidium ramicola,Resolved,exact_accepted,1.00,2555133,curcuma mangga valeton & zijp,curcuma mangga,Resolved,exact_accepted,1.00,2757639
Relevant,abstract,abstract,0,10.21577/0100-4042.20170380,not specified in the text,brazilian endophytic fungi (unspecified species),health tissues of plants,present,endophytic,live in symbiosis with health tissues of plants,brazilian biodiversity,brazil,abstract-csv,doi_10.21577_0100-4042.20170380,Relevant,Abstract,Abstract,Presence,10.21577/0100-4042.20170380,0,doi:10.21577/0100-4042.20170380,int_99a43ea13a57f9f5,brazilian endophytic fungi (unspecified species),,Unresolved,no_match,0.00,,not specified in the text,,Unresolved,empty,0.00,
Relevant,abstract,abstract,0,10.4489/kjm.20190015,abies nephrolepis,rhizosphaera pini,not specified in text,present,endophytic,isolated from sub-alpine coniferous tree abies nephrolepis,sub-alpine,korea (gangwon province),abstract-csv,doi_10.4489_kjm.20190015,Relevant,Abstract,Abstract,Presence,10.4489/kjm.20190015,0,doi:10.4489/kjm.20190015,int_c541e43172038e77,rhizosphaera pini,rhizosphaera pini,Resolved,exact_accepted,1.00,5262902,abies nephrolepis,abies nephrolepis,Resolved,exact_accepted,1.00,2685601
Relevant,abstract,abstract,0,10.1055/a-0853-7793,paepalanthus planifolius,paraphaeosphaeria sp. f03,leaves,present,endophytic,isolated from leaves,NA,NA,abstract-csv,doi_10.1055_a-0853-7793,Relevant,Abstract,Abstract,Presence,10.1055/a-0853-7793,0,doi:10.1055/a-0853-7793,int_98e88782042eb455,paraphaeosphaeria sp. f03,paraphaeosphaeria,Resolved,exact_accepted,1.00,2614172,paepalanthus planifolius,paepalanthus planifolius,Resolved,exact_accepted,1.00,5287005
Relevant,abstract,abstract,0,10.1080/21501203.2018.1541933,catharanthus roseus (l.) g. don,alternaria alternata,leaves,present,endophytic,isolated from leaves,NA,NA,abstract-csv,doi_10.1080_21501203.2018.1541933,Relevant,Abstract,Abstract,Presence,10.1080/21501203.2018.1541933,0,doi:10.1080/21501203.2018.1541933,int_3ba4b445d6061fd5,alternaria alternata,alternaria alternata,Resolved,exact_accepted,1.00,2616163,catharanthus roseus (l.) g. don,catharanthus roseus,Resolved,exact_accepted,1.00,3169830
Relevant,abstract,abstract,0,10.7606/j.issn.1000-7601.2019.03.07,sophora alopecuroides l.,xkgkdf40,tissue culture seedlings,present,endophytic,isolated from sophora alopecuroides l.,NA,NA,abstract-csv,doi_10.7606_j.issn.1000-7601.2019.03.07,Relevant,Abstract,Abstract,Presence,10.7606/j.issn.1000-7601.2019.03.07,0,doi:10.7606/j.issn.1000-7601.2019.03.07,int_462683450ed2cbb8,xkgkdf40,,Unresolved,no_match,0.00,,sophora alopecuroides l.,sophora alopecuroides,Resolved,exact_accepted,1.00,2959035
Relevant,abstract,abstract,0,10.30843/nzpp.2019.72.257,brassica oleracea var. capita (new zealand cabbage),lecanicillium muscarium,leaf discs,present,biocontrol agent,isolated from surface-sterilized new zealand cabbage plants for biological control of diamondback moth larvae,NA,new zealand,abstract-csv,doi_10.30843_nzpp.2019.72.257,Relevant,Abstract,Abstract,Presence,10.30843/nzpp.2019.72.257,0,doi:10.30843/nzpp.2019.72.257,int_2b378fd99c9c822f,lecanicillium muscarium,akanthomyces muscarius,Resolved,synonym_map,0.95,10694323,brassica oleracea var. capita (new zealand cabbage),brassica oleracea,Resolved,exact_accepted,1.00,3042845
Relevant,abstract,abstract,0,10.11829/j.issn.1001-0629.2018-0286,grass (family: poaceae),endophyte fungi,root,present,mutualistic,"promotes plant resistance, enhances agronomic traits, reduces herbivore feeding, influences underground biological processes through litter decomposition and root exudation.",soil,NA,abstract-csv,doi_10.11829_j.issn.1001-0629.2018-0286,Relevant,Abstract,Abstract,Presence,10.11829/j.issn.1001-0629.2018-0286,0,doi:10.11829/j.issn.1001-0629.2018-0286,int_303284e5bcd90e69,endophyte fungi,,Unresolved,no_match,0.00,,grass (family: poaceae),,Unresolved,no_match,0.00,
Relevant,abstract,abstract,0,10.4489/kjm.20190036,funaria hygrometrica,curvularia protuberata,rhizoids,present,endophytic,isolated from the rhizoids of funaria hygrometrica.,NA,korea,abstract-csv,doi_10.4489_kjm.20190036,Relevant,Abstract,Abstract,Presence,10.4489/kjm.20190036,0,doi:10.4489/kjm.20190036,int_e17eabe3e2f4a4d8,curvularia protuberata,curvularia protuberata,Resolved,exact_accepted,1.00,2616425,funaria hygrometrica,funaria hygrometrica,Resolved,exact_accepted,1.00,5281229
Relevant,abstract,abstract,0,10.18517/ijaseit.9.4.8781,amomum centrocephalum a.d. poulsen,[{'scientific_name': 'aspergillus aculeatus',rhizome,present,antagonistic,"isolated from healthy rhizomes, antagonistic properties evaluated against selected pathogenic bacteria and fungi, distinct inhibitory activities against bacterial pathogens, known as prominent antagonists of phytopathogens",tropical forest,indonesia (north sumatera),abstract-csv,doi_10.18517_ijaseit.9.4.8781,Relevant,Abstract,Abstract,Presence,10.18517/ijaseit.9.4.8781,0,doi:10.18517/ijaseit.9.4.8781,int_c03de3148a0798a6,[{'scientific_name': 'aspergillus aculeatus',,Unresolved,descriptor_non_taxon,0.00,,amomum centrocephalum a.d. poulsen,amomum centrocephalum,Resolved,exact_accepted,1.00,5301686
Relevant,abstract,abstract,0,10.18517/ijaseit.9.4.8781,amomum centrocephalum a.d. poulsen,'common_name': ''},rhizome,present,antagonistic,"isolated from healthy rhizomes, antagonistic properties evaluated against selected pathogenic bacteria and fungi, distinct inhibitory activities against bacterial pathogens, known as prominent antagonists of phytopathogens",tropical forest,indonesia (north sumatera),abstract-csv,doi_10.18517_ijaseit.9.4.8781,Relevant,Abstract,Abstract,Presence,10.18517/ijaseit.9.4.8781,0,doi:10.18517/ijaseit.9.4.8781,int_101278afd8886c33,'common_name': ''},,Unresolved,descriptor_non_taxon,0.00,,amomum centrocephalum a.d. poulsen,amomum centrocephalum,Resolved,exact_accepted,1.00,5301686
Relevant,abstract,abstract,0,10.18517/ijaseit.9.4.8781,amomum centrocephalum a.d. poulsen,{'scientific_name': 'clonostachys rosea',rhizome,present,antagonistic,"isolated from healthy rhizomes, antagonistic properties evaluated against selected pathogenic bacteria and fungi, distinct inhibitory activities against bacterial pathogens, known as prominent antagonists of phytopathogens",tropical forest,indonesia (north sumatera),abstract-csv,doi_10.18517_ijaseit.9.4.8781,Relevant,Abstract,Abstract,Presence,10.18517/ijaseit.9.4.8781,0,doi:10.18517/ijaseit.9.4.8781,int_08283ce04a7faaa4,{'scientific_name': 'clonostachys rosea',,Unresolved,descriptor_non_taxon,0.00,,amomum centrocephalum a.d. poulsen,amomum centrocephalum,Resolved,exact_accepted,1.00,5301686
Relevant,abstract,abstract,0,10.18517/ijaseit.9.4.8781,amomum centrocephalum a.d. poulsen,'common_name': ''},rhizome,present,antagonistic,"isolated from healthy rhizomes, antagonistic properties evaluated against selected pathogenic bacteria and fungi, distinct inhibitory activities against bacterial pathogens, known as prominent antagonists of phytopathogens",tropical forest,indonesia (north sumatera),abstract-csv,doi_10.18517_ijaseit.9.4.8781,Relevant,Abstract,Abstract,Presence,10.18517/ijaseit.9.4.8781,0,doi:10.18517/ijaseit.9.4.8781,int_6a37b7d4abeae0ff,'common_name': ''},,Unresolved,descriptor_non_taxon,0.00,,amomum centrocephalum a.d. poulsen,amomum centrocephalum,Resolved,exact_accepted,1.00,5301686
Relevant,abstract,abstract,0,10.18517/ijaseit.9.4.8781,amomum centrocephalum a.d. poulsen,{'scientific_name': 'daldinia caldariorum',rhizome,present,antagonistic,"isolated from healthy rhizomes, antagonistic properties evaluated against selected pathogenic bacteria and fungi, distinct inhibitory activities against bacterial pathogens, known as prominent antagonists of phytopathogens",tropical forest,indonesia (north sumatera),abstract-csv,doi_10.18517_ijaseit.9.4.8781,Relevant,Abstract,Abstract,Presence,10.18517/ijaseit.9.4.8781,0,doi:10.18517/ijaseit.9.4.8781,int_1518d16697b1d04c,{'scientific_name': 'daldinia caldariorum',,Unresolved,descriptor_non_taxon,0.00,,amomum centrocephalum a.d. poulsen,amomum centrocephalum,Resolved,exact_accepted,1.00,5301686
Relevant,abstract,abstract,0,10.18517/ijaseit.9.4.8781,amomum centrocephalum a.d. poulsen,'common_name': ''},rhizome,present,antagonistic,"isolated from healthy rhizomes, antagonistic properties evaluated against selected pathogenic bacteria and fungi, distinct inhibitory activities against bacterial pathogens, known as prominent antagonists of phytopathogens",tropical forest,indonesia (north sumatera),abstract-csv,doi_10.18517_ijaseit.9.4.8781,Relevant,Abstract,Abstract,Presence,10.18517/ijaseit.9.4.8781,0,doi:10.18517/ijaseit.9.4.8781,int_5e0e3b3b9db87a5d,'common_name': ''},,Unresolved,descriptor_non_taxon,0.00,,amomum centrocephalum a.d. poulsen,amomum centrocephalum,Resolved,exact_accepted,1.00,5301686
Relevant,abstract,abstract,0,10.18517/ijaseit.9.4.8781,amomum centrocephalum a.d. poulsen,{'scientific_name': 'trichoderma (2 strains)',rhizome,present,antagonistic,"isolated from healthy rhizomes, antagonistic properties evaluated against selected pathogenic bacteria and fungi, distinct inhibitory activities against bacterial pathogens, known as prominent antagonists of phytopathogens",tropical forest,indonesia (north sumatera),abstract-csv,doi_10.18517_ijaseit.9.4.8781,Relevant,Abstract,Abstract,Presence,10.18517/ijaseit.9.4.8781,0,doi:10.18517/ijaseit.9.4.8781,int_4ff128c109ba56e3,{'scientific_name': 'trichoderma (2 strains)',,Unresolved,descriptor_non_taxon,0.00,,amomum centrocephalum a.d. poulsen,amomum centrocephalum,Resolved,exact_accepted,1.00,5301686
Relevant,abstract,abstract,0,10.18517/ijaseit.9.4.8781,amomum centrocephalum a.d. poulsen,'common_name': ''}],rhizome,present,antagonistic,"isolated from healthy rhizomes, antagonistic properties evaluated against selected pathogenic bacteria and fungi, distinct inhibitory activities against bacterial pathogens, known as prominent antagonists of phytopathogens",tropical forest,indonesia (north sumatera),abstract-csv,doi_10.18517_ijaseit.9.4.8781,Relevant,Abstract,Abstract,Presence,10.18517/ijaseit.9.4.8781,0,doi:10.18517/ijaseit.9.4.8781,int_bb5146e470e4f1bc,'common_name': ''}],,Unresolved,descriptor_non_taxon,0.00,,amomum centrocephalum a.d. poulsen,amomum centrocephalum,Resolved,exact_accepted,1.00,5301686
Relevant,abstract,abstract,0,10.1093/mmy/myy039,NA,coccidioides immitis,host granulomas,present,pathogenic (causes disease in humans),"lives as endozoan in small mammals, transforms into spore-producing hyphae upon death of host.","hot, dry, salty regions of the new world",NA,abstract-csv,doi_10.1093_mmy_myy039,Relevant,Abstract,Abstract,Presence,10.1093/mmy/myy039,0,doi:10.1093/mmy/myy039,int_579dfe35415c2baf,coccidioides immitis,coccidioides immitis,Resolved,exact_accepted,1.00,10811049,NA,,Unresolved,none,0.00,
Relevant,abstract,abstract,0,10.1093/mmy/myy039,NA,c. posadasii,host granulomas,present,pathogenic (causes disease in humans),"lives as endozoan in small mammals, transforms into spore-producing hyphae upon death of host.","hot, dry, salty regions of the new world",NA,abstract-csv,doi_10.1093_mmy_myy039,Relevant,Abstract,Abstract,Presence,10.1093/mmy/myy039,0,doi:10.1093/mmy/myy039,int_e4327d186a377ca7,c. posadasii,coccidioides posadasii,Resolved,abbreviation_context_first,0.75,5894981,NA,,Unresolved,none,0.00,
Relevant,abstract,abstract,0,10.11829/j.issn.1001-0629.2018-0351,herbage (12 species),multiple (50 genera not specified at species level),seed,present,pathogenic,"isolated from forage seeds, affecting seed germination rate, inhibiting seedling growth, and reducing seedling biomass",forage fields,china,abstract-csv,doi_10.11829_j.issn.1001-0629.2018-0351,Relevant,Abstract,Abstract,Presence,10.11829/j.issn.1001-0629.2018-0351,0,doi:10.11829/j.issn.1001-0629.2018-0351,int_0c8359674afbe7d3,multiple (50 genera not specified at species level),,Unresolved,no_match,0.00,,herbage (12 species),,Unresolved,no_match,0.00,
Relevant,abstract,abstract,0,10.4489/kjm.20190006,bolboschoenus planiculmis,cladosporium perangustum,NA,present,endophytic,isolated from host plant,halophytes,korea,abstract-csv,doi_10.4489_kjm.20190006,Relevant,Abstract,Abstract,Presence,10.4489/kjm.20190006,0,doi:10.4489/kjm.20190006,int_f11a5af02016d9fa,cladosporium perangustum,cladosporium perangustum,Resolved,exact_accepted,1.00,8403664,bolboschoenus planiculmis,bolboschoenus planiculmis,Resolved,exact_accepted,1.00,2718377
Relevant,abstract,abstract,0,10.16438/j.0513-4870.2018-0952,glycyrrhiza uralensis,fusarium (common genus),NA,present,endophytic,"isolated from g. uralensis from various habitats: gansu, ningxia, inner mongolia, xinjiang, and beijing.",NA,china,abstract-csv,doi_10.16438_j.0513-4870.2018-0952,Relevant,Abstract,Abstract,Presence,10.16438/j.0513-4870.2018-0952,0,doi:10.16438/j.0513-4870.2018-0952,int_adb46f031ec256dd,fusarium (common genus),fusarium,Resolved,exact_accepted,1.00,2554026,glycyrrhiza uralensis,glycyrrhiza uralensis,Resolved,exact_accepted,1.00,7861283
Relevant,abstract,abstract,0,10.5943/sif/4/1/29,cheilocostus speciosus,periconia igniaria,root,present,endophytic,"isolated from roots of cheilocostus speciosus from calangute, bardez, goa, india.","western ghats forests, goa, india",india,abstract-csv,doi_10.5943_sif_4_1_29,Relevant,Abstract,Abstract,Presence,10.5943/sif/4/1/29,0,doi:10.5943/sif/4/1/29,int_8d6f954640a6c628,periconia igniaria,massarina igniaria,Resolved,synonym_map,0.95,2619881,cheilocostus speciosus,hellenia speciosa,Resolved,synonym_map,0.95,7584507
Relevant,abstract,abstract,0,10.19540/j.cnki.cjcmm.20181106.003,panax ginseng,chaetomium globosum,leaf,present,biocontrol agent,"isolated from healthy leaves, demonstrated antifungal effects against alternaria panax using dual-culture method.",NA,china,abstract-csv,doi_10.19540_j.cnki.cjcmm.20181106.003,Relevant,Abstract,Abstract,Presence,10.19540/j.cnki.cjcmm.20181106.003,0,doi:10.19540/j.cnki.cjcmm.20181106.003,int_db0abee772497f69,chaetomium globosum,chaetomium globosum,Resolved,exact_accepted,1.00,2573741,panax ginseng,panax ginseng,Resolved,exact_accepted,1.00,5372262
Relevant,abstract,abstract,0,10.13802/j.cnki.zwbhxb.2019.2019008,gossypium hirsutum (cotton),fusarium solani cef-373,root,present,biocontrol agent,"isolated from cotton roots, shows biocontrol effect against verticillium wilt",NA,NA,abstract-csv,doi_10.13802_j.cnki.zwbhxb.2019.2019008,Relevant,Abstract,Abstract,Presence,10.13802/j.cnki.zwbhxb.2019.2019008,0,doi:10.13802/j.cnki.zwbhxb.2019.2019008,int_9417af06674da11e,fusarium solani cef-373,fusarium solani,Resolved,exact_accepted,1.00,9581851,gossypium hirsutum (cotton),gossypium hirsutum,Resolved,exact_accepted,1.00,3152661
Relevant,abstract,abstract,0,10.4489/kjm.20190038,ligusticum chuanxiong,pithomyces chartarum,root,present,endophytic,isolated from surface-sterilized roots,NA,korea,abstract-csv,doi_10.4489_kjm.20190038,Relevant,Abstract,Abstract,Presence,10.4489/kjm.20190038,0,doi:10.4489/kjm.20190038,int_b5b3eb9aadb95f49,pithomyces chartarum,pseudopithomyces chartarum,Resolved,synonym_map,0.95,7460932,ligusticum chuanxiong,conioselinum anthriscoides,Resolved,synonym_map,0.95,8393328
Relevant,abstract,abstract,0,10.4489/kjm.20190014,ligusticum chuanxiong,dactylonectria pauciseptata,root,present,endophytic,"isolated from roots of medicinal crops cultivated at yeongju, korea",NA,korea,abstract-csv,doi_10.4489_kjm.20190014,Relevant,Abstract,Abstract,Presence,10.4489/kjm.20190014,0,doi:10.4489/kjm.20190014,int_0773cb781e0826d2,dactylonectria pauciseptata,dactylonectria pauciseptata,Resolved,exact_accepted,1.00,7463371,ligusticum chuanxiong,conioselinum anthriscoides,Resolved,synonym_map,0.95,8393328
Relevant,abstract,abstract,0,10.5943/cream/9/1/1,oryza sativa l.,nigrospora oryzae,NA,present,endophytic,"isolated from thai rice cultivars (pathumthani 1 and rice department 47) in suphanburi and chainat provinces, thailand using culture-dependent method.",NA,thailand,abstract-csv,doi_10.5943_cream_9_1_1,Relevant,Abstract,Abstract,Presence,10.5943/cream/9/1/1,0,doi:10.5943/cream/9/1/1,int_8c9be261faa75eed,nigrospora oryzae,nigrospora oryzae,Resolved,exact_accepted,1.00,2569650,oryza sativa l.,oryza sativa,Resolved,exact_accepted,1.00,2703459
Relevant,abstract,abstract,0,10.16768/j.issn.1004-874x.2019.06.007,aleurites montana,['mucor sp.',"['roots', 'stems', 'leaves']",present,endophytic,"isolated from roots, stems and leaves of a. montana collected from different locations.",not specified in text,"nanping city, fujian province, china",abstract-csv,doi_10.16768_j.issn.1004-874x.2019.06.007,Relevant,Abstract,Abstract,Presence,10.16768/j.issn.1004-874x.2019.06.007,0,doi:10.16768/j.issn.1004-874x.2019.06.007,int_9067edb8d84411ee,['mucor sp.',mucor,Resolved,exact_accepted,1.00,8774036,aleurites montana,,Unresolved,no_match,0.00,
Relevant,abstract,abstract,0,10.16768/j.issn.1004-874x.2019.06.007,aleurites montana,'penicillium sp.',"['roots', 'stems', 'leaves']",present,endophytic,"isolated from roots, stems and leaves of a. montana collected from different locations.",not specified in text,"nanping city, fujian province, china",abstract-csv,doi_10.16768_j.issn.1004-874x.2019.06.007,Relevant,Abstract,Abstract,Presence,10.16768/j.issn.1004-874x.2019.06.007,0,doi:10.16768/j.issn.1004-874x.2019.06.007,int_ebc21abefbb17d8d,'penicillium sp.',penicillium,Resolved,exact_accepted,1.00,7635114,aleurites montana,,Unresolved,no_match,0.00,
Relevant,abstract,abstract,0,10.16768/j.issn.1004-874x.2019.06.007,aleurites montana,'pestalotiopsis sp.',"['roots', 'stems', 'leaves']",present,endophytic,"isolated from roots, stems and leaves of a. montana collected from different locations.",not specified in text,"nanping city, fujian province, china",abstract-csv,doi_10.16768_j.issn.1004-874x.2019.06.007,Relevant,Abstract,Abstract,Presence,10.16768/j.issn.1004-874x.2019.06.007,0,doi:10.16768/j.issn.1004-874x.2019.06.007,int_1529f60fc2ccbb67,'pestalotiopsis sp.',pestalotiopsis,Resolved,exact_accepted,1.00,2574855,aleurites montana,,Unresolved,no_match,0.00,
Relevant,abstract,abstract,0,10.16768/j.issn.1004-874x.2019.06.007,aleurites montana,'bionectria sp.',"['roots', 'stems', 'leaves']",present,endophytic,"isolated from roots, stems and leaves of a. montana collected from different locations.",not specified in text,"nanping city, fujian province, china",abstract-csv,doi_10.16768_j.issn.1004-874x.2019.06.007,Relevant,Abstract,Abstract,Presence,10.16768/j.issn.1004-874x.2019.06.007,0,doi:10.16768/j.issn.1004-874x.2019.06.007,int_78b884b68fbeca8f,'bionectria sp.',bionectria,Resolved,exact_accepted,1.00,2561001,aleurites montana,,Unresolved,no_match,0.00,
Relevant,abstract,abstract,0,10.16768/j.issn.1004-874x.2019.06.007,aleurites montana,'trichoderma sp.',"['roots', 'stems', 'leaves']",present,endophytic,"isolated from roots, stems and leaves of a. montana collected from different locations.",not specified in text,"nanping city, fujian province, china",abstract-csv,doi_10.16768_j.issn.1004-874x.2019.06.007,Relevant,Abstract,Abstract,Presence,10.16768/j.issn.1004-874x.2019.06.007,0,doi:10.16768/j.issn.1004-874x.2019.06.007,int_503f23e4da74998a,'trichoderma sp.',trichoderma,Resolved,exact_accepted,1.00,7703803,aleurites montana,,Unresolved,no_match,0.00,
Relevant,abstract,abstract,0,10.16768/j.issn.1004-874x.2019.06.007,aleurites montana,'thermomyces sp.',"['roots', 'stems', 'leaves']",present,endophytic,"isolated from roots, stems and leaves of a. montana collected from different locations.",not specified in text,"nanping city, fujian province, china",abstract-csv,doi_10.16768_j.issn.1004-874x.2019.06.007,Relevant,Abstract,Abstract,Presence,10.16768/j.issn.1004-874x.2019.06.007,0,doi:10.16768/j.issn.1004-874x.2019.06.007,int_7d85986a21f0998b,'thermomyces sp.',thermomyces,Resolved,exact_accepted,1.00,8027608,aleurites montana,,Unresolved,no_match,0.00,
Relevant,abstract,abstract,0,10.16768/j.issn.1004-874x.2019.06.007,aleurites montana,'alternaria sp.',"['roots', 'stems', 'leaves']",present,endophytic,"isolated from roots, stems and leaves of a. montana collected from different locations.",not specified in text,"nanping city, fujian province, china",abstract-csv,doi_10.16768_j.issn.1004-874x.2019.06.007,Relevant,Abstract,Abstract,Presence,10.16768/j.issn.1004-874x.2019.06.007,0,doi:10.16768/j.issn.1004-874x.2019.06.007,int_8a2b5eedbc19312b,'alternaria sp.',alternaria,Resolved,exact_accepted,1.00,7388975,aleurites montana,,Unresolved,no_match,0.00,
Relevant,abstract,abstract,0,10.16768/j.issn.1004-874x.2019.06.007,aleurites montana,'coniothyrium sp.',"['roots', 'stems', 'leaves']",present,endophytic,"isolated from roots, stems and leaves of a. montana collected from different locations.",not specified in text,"nanping city, fujian province, china",abstract-csv,doi_10.16768_j.issn.1004-874x.2019.06.007,Relevant,Abstract,Abstract,Presence,10.16768/j.issn.1004-874x.2019.06.007,0,doi:10.16768/j.issn.1004-874x.2019.06.007,int_f35e80e0d2e54b96,'coniothyrium sp.',coniothyrium,Resolved,exact_accepted,1.00,2565546,aleurites montana,,Unresolved,no_match,0.00,
Relevant,abstract,abstract,0,10.16768/j.issn.1004-874x.2019.06.007,aleurites montana,'fusarium sp.'],"['roots', 'stems', 'leaves']",present,endophytic,"isolated from roots, stems and leaves of a. montana collected from different locations.",not specified in text,"nanping city, fujian province, china",abstract-csv,doi_10.16768_j.issn.1004-874x.2019.06.007,Relevant,Abstract,Abstract,Presence,10.16768/j.issn.1004-874x.2019.06.007,0,doi:10.16768/j.issn.1004-874x.2019.06.007,int_94c4f098ee75d137,'fusarium sp.'],fusarium,Resolved,exact_accepted,1.00,2554026,aleurites montana,,Unresolved,no_match,0.00,
Relevant,abstract,abstract,0,10.19675/j.cnki.1006-687x.2019.05034,casuarina equisetifolia,endophytic fungi (y6 and z1),NA,present,endophytic,"isolated from casuarina equisetifolia, grown in different salinity environments",NA,NA,abstract-csv,doi_10.19675_j.cnki.1006-687x.2019.05034,Relevant,Abstract,Abstract,Presence,10.19675/j.cnki.1006-687x.2019.05034,0,doi:10.19675/j.cnki.1006-687x.2019.05034,int_a538ffd34885a02c,endophytic fungi (y6 and z1),,Unresolved,descriptor_non_taxon; no_match,0.00,,casuarina equisetifolia,casuarina equisetifolia,Resolved,exact_accepted,1.00,2891930
Relevant,abstract,abstract,0,10.4489/kjm.20190005,pinus densiflora,paracamarosporium hawaiiense,leaf,present,endophytic,isolated from conifer leaves of pinus densiflora in korea.,NA,korea,abstract-csv,doi_10.4489_kjm.20190005,Relevant,Abstract,Abstract,Presence,10.4489/kjm.20190005,0,doi:10.4489/kjm.20190005,int_507ec8c1013e7985,paracamarosporium hawaiiense,paracamarosporium hawaiiense,Resolved,exact_accepted,1.00,9700760,pinus densiflora,pinus densiflora,Resolved,exact_accepted,1.00,5285104
Relevant,abstract,abstract,0,10.16333/j.1001-6880.2019.1.005,acanthopanax senticosus (rupr. maxim.) harms,[alternaria alternata,"roots, stems, leaves",present,endophytic,"isolated from roots, stems and leaves. significant antibacterial effect against staphylococcus aureus for cwj-5 and escherichia coli for cwj-6.",NA,china,abstract-csv,doi_10.16333_j.1001-6880.2019.1.005,Relevant,Abstract,Abstract,Presence,10.16333/j.1001-6880.2019.1.005,0,doi:10.16333/j.1001-6880.2019.1.005,int_971ed7521a8ddee3,[alternaria alternata,alternaria alternata,Resolved,exact_accepted,1.00,2616163,acanthopanax senticosus (rupr. maxim.) harms,eleutherococcus senticosus,Resolved,synonym_map,0.95,3035369
Relevant,abstract,abstract,0,10.16333/j.1001-6880.2019.1.005,acanthopanax senticosus (rupr. maxim.) harms,fusarium oxysporum],"roots, stems, leaves",present,endophytic,"isolated from roots, stems and leaves. significant antibacterial effect against staphylococcus aureus for cwj-5 and escherichia coli for cwj-6.",NA,china,abstract-csv,doi_10.16333_j.1001-6880.2019.1.005,Relevant,Abstract,Abstract,Presence,10.16333/j.1001-6880.2019.1.005,0,doi:10.16333/j.1001-6880.2019.1.005,int_403485c741dc34e8,fusarium oxysporum],fusarium oxysporum,Resolved,exact_accepted,1.00,5251961,acanthopanax senticosus (rupr. maxim.) harms,eleutherococcus senticosus,Resolved,synonym_map,0.95,3035369
Relevant,abstract,abstract,0,10.16333/j.1001-6880.2019.12.010,suaeda glauce,talaromyces pinophilus gmf19,rhizome,present,endophytic,isolated from rhizome,NA,NA,abstract-csv,doi_10.16333_j.1001-6880.2019.12.010,Relevant,Abstract,Abstract,Presence,10.16333/j.1001-6880.2019.12.010,0,doi:10.16333/j.1001-6880.2019.12.010,int_8a61dd5aa03fa9e6,talaromyces pinophilus gmf19,talaromyces pinophilus,Resolved,exact_accepted,1.00,8079970,suaeda glauce,,Unresolved,no_match,0.00,
Relevant,abstract,abstract,0,10.4025/actascibiolsci.v41i1.48785,begonia (genus),neopestalotiopsis sp.,NA,present,endophytic,"isolated from begonia plants, produced antifungal compound against diaporthe phaseolorum",NA,NA,abstract-csv,doi_10.4025_actascibiolsci.v41i1.48785,Relevant,Abstract,Abstract,Presence,10.4025/actascibiolsci.v41i1.48785,0,doi:10.4025/actascibiolsci.v41i1.48785,int_d2f22bca5149bec6,neopestalotiopsis sp.,neopestalotiopsis,Resolved,exact_accepted,1.00,8206500,begonia (genus),begonia,Resolved,exact_accepted,1.00,2874710
Relevant,abstract,abstract,0,10.1134/s0026364819010033,wild herbaceous plants (unspecified),[acremonium s16.5,phyllosphere,present,endophytic or pathogenic (unspecified),isolated from leaves of wild herbaceous plants,NA,NA,abstract-csv,doi_10.1134_s0026364819010033,Relevant,Abstract,Abstract,Presence,10.1134/s0026364819010033,0,doi:10.1134/s0026364819010033,int_30943899b62715a7,[acremonium s16.5,,Unresolved,no_match,0.00,,wild herbaceous plants (unspecified),,Unresolved,no_match,0.00,
Relevant,abstract,abstract,0,10.1134/s0026364819010033,wild herbaceous plants (unspecified),alternaria penicillatum,phyllosphere,present,endophytic or pathogenic (unspecified),isolated from leaves of wild herbaceous plants,NA,NA,abstract-csv,doi_10.1134_s0026364819010033,Relevant,Abstract,Abstract,Presence,10.1134/s0026364819010033,0,doi:10.1134/s0026364819010033,int_2bb18893dad6d585,alternaria penicillatum,,Unresolved,no_match,0.00,,wild herbaceous plants (unspecified),,Unresolved,no_match,0.00,
Relevant,abstract,abstract,0,10.1134/s0026364819010033,wild herbaceous plants (unspecified),colletotrichum gloeosporioides,phyllosphere,present,endophytic or pathogenic (unspecified),isolated from leaves of wild herbaceous plants,NA,NA,abstract-csv,doi_10.1134_s0026364819010033,Relevant,Abstract,Abstract,Presence,10.1134/s0026364819010033,0,doi:10.1134/s0026364819010033,int_39381437403020cb,colletotrichum gloeosporioides,colletotrichum gloeosporioides,Resolved,exact_accepted,1.00,2569005,wild herbaceous plants (unspecified),,Unresolved,no_match,0.00,
Relevant,abstract,abstract,0,10.1134/s0026364819010033,wild herbaceous plants (unspecified),metapochonia suchlasporia],phyllosphere,present,endophytic or pathogenic (unspecified),isolated from leaves of wild herbaceous plants,NA,NA,abstract-csv,doi_10.1134_s0026364819010033,Relevant,Abstract,Abstract,Presence,10.1134/s0026364819010033,0,doi:10.1134/s0026364819010033,int_d2992e4baea3ea5f,metapochonia suchlasporia],metapochonia suchlasporia,Resolved,exact_accepted,1.00,7928303,wild herbaceous plants (unspecified),,Unresolved,no_match,0.00,
Relevant,abstract,abstract,0,10.1016/j.fitote.2018.11.010,pinellia ternata,aspergillus sp.,tubers,present,endophytic,isolated from endophytic fungus aspergillus sp. in tubers,NA,NA,abstract-csv,doi_10.1016_j.fitote.2018.11.010,Relevant,Abstract,Abstract,Presence,10.1016/j.fitote.2018.11.010,0,doi:10.1016/j.fitote.2018.11.010,int_6e30fd1bb415feba,aspergillus sp.,aspergillus,Resolved,exact_accepted,1.00,8884233,pinellia ternata,pinellia ternata,Resolved,exact_accepted,1.00,8678824
Relevant,abstract,abstract,0,10.33585/cmy.71205,rauvolfia densiflora (apocynaceae),penicillium chrysogenum,"leaf, stem",present,endophytic,"isolated from leaf and stem parts of r. densiflora collected from talacauvery, western ghats, india.",western ghats,india,abstract-csv,doi_10.33585_cmy.71205,Relevant,Abstract,Abstract,Presence,10.33585/cmy.71205,0,doi:10.33585/cmy.71205,int_4a3ce416ef497d0d,penicillium chrysogenum,penicillium chrysogenum,Resolved,exact_accepted,1.00,3466349,rauvolfia densiflora (apocynaceae),rauvolfia verticillata,Resolved,synonym_map,0.95,3616228
Relevant,full-text,full-text,17,10.15835/nsb11110397,manihot esculenta crantz,[arbuscular mycorrhizal (am)],root,present,mutualistic,isolated from root and associated soil samples of cassava varieties in salem and kolli hills,eastern ghats,india,full-text,doi_10.15835_nsb11110397,Relevant,Full-Text,Full-Text,Presence,10.15835/nsb11110397,17,doi:10.15835/nsb11110397,int_4a02aa1055ce8e1c,[arbuscular mycorrhizal (am)],,Unresolved,empty,0.00,,manihot esculenta crantz,manihot esculenta,Resolved,exact_accepted,1.00,3060998
Relevant,abstract,abstract,0,10.5943/cream/9/1/20,ficus racemosa,[18 different species,leaf,present,endophytic,isolated from leaf segments,NA,china,abstract-csv,doi_10.5943_cream_9_1_20,Relevant,Abstract,Abstract,Presence,10.5943/cream/9/1/20,0,doi:10.5943/cream/9/1/20,int_aec617daee81570f,[18 different species,,Unresolved,no_match,0.00,,ficus racemosa,ficus racemosa,Resolved,exact_accepted,1.00,5361904
Relevant,abstract,abstract,0,10.5943/cream/9/1/20,ficus racemosa,10 genera and 7 orders],leaf,present,endophytic,isolated from leaf segments,NA,china,abstract-csv,doi_10.5943_cream_9_1_20,Relevant,Abstract,Abstract,Presence,10.5943/cream/9/1/20,0,doi:10.5943/cream/9/1/20,int_0f050d2d34c5a668,10 genera and 7 orders],,Unresolved,no_match,0.00,,ficus racemosa,ficus racemosa,Resolved,exact_accepted,1.00,5361904
Relevant,full-text,full-text,8,10.7324/japs.2019.91110,ocimum sanctum,lasiodiplodia pseudotheobromae ibrl os-64,leaf,present,endophytic,isolated from ocimum sanctum leaf,NA,malaysia,full-text,doi_10.7324_japs.2019.91110,Relevant,Full-Text,Full-Text,Presence,10.7324/japs.2019.91110,8,doi:10.7324/japs.2019.91110,int_5c07bb83f0f49964,lasiodiplodia pseudotheobromae ibrl os-64,lasiodiplodia pseudotheobromae,Resolved,exact_accepted,1.00,3517913,ocimum sanctum,ocimum tenuiflorum,Resolved,synonym_map,0.95,2927100
Relevant,abstract,abstract,0,10.22092/botany.2019.125181.1142,achillea filipendulina lam.,preussia africana arenal,leaf,present,endophytic,isolated from surface-sterilized leaves.,NA,iran,abstract-csv,doi_10.22092_botany.2019.125181.1142,Relevant,Abstract,Abstract,Presence,10.22092/botany.2019.125181.1142,0,doi:10.22092/botany.2019.125181.1142,int_d98afa23e430f542,preussia africana arenal,preussia africana,Resolved,exact_accepted,1.00,5510661,achillea filipendulina lam.,achillea filipendulina,Resolved,exact_accepted,1.00,3120284
Relevant,abstract,abstract,0,10.22092/botany.2019.125181.1142,achillea filipendulina lam.,platas & pel?ez,leaf,present,endophytic,isolated from surface-sterilized leaves.,NA,iran,abstract-csv,doi_10.22092_botany.2019.125181.1142,Relevant,Abstract,Abstract,Presence,10.22092/botany.2019.125181.1142,0,doi:10.22092/botany.2019.125181.1142,int_3dc4fd5195287000,platas & pel?ez,,Unresolved,no_match,0.00,,achillea filipendulina lam.,achillea filipendulina,Resolved,exact_accepted,1.00,3120284
Relevant,full-text,full-text,8,10.15835/nsb11310343,bambusa bambos (l.) voss,glomus,root,present,"endophytic, mycorrhizal",arbuscular mycorrhizae (am) colonization; isolated from rhizospheric soil and root samples.,tropical forest,india,full-text,doi_10.15835_nsb11310343,Relevant,Full-Text,Full-Text,Presence,10.15835/nsb11310343,8,doi:10.15835/nsb11310343,int_37b81d018b8b3af3,glomus,glomus,Resolved,exact_accepted,1.00,2559545,bambusa bambos (l.) voss,bambusa bambos,Resolved,exact_accepted,1.00,2705752
Relevant,full-text,full-text,8,10.15835/nsb11310343,bambusa bambos (l.) voss,acaulospora,root,present,"endophytic, mycorrhizal",arbuscular mycorrhizae (am) colonization; isolated from rhizospheric soil and root samples.,tropical forest,india,full-text,doi_10.15835_nsb11310343,Relevant,Full-Text,Full-Text,Presence,10.15835/nsb11310343,8,doi:10.15835/nsb11310343,int_7140a8e89f482df0,acaulospora,acaulospora,Resolved,exact_accepted,1.00,2560108,bambusa bambos (l.) voss,bambusa bambos,Resolved,exact_accepted,1.00,2705752
Relevant,full-text,full-text,8,10.15835/nsb11310343,bambusa bambos (l.) voss,gigaspora,root,present,"endophytic, mycorrhizal",arbuscular mycorrhizae (am) colonization; isolated from rhizospheric soil and root samples.,tropical forest,india,full-text,doi_10.15835_nsb11310343,Relevant,Full-Text,Full-Text,Presence,10.15835/nsb11310343,8,doi:10.15835/nsb11310343,int_6c12afdaaae1ec3e,gigaspora,gigaspora,Resolved,exact_accepted,1.00,2560147,bambusa bambos (l.) voss,bambusa bambos,Resolved,exact_accepted,1.00,2705752
Relevant,full-text,full-text,8,10.15835/nsb11310343,bambusa bambos (l.) voss,scutellospora,root,present,"endophytic, mycorrhizal",arbuscular mycorrhizae (am) colonization; isolated from rhizospheric soil and root samples.,tropical forest,india,full-text,doi_10.15835_nsb11310343,Relevant,Full-Text,Full-Text,Presence,10.15835/nsb11310343,8,doi:10.15835/nsb11310343,int_0b8d46983df60379,scutellospora,scutellospora,Resolved,exact_accepted,1.00,2560156,bambusa bambos (l.) voss,bambusa bambos,Resolved,exact_accepted,1.00,2705752
Relevant,full-text,full-text,8,10.15835/nsb11310343,bambusa bambos (l.) voss,entrophospora,root,present,"endophytic, mycorrhizal",arbuscular mycorrhizae (am) colonization; isolated from rhizospheric soil and root samples.,tropical forest,india,full-text,doi_10.15835_nsb11310343,Relevant,Full-Text,Full-Text,Presence,10.15835/nsb11310343,8,doi:10.15835/nsb11310343,int_71672095a5fd252a,entrophospora,entrophospora,Resolved,exact_accepted,1.00,8174198,bambusa bambos (l.) voss,bambusa bambos,Resolved,exact_accepted,1.00,2705752
Relevant,full-text,full-text,8,10.15835/nsb11310343,b. tulda roxb.,glomus,root,present,"endophytic, mycorrhizal",arbuscular mycorrhizae (am) colonization; isolated from rhizospheric soil and root samples.,tropical forest,india,full-text,doi_10.15835_nsb11310343,Relevant,Full-Text,Full-Text,Presence,10.15835/nsb11310343,8,doi:10.15835/nsb11310343,int_ba6f5fba7259dfe9,glomus,glomus,Resolved,exact_accepted,1.00,2559545,b. tulda roxb.,bambusa tulda,Resolved,abbreviation_context_first,0.75,2705765
Relevant,full-text,full-text,8,10.15835/nsb11310343,b. tulda roxb.,acaulospora,root,present,"endophytic, mycorrhizal",arbuscular mycorrhizae (am) colonization; isolated from rhizospheric soil and root samples.,tropical forest,india,full-text,doi_10.15835_nsb11310343,Relevant,Full-Text,Full-Text,Presence,10.15835/nsb11310343,8,doi:10.15835/nsb11310343,int_d6db219dd514aa78,acaulospora,acaulospora,Resolved,exact_accepted,1.00,2560108,b. tulda roxb.,bambusa tulda,Resolved,abbreviation_context_first,0.75,2705765
Relevant,full-text,full-text,8,10.15835/nsb11310343,b. tulda roxb.,gigaspora,root,present,"endophytic, mycorrhizal",arbuscular mycorrhizae (am) colonization; isolated from rhizospheric soil and root samples.,tropical forest,india,full-text,doi_10.15835_nsb11310343,Relevant,Full-Text,Full-Text,Presence,10.15835/nsb11310343,8,doi:10.15835/nsb11310343,int_cd04f762f3125801,gigaspora,gigaspora,Resolved,exact_accepted,1.00,2560147,b. tulda roxb.,bambusa tulda,Resolved,abbreviation_context_first,0.75,2705765
Relevant,full-text,full-text,8,10.15835/nsb11310343,b. tulda roxb.,scutellospora,root,present,"endophytic, mycorrhizal",arbuscular mycorrhizae (am) colonization; isolated from rhizospheric soil and root samples.,tropical forest,india,full-text,doi_10.15835_nsb11310343,Relevant,Full-Text,Full-Text,Presence,10.15835/nsb11310343,8,doi:10.15835/nsb11310343,int_79f6880ed5bacec2,scutellospora,scutellospora,Resolved,exact_accepted,1.00,2560156,b. tulda roxb.,bambusa tulda,Resolved,abbreviation_context_first,0.75,2705765
Relevant,full-text,full-text,8,10.15835/nsb11310343,b. tulda roxb.,entrophospora,root,present,"endophytic, mycorrhizal",arbuscular mycorrhizae (am) colonization; isolated from rhizospheric soil and root samples.,tropical forest,india,full-text,doi_10.15835_nsb11310343,Relevant,Full-Text,Full-Text,Presence,10.15835/nsb11310343,8,doi:10.15835/nsb11310343,int_e8580758345b6a20,entrophospora,entrophospora,Resolved,exact_accepted,1.00,8174198,b. tulda roxb.,bambusa tulda,Resolved,abbreviation_context_first,0.75,2705765
Relevant,full-text,full-text,8,10.15835/nsb11310343,b. pallida munro,glomus,root,present,"endophytic, mycorrhizal",arbuscular mycorrhizae (am) colonization; isolated from rhizospheric soil and root samples.,tropical forest,india,full-text,doi_10.15835_nsb11310343,Relevant,Full-Text,Full-Text,Presence,10.15835/nsb11310343,8,doi:10.15835/nsb11310343,int_52ff92d5aad1ae84,glomus,glomus,Resolved,exact_accepted,1.00,2559545,b. pallida munro,bacidia pallida,Resolved,abbreviation_context_first,0.55,3396754
Relevant,full-text,full-text,8,10.15835/nsb11310343,b. pallida munro,acaulospora,root,present,"endophytic, mycorrhizal",arbuscular mycorrhizae (am) colonization; isolated from rhizospheric soil and root samples.,tropical forest,india,full-text,doi_10.15835_nsb11310343,Relevant,Full-Text,Full-Text,Presence,10.15835/nsb11310343,8,doi:10.15835/nsb11310343,int_6496310f5d7219b0,acaulospora,acaulospora,Resolved,exact_accepted,1.00,2560108,b. pallida munro,bacidia pallida,Resolved,abbreviation_context_first,0.55,3396754
Relevant,full-text,full-text,8,10.15835/nsb11310343,b. pallida munro,gigaspora,root,present,"endophytic, mycorrhizal",arbuscular mycorrhizae (am) colonization; isolated from rhizospheric soil and root samples.,tropical forest,india,full-text,doi_10.15835_nsb11310343,Relevant,Full-Text,Full-Text,Presence,10.15835/nsb11310343,8,doi:10.15835/nsb11310343,int_00a3b07b4dc78d6b,gigaspora,gigaspora,Resolved,exact_accepted,1.00,2560147,b. pallida munro,bacidia pallida,Resolved,abbreviation_context_first,0.55,3396754
Relevant,full-text,full-text,8,10.15835/nsb11310343,b. pallida munro,scutellospora,root,present,"endophytic, mycorrhizal",arbuscular mycorrhizae (am) colonization; isolated from rhizospheric soil and root samples.,tropical forest,india,full-text,doi_10.15835_nsb11310343,Relevant,Full-Text,Full-Text,Presence,10.15835/nsb11310343,8,doi:10.15835/nsb11310343,int_3035eeca654eeddd,scutellospora,scutellospora,Resolved,exact_accepted,1.00,2560156,b. pallida munro,bacidia pallida,Resolved,abbreviation_context_first,0.55,3396754
Relevant,full-text,full-text,8,10.15835/nsb11310343,b. pallida munro,entrophospora,root,present,"endophytic, mycorrhizal",arbuscular mycorrhizae (am) colonization; isolated from rhizospheric soil and root samples.,tropical forest,india,full-text,doi_10.15835_nsb11310343,Relevant,Full-Text,Full-Text,Presence,10.15835/nsb11310343,8,doi:10.15835/nsb11310343,int_458b45d970a52de5,entrophospora,entrophospora,Resolved,exact_accepted,1.00,8174198,b. pallida munro,bacidia pallida,Resolved,abbreviation_context_first,0.55,3396754
Relevant,full-text,full-text,8,10.15835/nsb11310343,b. nutans wall. ex. munro,glomus,root,present,"endophytic, mycorrhizal",arbuscular mycorrhizae (am) colonization; isolated from rhizospheric soil and root samples.,tropical forest,india,full-text,doi_10.15835_nsb11310343,Relevant,Full-Text,Full-Text,Presence,10.15835/nsb11310343,8,doi:10.15835/nsb11310343,int_17f11715615091f0,glomus,glomus,Resolved,exact_accepted,1.00,2559545,b. nutans wall. ex. munro,bambusa nutans,Resolved,abbreviation_context_first,0.55,4141718
Relevant,full-text,full-text,8,10.15835/nsb11310343,b. nutans wall. ex. munro,acaulospora,root,present,"endophytic, mycorrhizal",arbuscular mycorrhizae (am) colonization; isolated from rhizospheric soil and root samples.,tropical forest,india,full-text,doi_10.15835_nsb11310343,Relevant,Full-Text,Full-Text,Presence,10.15835/nsb11310343,8,doi:10.15835/nsb11310343,int_4d06807a16d7990a,acaulospora,acaulospora,Resolved,exact_accepted,1.00,2560108,b. nutans wall. ex. munro,bambusa nutans,Resolved,abbreviation_context_first,0.55,4141718
Relevant,full-text,full-text,8,10.15835/nsb11310343,b. nutans wall. ex. munro,gigaspora,root,present,"endophytic, mycorrhizal",arbuscular mycorrhizae (am) colonization; isolated from rhizospheric soil and root samples.,tropical forest,india,full-text,doi_10.15835_nsb11310343,Relevant,Full-Text,Full-Text,Presence,10.15835/nsb11310343,8,doi:10.15835/nsb11310343,int_551fa302b2e5dfb9,gigaspora,gigaspora,Resolved,exact_accepted,1.00,2560147,b. nutans wall. ex. munro,bambusa nutans,Resolved,abbreviation_context_first,0.55,4141718
Relevant,full-text,full-text,8,10.15835/nsb11310343,b. nutans wall. ex. munro,scutellospora,root,present,"endophytic, mycorrhizal",arbuscular mycorrhizae (am) colonization; isolated from rhizospheric soil and root samples.,tropical forest,india,full-text,doi_10.15835_nsb11310343,Relevant,Full-Text,Full-Text,Presence,10.15835/nsb11310343,8,doi:10.15835/nsb11310343,int_bff9e05eebc0e8e4,scutellospora,scutellospora,Resolved,exact_accepted,1.00,2560156,b. nutans wall. ex. munro,bambusa nutans,Resolved,abbreviation_context_first,0.55,4141718
Relevant,full-text,full-text,8,10.15835/nsb11310343,b. nutans wall. ex. munro,entrophospora,root,present,"endophytic, mycorrhizal",arbuscular mycorrhizae (am) colonization; isolated from rhizospheric soil and root samples.,tropical forest,india,full-text,doi_10.15835_nsb11310343,Relevant,Full-Text,Full-Text,Presence,10.15835/nsb11310343,8,doi:10.15835/nsb11310343,int_833d4f5d2a8c4621,entrophospora,entrophospora,Resolved,exact_accepted,1.00,8174198,b. nutans wall. ex. munro,bambusa nutans,Resolved,abbreviation_context_first,0.55,4141718
Relevant,abstract,abstract,0,10.21608/nrmj.2019.28109,fennel (foeniculum vulgare),botrytis cinerea,NA,present,pathogenic,"isolated from organic spice seeds, interaction studied in biocontrol assay with penicillium digitatum and aspergillus niger.",NA,tunisia,abstract-csv,doi_10.21608_nrmj.2019.28109,Relevant,Abstract,Abstract,Presence,10.21608/nrmj.2019.28109,0,doi:10.21608/nrmj.2019.28109,int_7df214673ec8c8eb,botrytis cinerea,botrytis cinerea,Resolved,exact_accepted,1.00,2583139,fennel (foeniculum vulgare),,Unresolved,no_match,0.00,
Relevant,abstract,abstract,0,10.16333/j.1001-6880.2019.1.010,phyllanthus glaucus,phomopsis sp. tj507a,NA,present,endophytic,isolated from the medicinal plant phyllanthus glaucus,NA,NA,abstract-csv,doi_10.16333_j.1001-6880.2019.1.010,Relevant,Abstract,Abstract,Presence,10.16333/j.1001-6880.2019.1.010,0,doi:10.16333/j.1001-6880.2019.1.010,int_13ccc65c203d0e9c,phomopsis sp. tj507a,phomopsis,Resolved,exact_accepted,1.00,2577612,phyllanthus glaucus,phyllanthus glaucus,Resolved,exact_accepted,1.00,5382151
Relevant,abstract,abstract,0,10.5073/jfk.2019.07.02,quercus robur,beauveria brongniartii,root,present,biocontrol agent,"isolated from inoculated roots, not detected within the root tissue but growing on the surface of the rhizodermis",NA,NA,abstract-csv,doi_10.5073_jfk.2019.07.02,Relevant,Abstract,Abstract,Presence,10.5073/jfk.2019.07.02,0,doi:10.5073/jfk.2019.07.02,int_0a15363ea6510606,beauveria brongniartii,beauveria brongniartii,Resolved,exact_accepted,1.00,2560594,quercus robur,quercus robur,Resolved,exact_accepted,1.00,2878688
Relevant,abstract,abstract,0,10.1134/s0026364819040081,malus domestica,aspergillus tubingensis,tree branches,present,endophytic,"resides in fresh tree branches of apple plant, confirmed by cotton blue staining and dna sequence analysis.",NA,"russian federation (volga region, saratov)",abstract-csv,doi_10.1134_s0026364819040081,Relevant,Abstract,Abstract,Presence,10.1134/s0026364819040081,0,doi:10.1134/s0026364819040081,int_918fb6b2f9551f01,aspergillus tubingensis,aspergillus tubingensis,Resolved,exact_accepted,1.00,5259931,malus domestica,malus domestica,Resolved,exact_accepted,1.00,3001244
Relevant,full-text,full-text,14,10.5586/am.1123,sarcopoterium spinosum,[not specified in the text],interior of saxicolous lichens,present,endolichenic (as they inhabit the interior of a lichen thallus without causing any visible disease symptoms and are spread horizontally),isolated from saxicolous lichens on different types of rocks (chalk and basaltic),mediterranean,israel,full-text,doi_10.5586_am.1123,Relevant,Full-Text,Full-Text,Presence,10.5586/am.1123,14,doi:10.5586/am.1123,int_84cfcbca749ae57f,[not specified in the text],,Unresolved,empty,0.00,,sarcopoterium spinosum,sarcopoterium spinosum,Resolved,exact_accepted,1.00,3001879
Relevant,full-text,full-text,14,10.5586/am.1123,carlina hispanica,[not specified in the text],interior of saxicolous lichens,present,endolichenic (as they inhabit the interior of a lichen thallus without causing any visible disease symptoms and are spread horizontally),isolated from saxicolous lichens on different types of rocks (chalk and basaltic),mediterranean,israel,full-text,doi_10.5586_am.1123,Relevant,Full-Text,Full-Text,Presence,10.5586/am.1123,14,doi:10.5586/am.1123,int_27f1b687c0c813f3,[not specified in the text],,Unresolved,empty,0.00,,carlina hispanica,carlina hispanica,Resolved,exact_accepted,1.00,3105375
Relevant,abstract,abstract,0,10.1155/2019/3187943,gossypium hirsutum (cotton),fusarium solani cef559,"root, hypocotyl",present,biocontrol agent,isolated from healthy cotton plants,agricultural field,NA,abstract-csv,doi_10.1155_2019_3187943,Relevant,Abstract,Abstract,Presence,10.1155/2019/3187943,0,doi:10.1155/2019/3187943,int_c86181a139f64381,fusarium solani cef559,fusarium solani,Resolved,exact_accepted,1.00,9581851,gossypium hirsutum (cotton),gossypium hirsutum,Resolved,exact_accepted,1.00,3152661
Relevant,abstract,abstract,0,10.5846/stxb201710251909,populus (populus spp.),laccaria bicolor,root,present,ectomycorrhizal,involved in ectomycorrhizae development and abiotic tolerance mechanisms,forest,NA,abstract-csv,doi_10.5846_stxb201710251909,Relevant,Abstract,Abstract,Presence,10.5846/stxb201710251909,0,doi:10.5846/stxb201710251909,int_6f1480c5884925d2,laccaria bicolor,laccaria bicolor,Resolved,exact_accepted,1.00,2530973,populus (populus spp.),populus,Resolved,exact_accepted,1.00,3040183
Relevant,abstract,abstract,0,10.11829/j.issn.1001-0629.2019-0315,more than 400 gramineous plants across more than 70 genera in 7 families or subfamilies,claviceps (ergot fungus),"grains, ears of grasses",present,pathogenic,"infects the grains and ears of grasses, causing ergot poisoning incidents",NA,"global (africa, south america, eurasia, north america, australia, india)",abstract-csv,doi_10.11829_j.issn.1001-0629.2019-0315,Relevant,Abstract,Abstract,Presence,10.11829/j.issn.1001-0629.2019-0315,0,doi:10.11829/j.issn.1001-0629.2019-0315,int_2f1c5df5214e788d,claviceps (ergot fungus),claviceps,Resolved,exact_accepted,1.00,2562525,more than 400 gramineous plants across more than 70 genera in 7 families or subfamilies,,Unresolved,no_match,0.00,
Relevant,abstract,abstract,0,10.1177/1934578x1901400133,lansium domesticum,xylariaceae sp.,leaves,present,endophytic,"isolated from fresh and healthy leaves of lansium domesticum collected on tropical peatland of west kalimantan, indonesia.",tropical peatland,indonesia,abstract-csv,doi_10.1177_1934578x1901400133,Relevant,Abstract,Abstract,Presence,10.1177/1934578x1901400133,0,doi:10.1177/1934578x1901400133,int_94fb2400216bf34d,xylariaceae sp.,xylariaceae,Resolved,exact_accepted,1.00,4168,lansium domesticum,lansium domesticum,Resolved,exact_accepted,1.00,3190478
Relevant,full-text,full-text,6,10.14199/ppp-2019-033,beta vulgaris l.,cercospora beticola sacc.,leaf,present,pathogenic,isolated from surface-sterilized leaves,agricultural field,poland,full-text,doi_10.14199_ppp-2019-033,Relevant,Full-Text,Full-Text,Presence,10.14199/ppp-2019-033,6,doi:10.14199/ppp-2019-033,int_b686424f15e15c87,cercospora beticola sacc.,cercospora beticola,Resolved,exact_accepted,1.00,5264853,beta vulgaris l.,beta vulgaris,Resolved,exact_accepted,1.00,8971274
Relevant,full-text,full-text,9,10.22207/jpam.13.4.17,zea mays,aspergillus terreus,NA,present,NA,isolated from surface-sterilized roots of various plant species,"sharkia province, egypt",egypt,full-text,doi_10.22207_jpam.13.4.17,Relevant,Full-Text,Full-Text,Presence,10.22207/jpam.13.4.17,9,doi:10.22207/jpam.13.4.17,int_c9118dc8c1553b95,aspergillus terreus,aspergillus terreus,Resolved,exact_accepted,1.00,5259838,zea mays,zea mays,Resolved,exact_accepted,1.00,5290052
Relevant,full-text,full-text,9,10.22207/jpam.13.4.17,solanum nigrum,aspergillus terreus,NA,present,NA,isolated from surface-sterilized roots of various plant species,"sharkia province, egypt",egypt,full-text,doi_10.22207_jpam.13.4.17,Relevant,Full-Text,Full-Text,Presence,10.22207/jpam.13.4.17,9,doi:10.22207/jpam.13.4.17,int_f9755b17c41576b4,aspergillus terreus,aspergillus terreus,Resolved,exact_accepted,1.00,5259838,solanum nigrum,solanum nigrum,Resolved,exact_accepted,1.00,9150405
Relevant,full-text,full-text,9,10.22207/jpam.13.4.17,portulaca oleracea,aspergillus terreus,NA,present,NA,isolated from surface-sterilized roots of various plant species,"sharkia province, egypt",egypt,full-text,doi_10.22207_jpam.13.4.17,Relevant,Full-Text,Full-Text,Presence,10.22207/jpam.13.4.17,9,doi:10.22207/jpam.13.4.17,int_09a92f70915b6773,aspergillus terreus,aspergillus terreus,Resolved,exact_accepted,1.00,5259838,portulaca oleracea,portulaca oleracea,Resolved,exact_accepted,1.00,3084719
Relevant,full-text,full-text,9,10.22207/jpam.13.4.17,convalvulus arrensis,aspergillus terreus,NA,present,NA,isolated from surface-sterilized roots of various plant species,"sharkia province, egypt",egypt,full-text,doi_10.22207_jpam.13.4.17,Relevant,Full-Text,Full-Text,Presence,10.22207/jpam.13.4.17,9,doi:10.22207/jpam.13.4.17,int_50296cced7b0d091,aspergillus terreus,aspergillus terreus,Resolved,exact_accepted,1.00,5259838,convalvulus arrensis,,Unresolved,no_match,0.00,
Relevant,full-text,full-text,9,10.22207/jpam.13.4.17,ocimum basilicum,aspergillus terreus,NA,present,NA,isolated from surface-sterilized roots of various plant species,"sharkia province, egypt",egypt,full-text,doi_10.22207_jpam.13.4.17,Relevant,Full-Text,Full-Text,Presence,10.22207/jpam.13.4.17,9,doi:10.22207/jpam.13.4.17,int_56f078d1a71c785d,aspergillus terreus,aspergillus terreus,Resolved,exact_accepted,1.00,5259838,ocimum basilicum,ocimum basilicum,Resolved,exact_accepted,1.00,2927096
Relevant,full-text,full-text,9,10.22207/jpam.13.4.17,erchharnia crassipes,aspergillus terreus,NA,present,NA,isolated from surface-sterilized roots of various plant species,"sharkia province, egypt",egypt,full-text,doi_10.22207_jpam.13.4.17,Relevant,Full-Text,Full-Text,Presence,10.22207/jpam.13.4.17,9,doi:10.22207/jpam.13.4.17,int_86c12e93a3df4f5b,aspergillus terreus,aspergillus terreus,Resolved,exact_accepted,1.00,5259838,erchharnia crassipes,,Unresolved,no_match,0.00,
Relevant,full-text,full-text,9,10.22207/jpam.13.4.17,rosa sp,aspergillus terreus,NA,present,NA,isolated from surface-sterilized roots of various plant species,"sharkia province, egypt",egypt,full-text,doi_10.22207_jpam.13.4.17,Relevant,Full-Text,Full-Text,Presence,10.22207/jpam.13.4.17,9,doi:10.22207/jpam.13.4.17,int_f6d07c443ba5b086,aspergillus terreus,aspergillus terreus,Resolved,exact_accepted,1.00,5259838,rosa sp,rosa,Resolved,exact_accepted,1.00,8395064
Relevant,full-text,full-text,9,10.22207/jpam.13.4.17,citrus x aurantium,aspergillus terreus,NA,present,NA,isolated from surface-sterilized roots of various plant species,"sharkia province, egypt",egypt,full-text,doi_10.22207_jpam.13.4.17,Relevant,Full-Text,Full-Text,Presence,10.22207/jpam.13.4.17,9,doi:10.22207/jpam.13.4.17,int_2036337191ae1b81,aspergillus terreus,aspergillus terreus,Resolved,exact_accepted,1.00,5259838,citrus x aurantium,citrus aurantium,Resolved,exact_accepted,1.00,8077391
Relevant,full-text,full-text,9,10.22207/jpam.13.4.17,ricinus communis,aspergillus terreus,NA,present,NA,isolated from surface-sterilized roots of various plant species,"sharkia province, egypt",egypt,full-text,doi_10.22207_jpam.13.4.17,Relevant,Full-Text,Full-Text,Presence,10.22207/jpam.13.4.17,9,doi:10.22207/jpam.13.4.17,int_5ede86dd6545abd0,aspergillus terreus,aspergillus terreus,Resolved,exact_accepted,1.00,5259838,ricinus communis,ricinus communis,Resolved,exact_accepted,1.00,5380041
Relevant,abstract,abstract,0,10.3923/ajps.2019.33.45,nephrolepis exaltata,arbuscular mycorrhizal fungi (amf),root,present,mycorrhizal,association observed in root colonization,deccan plateau zone of india,india,abstract-csv,doi_10.3923_ajps.2019.33.45,Relevant,Abstract,Abstract,Presence,10.3923/ajps.2019.33.45,0,doi:10.3923/ajps.2019.33.45,int_2eb6fb0286a91950,arbuscular mycorrhizal fungi (amf),,Unresolved,descriptor_non_taxon,0.00,,nephrolepis exaltata,nephrolepis exaltata,Resolved,exact_accepted,1.00,2650927
Relevant,abstract,abstract,0,10.5943/ajom/2/1/9,musa sp. (musaceae),daldinia eschscholtzii (hypoxylaceae),leaf,present,endophytic,isolated from symptomless fresh leaves,NA,thailand,abstract-csv,doi_10.5943_ajom_2_1_9,Relevant,Abstract,Abstract,Presence,10.5943/ajom/2/1/9,0,doi:10.5943/ajom/2/1/9,int_0c2a5b9071f5b6f2,daldinia eschscholtzii (hypoxylaceae),daldinia eschscholtzii,Resolved,exact_accepted,1.00,7968541,musa sp. (musaceae),musa,Resolved,exact_accepted,1.00,2760990
Relevant,abstract,abstract,0,10.14720/aas.2019.114.1.12,argania spinosa (l.) skeels,[ascomycota,roots,present,"endophytic, ectomycorrhiza, pathogenic (putative)",isolated from argania spinosa roots and identified through sequencing of internal transcribed spacer (its).,arid and semi-arid regions of algeria,algeria,abstract-csv,doi_10.14720_aas.2019.114.1.12,Relevant,Abstract,Abstract,Presence,10.14720/aas.2019.114.1.12,0,doi:10.14720/aas.2019.114.1.12,int_8df18331afda3355,[ascomycota,ascomycota,Resolved,exact_accepted,1.00,95,argania spinosa (l.) skeels,sideroxylon spinosum,Resolved,synonym_map,0.95,2886244
Relevant,abstract,abstract,0,10.14720/aas.2019.114.1.12,argania spinosa (l.) skeels,basidiomycota] - specific species not provided,roots,present,"endophytic, ectomycorrhiza, pathogenic (putative)",isolated from argania spinosa roots and identified through sequencing of internal transcribed spacer (its).,arid and semi-arid regions of algeria,algeria,abstract-csv,doi_10.14720_aas.2019.114.1.12,Relevant,Abstract,Abstract,Presence,10.14720/aas.2019.114.1.12,0,doi:10.14720/aas.2019.114.1.12,int_c445733ff9dab50c,basidiomycota] - specific species not provided,,Unresolved,no_match,0.00,,argania spinosa (l.) skeels,sideroxylon spinosum,Resolved,synonym_map,0.95,2886244
Relevant,full-text,abstract,0,10.11674/zwyf.18497,oryza sativa (rice),paecilomyces variotii,"seeds and seedlings (aboveground biomass and root weights, total root length, root surface area, root volume, average root diameter)",present,biostimulant or endophytic,"isolated from wild sea buckthorn endophyte, used as biostimulant to alleviate low temperature stress",agricultural production,china,abstract-csv,doi_10.11674_zwyf.18497,Relevant,Full-Text,Full-Text,Presence,10.11674/zwyf.18497,0,doi:10.11674/zwyf.18497,int_d1d1af0a79e614bf,paecilomyces variotii,paecilomyces variotii,Resolved,exact_accepted,1.00,2598185,oryza sativa (rice),oryza sativa,Resolved,exact_accepted,1.00,2703459
Relevant,abstract,abstract,0,10.5958/0974-4614.2019.00034.2,taxus species,NA,NA,present,endophytic,isolated from medicinal plants (taxus species),NA,india,abstract-csv,doi_10.5958_0974-4614.2019.00034.2,Relevant,Abstract,Abstract,Presence,10.5958/0974-4614.2019.00034.2,0,doi:10.5958/0974-4614.2019.00034.2,int_68e24d65a19865b9,NA,,Unresolved,none,0.00,,taxus species,,Unresolved,no_match,0.00,
Relevant,abstract,abstract,0,10.1556/034.61.2019.3-4.5,agonimia pacifica,phyllopsora sp. kolri,thalli,present,endophytic (based on context of 'extraneous mycobiont dna'),presence of 'extraneous mycobiont dna' in thalli of agonimia pacifica and other lichens mentioned,NA,south korea,abstract-csv,doi_10.1556_034.61.2019.3-4.5,Relevant,Abstract,Abstract,Presence,10.1556/034.61.2019.3-4.5,0,doi:10.1556/034.61.2019.3-4.5,int_198c24f4c0b46391,phyllopsora sp. kolri,phyllopsora,Resolved,exact_accepted,1.00,2608303,agonimia pacifica,agonimia pacifica,Resolved,exact_accepted,1.00,3473621
Relevant,abstract,abstract,0,10.1556/034.61.2019.3-4.5,agonimia pacifica,biatora longispora,thalli,present,endophytic (based on context of 'extraneous mycobiont dna'),presence of 'extraneous mycobiont dna' in thalli of agonimia pacifica and other lichens mentioned,NA,south korea,abstract-csv,doi_10.1556_034.61.2019.3-4.5,Relevant,Abstract,Abstract,Presence,10.1556/034.61.2019.3-4.5,0,doi:10.1556/034.61.2019.3-4.5,int_bbedc744d0be2368,biatora longispora,biatora longispora,Resolved,exact_accepted,1.00,5471998,agonimia pacifica,agonimia pacifica,Resolved,exact_accepted,1.00,3473621
Relevant,full-text,full-text,13,10.1186/s13568-018-0584-5,eucommia ulmoides oliv.,phomopsis sp. xp-8,bark,present,endophytic,isolated from bark,NA,china,full-text,doi_10.1186_s13568-018-0584-5,Relevant,Full-Text,Full-Text,Presence,10.1186/s13568-018-0584-5,13,doi:10.1186/s13568-018-0584-5,int_07f1fe81d2632623,phomopsis sp. xp-8,phomopsis,Resolved,exact_accepted,1.00,2577612,eucommia ulmoides oliv.,eucommia ulmoides,Resolved,exact_accepted,1.00,3723584
Relevant,abstract,abstract,0,10.1016/j.micpath.2018.09.044,phaseolus vulgaris l.,[beauveria sp.,"root, stem, leaves",present,endophytic,isolated from inoculated plants at 7 and 14 days post inoculation,NA,NA,abstract-csv,doi_10.1016_j.micpath.2018.09.044,Relevant,Abstract,Abstract,Presence,10.1016/j.micpath.2018.09.044,0,doi:10.1016/j.micpath.2018.09.044,int_75fc69267e854964,[beauveria sp.,beauveria,Resolved,exact_accepted,1.00,2560584,phaseolus vulgaris l.,phaseolus vulgaris,Resolved,exact_accepted,1.00,5350452
Relevant,abstract,abstract,0,10.1016/j.micpath.2018.09.044,phaseolus vulgaris l.,isaria sp.,"root, stem, leaves",present,endophytic,isolated from inoculated plants at 7 and 14 days post inoculation,NA,NA,abstract-csv,doi_10.1016_j.micpath.2018.09.044,Relevant,Abstract,Abstract,Presence,10.1016/j.micpath.2018.09.044,0,doi:10.1016/j.micpath.2018.09.044,int_7758fa859ddd62e5,isaria sp.,isaria,Resolved,exact_accepted,1.00,5237309,phaseolus vulgaris l.,phaseolus vulgaris,Resolved,exact_accepted,1.00,5350452
Relevant,abstract,abstract,0,10.1016/j.micpath.2018.09.044,phaseolus vulgaris l.,lecanicillium sp.],"root, stem, leaves",present,endophytic,isolated from inoculated plants at 7 and 14 days post inoculation,NA,NA,abstract-csv,doi_10.1016_j.micpath.2018.09.044,Relevant,Abstract,Abstract,Presence,10.1016/j.micpath.2018.09.044,0,doi:10.1016/j.micpath.2018.09.044,int_4ed3256a1b02f8ca,lecanicillium sp.],lecanicillium,Resolved,exact_accepted,1.00,2560711,phaseolus vulgaris l.,phaseolus vulgaris,Resolved,exact_accepted,1.00,5350452
Relevant,abstract,abstract,0,10.21829/abm126.2019.1432,fagus mexicana,coccomyces coronatus,leaf,present,endophytic,"isolated from leaves in zacualtipan de angeles, hidalgo and honey, puebla.",cloud forests,mexico,abstract-csv,doi_10.21829_abm126.2019.1432,Relevant,Abstract,Abstract,Presence,10.21829/abm126.2019.1432,0,doi:10.21829/abm126.2019.1432,int_766610c6eb78f41e,coccomyces coronatus,coccomyces coronatus,Resolved,exact_accepted,1.00,2579359,fagus mexicana,fagus grandifolia mexicana,Resolved,synonym_map,0.95,2882298
Relevant,abstract,abstract,0,10.1016/j.fm.2018.06.014,solanum lycopersicum (cherry tomatoes),hypoxylon anthochroum,NA,present,mycofumigation agent,isolated from cherry tomatoes and used for postharvest mycofumigation,NA,NA,abstract-csv,doi_10.1016_j.fm.2018.06.014,Relevant,Abstract,Abstract,Presence,10.1016/j.fm.2018.06.014,0,doi:10.1016/j.fm.2018.06.014,int_92fe2a3c0110776d,hypoxylon anthochroum,hypoxylon anthochroum,Resolved,exact_accepted,1.00,5254813,solanum lycopersicum (cherry tomatoes),solanum lycopersicum,Resolved,exact_accepted,1.00,2930137
Relevant,full-text,full-text,6,10.7324/japs.2018.81204,sapindus saponaria l.,cochliobolus sp. g2-20,leaf,present,endophytic,isolated from inside the leaf tissue of s. saponaria,NA,brazil,full-text,doi_10.7324_japs.2018.81204,Relevant,Full-Text,Full-Text,Presence,10.7324/japs.2018.81204,6,doi:10.7324/japs.2018.81204,int_ac525ffc31327618,cochliobolus sp. g2-20,cochliobolus,Resolved,exact_accepted,1.00,2615883,sapindus saponaria l.,sapindus saponaria,Resolved,exact_accepted,1.00,8017915
Relevant,abstract,abstract,0,10.1080/14786419.2017.1385023,NA,trichoderma sp. 307,NA,present,endophytic,"isolated from mangrove, co-cultured with acinetobacter johnsonii b2",mangrove,NA,abstract-csv,doi_10.1080_14786419.2017.1385023,Relevant,Abstract,Abstract,Presence,10.1080/14786419.2017.1385023,0,doi:10.1080/14786419.2017.1385023,int_723bd8df25eee747,trichoderma sp. 307,trichoderma,Resolved,exact_accepted,1.00,7703803,NA,,Unresolved,none,0.00,
Relevant,abstract,abstract,0,10.1016/j.btre.2018.e00282,endemic medicinal plants (not specified at species level),cladosporium delicatulum,"leaves, stem cuttings",present,endophytic,isolated from infected leaves and stem cuttings of endemic plants. identified using molecular identification methods.,eastern ghats (india),india,abstract-csv,doi_10.1016_j.btre.2018.e00282,Relevant,Abstract,Abstract,Presence,10.1016/j.btre.2018.e00282,0,doi:10.1016/j.btre.2018.e00282,int_1b1ad5248d892a59,cladosporium delicatulum,cladosporium delicatulum,Resolved,exact_accepted,1.00,3502008,endemic medicinal plants (not specified at species level),,Unresolved,no_match,0.00,
Relevant,abstract,abstract,0,10.14720/aas.2019.113.1.16,NA,mycorrhizal fungi,soil,present,"mutualistic, mycorrhizal",helps plants to overcome abiotic and biotic stress through growth promotion and induced resistance.,NA,slovenia,abstract-csv,doi_10.14720_aas.2019.113.1.16,Relevant,Abstract,Abstract,Presence,10.14720/aas.2019.113.1.16,0,doi:10.14720/aas.2019.113.1.16,int_2dff8bdd329ad265,mycorrhizal fungi,,Unresolved,no_match,0.00,,NA,,Unresolved,none,0.00,
Relevant,abstract,abstract,0,10.18257/raccefn788,mangifera indica l.,colletotrichum sp.,"leaves, branches",present,pathogenic (endophytic),"isolated from leaves and branches, induced lesions in fruits.",NA,colombia,abstract-csv,doi_10.18257_raccefn788,Relevant,Abstract,Abstract,Presence,10.18257/raccefn788,0,doi:10.18257/raccefn788,int_7c3833f1c0842745,colletotrichum sp.,colletotrichum,Resolved,exact_accepted,1.00,2563219,mangifera indica l.,mangifera indica,Resolved,exact_accepted,1.00,3190638
Relevant,full-text,abstract,0,10.1371/journal.pone.0211225,vitis vinifera (grapevine),streptomyces sp.,root,present,biocontrol agent,"isolated from grapevine plants, shown to reduce infection rate of fungal pathogens involved in young grapevine decline.",NA,NA,abstract-csv,doi_10.1371_journal.pone.0211225,Relevant,Full-Text,Full-Text,Presence,10.1371/journal.pone.0211225,0,doi:10.1371/journal.pone.0211225,int_b566c2f4c275d0a4,streptomyces sp.,,Unresolved,non_target_kingdom,0.00,,vitis vinifera (grapevine),vitis vinifera,Resolved,exact_accepted,1.00,5372392
Relevant,abstract,abstract,0,10.13287/j.1001-9332.201812.040,achnatherum sibiricum,[epichlo sibiricum,"root, leaf (fresh and dead)",present,endophytic,affects spore germination of arbuscular mycorrhizal fungi (glomus mosseae and glomus etunicatum) by affecting root exudates.,grassland,NA,abstract-csv,doi_10.13287_j.1001-9332.201812.040,Relevant,Abstract,Abstract,Presence,10.13287/j.1001-9332.201812.040,0,doi:10.13287/j.1001-9332.201812.040,int_1c1b723b4f4dd608,[epichlo sibiricum,,Unresolved,no_match,0.00,,achnatherum sibiricum,achnatherum sibiricum,Resolved,exact_accepted,1.00,4141276
Relevant,abstract,abstract,0,10.13287/j.1001-9332.201812.040,achnatherum sibiricum,epichlo gansuensis],"root, leaf (fresh and dead)",present,endophytic,affects spore germination of arbuscular mycorrhizal fungi (glomus mosseae and glomus etunicatum) by affecting root exudates.,grassland,NA,abstract-csv,doi_10.13287_j.1001-9332.201812.040,Relevant,Abstract,Abstract,Presence,10.13287/j.1001-9332.201812.040,0,doi:10.13287/j.1001-9332.201812.040,int_4ac0eecfaa054678,epichlo gansuensis],,Unresolved,no_match,0.00,,achnatherum sibiricum,achnatherum sibiricum,Resolved,exact_accepted,1.00,4141276
Relevant,abstract,abstract,0,10.1080/14786419.2017.1380011,eichhornia azurea (kunth),endophytic bipolaris sp.,not specified in the text,present,endophytic,isolated from aquatic macrophyte eichhornia azurea,aquatic,not specified in the text,abstract-csv,doi_10.1080_14786419.2017.1380011,Relevant,Abstract,Abstract,Presence,10.1080/14786419.2017.1380011,0,doi:10.1080/14786419.2017.1380011,int_f201d5859ff8e4c6,endophytic bipolaris sp.,,Unresolved,no_match,0.00,,eichhornia azurea (kunth),pontederia azurea,Resolved,synonym_map,0.95,7494501
Relevant,abstract,abstract,0,10.4489/kjm.20190023,camellia japonica,cladosporium anthropophilum,leaves,present,endophytic,isolated from leaves of four woody plants.,NA,korea,abstract-csv,doi_10.4489_kjm.20190023,Relevant,Abstract,Abstract,Presence,10.4489/kjm.20190023,0,doi:10.4489/kjm.20190023,int_19d4edfe0fb2af20,cladosporium anthropophilum,cladosporium anthropophilum,Resolved,exact_accepted,1.00,9681830,camellia japonica,camellia japonica,Resolved,exact_accepted,1.00,3189636
Relevant,abstract,abstract,0,10.4489/kjm.20190023,camellia japonica,cladosporium pseudocladosporioides,leaves,present,endophytic,isolated from leaves of four woody plants.,NA,korea,abstract-csv,doi_10.4489_kjm.20190023,Relevant,Abstract,Abstract,Presence,10.4489/kjm.20190023,0,doi:10.4489/kjm.20190023,int_1d580a4fbbbb4eee,cladosporium pseudocladosporioides,cladosporium pseudocladosporioides,Resolved,exact_accepted,1.00,7569668,camellia japonica,camellia japonica,Resolved,exact_accepted,1.00,3189636
Relevant,abstract,abstract,0,10.4489/kjm.20190023,camellia japonica,daldinia eschscholtzii,leaves,present,endophytic,isolated from leaves of four woody plants.,NA,korea,abstract-csv,doi_10.4489_kjm.20190023,Relevant,Abstract,Abstract,Presence,10.4489/kjm.20190023,0,doi:10.4489/kjm.20190023,int_14830937d4c4c04c,daldinia eschscholtzii,daldinia eschscholtzii,Resolved,exact_accepted,1.00,7968541,camellia japonica,camellia japonica,Resolved,exact_accepted,1.00,3189636
Relevant,abstract,abstract,0,10.4489/kjm.20190023,camellia japonica,nigrospora chinensis,leaves,present,endophytic,isolated from leaves of four woody plants.,NA,korea,abstract-csv,doi_10.4489_kjm.20190023,Relevant,Abstract,Abstract,Presence,10.4489/kjm.20190023,0,doi:10.4489/kjm.20190023,int_21b986ec6080a036,nigrospora chinensis,nigrospora chinensis,Resolved,exact_accepted,1.00,10840156,camellia japonica,camellia japonica,Resolved,exact_accepted,1.00,3189636
Relevant,abstract,abstract,0,10.4489/kjm.20190023,ginkgo biloba,cladosporium anthropophilum,leaves,present,endophytic,isolated from leaves of four woody plants.,NA,korea,abstract-csv,doi_10.4489_kjm.20190023,Relevant,Abstract,Abstract,Presence,10.4489/kjm.20190023,0,doi:10.4489/kjm.20190023,int_291fe7ba05c38064,cladosporium anthropophilum,cladosporium anthropophilum,Resolved,exact_accepted,1.00,9681830,ginkgo biloba,ginkgo biloba,Resolved,exact_accepted,1.00,2687885
Relevant,abstract,abstract,0,10.4489/kjm.20190023,ginkgo biloba,cladosporium pseudocladosporioides,leaves,present,endophytic,isolated from leaves of four woody plants.,NA,korea,abstract-csv,doi_10.4489_kjm.20190023,Relevant,Abstract,Abstract,Presence,10.4489/kjm.20190023,0,doi:10.4489/kjm.20190023,int_7d28511d676d106e,cladosporium pseudocladosporioides,cladosporium pseudocladosporioides,Resolved,exact_accepted,1.00,7569668,ginkgo biloba,ginkgo biloba,Resolved,exact_accepted,1.00,2687885
Relevant,abstract,abstract,0,10.4489/kjm.20190023,ginkgo biloba,daldinia eschscholtzii,leaves,present,endophytic,isolated from leaves of four woody plants.,NA,korea,abstract-csv,doi_10.4489_kjm.20190023,Relevant,Abstract,Abstract,Presence,10.4489/kjm.20190023,0,doi:10.4489/kjm.20190023,int_c838c481133d973e,daldinia eschscholtzii,daldinia eschscholtzii,Resolved,exact_accepted,1.00,7968541,ginkgo biloba,ginkgo biloba,Resolved,exact_accepted,1.00,2687885
Relevant,abstract,abstract,0,10.4489/kjm.20190023,ginkgo biloba,nigrospora chinensis,leaves,present,endophytic,isolated from leaves of four woody plants.,NA,korea,abstract-csv,doi_10.4489_kjm.20190023,Relevant,Abstract,Abstract,Presence,10.4489/kjm.20190023,0,doi:10.4489/kjm.20190023,int_f07ffdb008eaeddd,nigrospora chinensis,nigrospora chinensis,Resolved,exact_accepted,1.00,10840156,ginkgo biloba,ginkgo biloba,Resolved,exact_accepted,1.00,2687885
Relevant,abstract,abstract,0,10.4489/kjm.20190023,quercus sp.,cladosporium anthropophilum,leaves,present,endophytic,isolated from leaves of four woody plants.,NA,korea,abstract-csv,doi_10.4489_kjm.20190023,Relevant,Abstract,Abstract,Presence,10.4489/kjm.20190023,0,doi:10.4489/kjm.20190023,int_1017d681192e388e,cladosporium anthropophilum,cladosporium anthropophilum,Resolved,exact_accepted,1.00,9681830,quercus sp.,quercus,Resolved,exact_accepted,1.00,2877951
Relevant,abstract,abstract,0,10.4489/kjm.20190023,quercus sp.,cladosporium pseudocladosporioides,leaves,present,endophytic,isolated from leaves of four woody plants.,NA,korea,abstract-csv,doi_10.4489_kjm.20190023,Relevant,Abstract,Abstract,Presence,10.4489/kjm.20190023,0,doi:10.4489/kjm.20190023,int_5887d94055fcc841,cladosporium pseudocladosporioides,cladosporium pseudocladosporioides,Resolved,exact_accepted,1.00,7569668,quercus sp.,quercus,Resolved,exact_accepted,1.00,2877951
Relevant,abstract,abstract,0,10.4489/kjm.20190023,quercus sp.,daldinia eschscholtzii,leaves,present,endophytic,isolated from leaves of four woody plants.,NA,korea,abstract-csv,doi_10.4489_kjm.20190023,Relevant,Abstract,Abstract,Presence,10.4489/kjm.20190023,0,doi:10.4489/kjm.20190023,int_70998ec2a584f60b,daldinia eschscholtzii,daldinia eschscholtzii,Resolved,exact_accepted,1.00,7968541,quercus sp.,quercus,Resolved,exact_accepted,1.00,2877951
Relevant,abstract,abstract,0,10.4489/kjm.20190023,quercus sp.,nigrospora chinensis,leaves,present,endophytic,isolated from leaves of four woody plants.,NA,korea,abstract-csv,doi_10.4489_kjm.20190023,Relevant,Abstract,Abstract,Presence,10.4489/kjm.20190023,0,doi:10.4489/kjm.20190023,int_24390b4d0c58f63e,nigrospora chinensis,nigrospora chinensis,Resolved,exact_accepted,1.00,10840156,quercus sp.,quercus,Resolved,exact_accepted,1.00,2877951
Relevant,abstract,abstract,0,10.4489/kjm.20190023,vitis vinifera,cladosporium anthropophilum,leaves,present,endophytic,isolated from leaves of four woody plants.,NA,korea,abstract-csv,doi_10.4489_kjm.20190023,Relevant,Abstract,Abstract,Presence,10.4489/kjm.20190023,0,doi:10.4489/kjm.20190023,int_b9e0653e04a7376d,cladosporium anthropophilum,cladosporium anthropophilum,Resolved,exact_accepted,1.00,9681830,vitis vinifera,vitis vinifera,Resolved,exact_accepted,1.00,5372392
Relevant,abstract,abstract,0,10.4489/kjm.20190023,vitis vinifera,cladosporium pseudocladosporioides,leaves,present,endophytic,isolated from leaves of four woody plants.,NA,korea,abstract-csv,doi_10.4489_kjm.20190023,Relevant,Abstract,Abstract,Presence,10.4489/kjm.20190023,0,doi:10.4489/kjm.20190023,int_049473193f64e765,cladosporium pseudocladosporioides,cladosporium pseudocladosporioides,Resolved,exact_accepted,1.00,7569668,vitis vinifera,vitis vinifera,Resolved,exact_accepted,1.00,5372392
